asset_id,date,temperature,vibration,oil_quality,partial_discharge,failed
ASSET-D61812A4,2026-03-20,65.22,1.501,82.1,44.1,0
ASSET-D61812A4,2026-03-21,60.61,1.299,72.2,44.6,0
ASSET-D61812A4,2026-03-22,64.1,1.287,77.4,72.3,0
ASSET-D61812A4,2026-03-23,66.72,1.596,81.7,59.0,0
ASSET-D61812A4,2026-03-24,67.57,1.301,75.9,46.8,0
ASSET-D61812A4,2026-03-25,67.01,1.428,74.7,57.3,0
ASSET-D61812A4,2026-03-26,69.83,1.476,83.9,61.7,0
ASSET-D61812A4,2026-03-27,70.14,1.524,89.4,46.6,0
ASSET-D61812A4,2026-03-28,64.16,1.352,81.3,47.5,0
ASSET-D61812A4,2026-03-29,66.13,1.372,82.0,57.1,0
ASSET-D61812A4,2026-03-30,63.78,1.68,85.5,63.4,0
ASSET-D61812A4,2026-03-31,66.55,1.327,75.8,45.0,0
ASSET-D61812A4,2026-04-01,59.8,1.354,77.1,37.7,0
ASSET-D61812A4,2026-04-02,61.38,1.661,76.3,45.0,0
ASSET-D61812A4,2026-04-03,65.89,1.704,80.4,43.8,0
ASSET-D61812A4,2026-04-04,65.1,1.346,86.7,37.3,0
ASSET-D61812A4,2026-04-05,65.91,1.577,83.2,49.6,0
ASSET-D61812A4,2026-04-06,65.42,1.554,82.2,54.2,0
ASSET-D61812A4,2026-04-07,68.26,1.623,78.7,42.1,0
ASSET-D61812A4,2026-04-08,66.32,1.437,73.6,59.7,0
ASSET-D61812A4,2026-04-09,61.03,1.286,80.3,30.6,0
ASSET-D61812A4,2026-04-10,61.99,1.824,89.0,63.7,0
ASSET-D61812A4,2026-04-11,66.09,1.39,77.1,40.2,0
ASSET-D61812A4,2026-04-12,68.2,1.692,81.4,60.6,0
ASSET-D61812A4,2026-04-13,67.64,1.601,77.5,54.6,0
ASSET-D61812A4,2026-04-14,61.74,1.279,80.1,64.3,0
ASSET-D61812A4,2026-04-15,67.0,1.487,74.5,60.6,0
ASSET-D61812A4,2026-04-16,63.56,1.332,84.5,61.7,0
ASSET-D61812A4,2026-04-17,68.26,1.904,82.2,35.3,0
ASSET-D61812A4,2026-04-18,64.84,1.141,79.9,49.8,0
ASSET-D61812A4,2026-04-19,61.27,1.298,81.3,51.5,0
ASSET-D61812A4,2026-04-20,65.11,1.622,82.8,41.9,0
ASSET-D61812A4,2026-04-21,63.8,1.309,82.4,55.7,0
ASSET-D61812A4,2026-04-22,63.94,1.565,74.2,65.7,0
ASSET-D61812A4,2026-04-23,60.75,1.484,86.7,46.1,0
ASSET-D61812A4,2026-04-24,70.35,1.872,75.5,47.3,0
ASSET-D61812A4,2026-04-25,64.43,1.343,86.0,42.6,0
ASSET-D61812A4,2026-04-26,63.09,1.684,79.4,49.2,0
ASSET-D61812A4,2026-04-27,66.24,1.592,74.7,46.1,0
ASSET-D61812A4,2026-04-28,68.34,1.539,83.1,31.4,0
ASSET-D61812A4,2026-04-29,68.31,1.539,78.3,50.9,0
ASSET-D61812A4,2026-04-30,62.82,1.389,88.2,43.0,0
ASSET-D61812A4,2026-05-01,63.82,1.22,89.6,57.7,0
ASSET-D61812A4,2026-05-02,63.43,1.605,78.1,51.5,0
ASSET-D61812A4,2026-05-03,61.64,1.731,78.3,54.8,0
ASSET-D61812A4,2026-05-04,68.61,0.759,87.0,19.3,0
ASSET-D61812A4,2026-05-05,66.7,1.271,83.7,58.6,0
ASSET-D61812A4,2026-05-06,63.31,1.727,81.6,51.5,0
ASSET-D61812A4,2026-05-07,64.57,1.705,78.6,58.2,0
ASSET-D61812A4,2026-05-08,62.26,1.579,76.7,55.5,0
ASSET-D61812A4,2026-05-09,68.58,1.088,69.4,56.2,0
ASSET-D61812A4,2026-05-10,60.71,1.45,71.9,37.0,0
ASSET-D61812A4,2026-05-11,64.72,1.664,91.4,54.3,0
ASSET-D61812A4,2026-05-12,70.11,1.369,76.3,29.7,0
ASSET-D61812A4,2026-05-13,64.14,1.333,82.3,43.8,0
ASSET-D61812A4,2026-05-14,61.7,1.484,80.3,57.1,0
ASSET-D61812A4,2026-05-15,64.33,1.589,85.4,71.9,0
ASSET-D61812A4,2026-05-16,68.5,1.555,75.7,50.9,0
ASSET-D61812A4,2026-05-17,64.65,1.58,75.3,44.7,0
ASSET-D61812A4,2026-05-18,64.18,1.414,75.6,44.7,0
ASSET-D61812A4,2026-05-19,73.0,1.24,80.3,45.7,0
ASSET-D61812A4,2026-05-20,63.87,1.814,89.7,54.3,0
ASSET-D61812A4,2026-05-21,66.41,1.398,83.0,34.2,0
ASSET-D61812A4,2026-05-22,61.62,1.625,65.4,57.6,0
ASSET-D61812A4,2026-05-23,61.62,1.628,76.3,38.7,0
ASSET-D61812A4,2026-05-24,62.77,1.389,79.4,45.7,0
ASSET-D61812A4,2026-05-25,67.04,1.478,82.6,45.7,0
ASSET-D61812A4,2026-05-26,64.49,1.425,74.0,53.9,0
ASSET-D61812A4,2026-05-27,61.62,0.947,79.5,39.7,0
ASSET-D61812A4,2026-05-28,66.45,1.057,75.3,47.7,0
ASSET-D61812A4,2026-05-29,64.89,1.59,72.4,56.0,0
ASSET-D61812A4,2026-05-30,64.63,1.054,80.1,49.4,0
ASSET-D61812A4,2026-05-31,66.99,1.279,84.6,44.0,0
ASSET-D61812A4,2026-06-01,63.12,1.215,74.5,51.1,0
ASSET-D61812A4,2026-06-02,63.44,1.101,79.5,60.5,0
ASSET-D61812A4,2026-06-03,64.61,1.588,82.4,48.9,0
ASSET-D61812A4,2026-06-04,67.35,1.61,83.1,67.0,0
ASSET-D61812A4,2026-06-05,65.39,1.515,80.5,45.9,0
ASSET-D61812A4,2026-06-06,59.89,1.616,81.2,48.5,0
ASSET-D61812A4,2026-06-07,66.64,1.501,79.1,49.7,0
ASSET-D61812A4,2026-06-08,67.15,1.338,81.1,50.9,0
ASSET-D61812A4,2026-06-09,66.06,1.131,77.9,29.6,0
ASSET-D61812A4,2026-06-10,63.74,1.429,73.6,47.1,0
ASSET-D61812A4,2026-06-11,62.67,1.624,77.6,48.9,0
ASSET-D61812A4,2026-06-12,64.28,1.555,83.3,35.0,0
ASSET-D61812A4,2026-06-13,67.08,1.245,81.6,62.3,0
ASSET-D61812A4,2026-06-14,66.1,1.158,74.7,55.6,0
ASSET-D61812A4,2026-06-15,63.3,1.485,78.2,56.4,0
ASSET-D61812A4,2026-06-16,61.5,1.605,75.2,64.0,0
ASSET-D61812A4,2026-06-17,64.91,1.594,92.7,49.5,0
ASSET-D61812A4,2026-06-18,66.52,1.792,68.0,40.5,0
ASSET-D61812A4,2026-06-19,66.41,1.625,89.6,51.0,0
ASSET-D61812A4,2026-06-20,68.47,1.673,80.9,39.0,0
ASSET-D61812A4,2026-06-21,64.36,1.679,82.4,64.5,0
ASSET-D61812A4,2026-06-22,66.5,1.735,78.5,43.5,0
ASSET-D61812A4,2026-06-23,66.33,1.418,84.1,68.4,0
ASSET-D61812A4,2026-06-24,61.91,0.889,77.9,42.2,0
ASSET-D61812A4,2026-06-25,68.05,1.399,69.2,58.2,0
ASSET-D61812A4,2026-06-26,64.19,1.424,72.6,56.0,0
ASSET-D61812A4,2026-06-27,66.09,1.607,75.3,55.0,0
ASSET-D61812A4,2026-06-28,64.75,1.796,86.3,57.1,0
ASSET-D61812A4,2026-06-29,65.47,1.188,81.5,62.3,0
ASSET-D61812A4,2026-06-30,65.74,1.93,85.5,53.1,0
ASSET-D61812A4,2026-07-01,66.96,1.336,77.5,38.2,0
ASSET-D61812A4,2026-07-02,66.59,1.224,75.7,44.4,0
ASSET-D61812A4,2026-07-03,62.05,1.505,71.2,59.0,0
ASSET-D61812A4,2026-07-04,61.98,1.389,74.5,65.0,0
ASSET-D61812A4,2026-07-05,68.94,0.978,81.2,54.0,0
ASSET-D61812A4,2026-07-06,61.42,1.353,83.7,43.6,0
ASSET-D61812A4,2026-07-07,62.19,1.507,82.3,39.9,0
ASSET-D61812A4,2026-07-08,66.01,1.227,81.8,42.6,0
ASSET-D61812A4,2026-07-09,64.11,1.805,77.8,50.1,0
ASSET-D61812A4,2026-07-10,67.06,1.608,75.8,37.3,0
ASSET-D61812A4,2026-07-11,68.35,1.44,88.5,65.8,0
ASSET-D61812A4,2026-07-12,64.19,1.477,74.8,61.2,0
ASSET-D61812A4,2026-07-13,65.0,1.717,75.5,80.7,0
ASSET-D61812A4,2026-07-14,66.44,1.623,79.5,54.6,0
ASSET-D61812A4,2026-07-15,62.73,1.494,87.9,42.5,0
ASSET-D61812A4,2026-07-16,62.2,1.871,77.9,35.6,0
ASSET-D61812A4,2026-07-17,65.04,1.603,77.0,50.2,0
ASSET-D61812A4,2026-07-18,63.9,1.433,82.9,59.2,0
ASSET-D61812A4,2026-07-19,67.43,1.39,76.4,33.2,0
ASSET-D61812A4,2026-07-20,68.47,1.614,62.0,69.9,0
ASSET-D61812A4,2026-07-21,65.26,1.504,74.8,43.2,0
ASSET-D61812A4,2026-07-22,61.96,1.537,79.0,52.5,0
ASSET-D61812A4,2026-07-23,68.43,1.293,86.8,36.2,0
ASSET-D61812A4,2026-07-24,64.66,1.297,76.7,59.1,0
ASSET-D61812A4,2026-07-25,66.43,1.301,82.5,25.2,0
ASSET-D61812A4,2026-07-26,63.98,1.7,81.9,46.3,0
ASSET-D61812A4,2026-07-27,63.93,1.581,74.7,58.8,0
ASSET-D61812A4,2026-07-28,62.23,1.541,77.4,52.2,0
ASSET-D61812A4,2026-07-29,65.82,1.46,83.1,36.0,0
ASSET-D61812A4,2026-07-30,55.91,1.421,78.3,45.7,0
ASSET-D61812A4,2026-07-31,66.79,1.556,80.2,46.7,0
ASSET-D61812A4,2026-08-01,60.74,1.023,80.0,49.3,0
ASSET-D61812A4,2026-08-02,66.13,1.146,78.7,35.0,0
ASSET-D61812A4,2026-08-03,58.05,1.39,78.8,46.5,0
ASSET-D61812A4,2026-08-04,65.91,1.485,80.9,54.6,0
ASSET-D61812A4,2026-08-05,65.44,1.466,78.1,53.6,0
ASSET-D61812A4,2026-08-06,65.9,1.342,75.6,50.9,0
ASSET-D61812A4,2026-08-07,68.02,1.715,81.3,71.5,0
ASSET-D61812A4,2026-08-08,67.83,1.31,80.8,32.7,0
ASSET-D61812A4,2026-08-09,70.05,1.534,79.8,54.0,0
ASSET-D61812A4,2026-08-10,62.19,1.531,84.6,52.0,0
ASSET-D61812A4,2026-08-11,65.57,1.438,77.8,58.9,0
ASSET-D61812A4,2026-08-12,68.47,1.582,76.9,64.6,0
ASSET-D61812A4,2026-08-13,68.99,1.177,96.4,56.9,0
ASSET-D61812A4,2026-08-14,63.27,1.312,86.9,65.8,0
ASSET-D61812A4,2026-08-15,67.89,1.345,75.2,36.7,0
ASSET-D61812A4,2026-08-16,64.22,1.677,82.1,49.0,0
ASSET-D61812A4,2026-08-17,67.47,1.568,84.6,42.8,0
ASSET-D61812A4,2026-08-18,66.32,1.582,83.5,35.5,0
ASSET-D61812A4,2026-08-19,69.95,1.428,78.2,54.7,0
ASSET-D61812A4,2026-08-20,66.15,1.974,78.4,68.7,0
ASSET-D61812A4,2026-08-21,71.31,1.646,76.3,77.0,0
ASSET-D61812A4,2026-08-22,65.56,2.365,74.2,86.5,0
ASSET-D61812A4,2026-08-23,71.42,2.354,77.3,101.0,0
ASSET-D61812A4,2026-08-24,65.5,2.419,78.9,86.5,0
ASSET-D61812A4,2026-08-25,69.43,2.281,75.0,95.8,0
ASSET-D61812A4,2026-08-26,69.45,2.671,66.5,129.8,0
ASSET-D61812A4,2026-08-27,76.81,2.721,77.0,116.1,0
ASSET-D61812A4,2026-08-28,76.94,2.244,65.0,155.7,0
ASSET-D61812A4,2026-08-29,77.32,2.544,68.3,121.7,0
ASSET-D61812A4,2026-08-30,71.55,3.266,77.8,163.3,0
ASSET-D61812A4,2026-08-31,78.68,2.938,63.4,144.3,0
ASSET-D61812A4,2026-09-01,79.17,2.933,69.5,144.5,0
ASSET-D61812A4,2026-09-02,82.34,3.005,63.5,136.3,0
ASSET-D61812A4,2026-09-03,74.56,3.636,62.1,168.2,0
ASSET-D61812A4,2026-09-04,84.9,2.832,57.9,166.3,0
ASSET-D61812A4,2026-09-05,76.54,3.798,66.6,180.6,0
ASSET-D61812A4,2026-09-06,74.64,4.094,65.3,156.4,0
ASSET-D61812A4,2026-09-07,85.92,3.479,62.7,199.7,0
ASSET-D61812A4,2026-09-08,87.3,3.981,59.9,179.9,0
ASSET-D61812A4,2026-09-09,85.75,3.317,63.6,165.5,0
ASSET-D61812A4,2026-09-10,85.94,4.169,56.0,207.5,0
ASSET-D61812A4,2026-09-11,90.15,4.796,53.2,164.7,0
ASSET-D61812A4,2026-09-12,85.95,4.406,61.2,212.6,0
ASSET-D61812A4,2026-09-13,86.47,5.0,56.4,227.7,0
ASSET-D61812A4,2026-09-14,92.02,3.41,62.9,270.9,0
ASSET-D61812A4,2026-09-15,92.33,5.252,58.3,199.9,1
ASSET-78350D21,2026-03-20,65.6,1.41,79.8,32.3,0
ASSET-78350D21,2026-03-21,67.86,1.78,73.1,49.5,0
ASSET-78350D21,2026-03-22,67.36,1.541,72.3,44.0,0
ASSET-78350D21,2026-03-23,69.36,1.712,75.1,42.9,0
ASSET-78350D21,2026-03-24,65.34,1.359,80.4,59.4,0
ASSET-78350D21,2026-03-25,65.51,1.35,77.6,56.5,0
ASSET-78350D21,2026-03-26,69.22,1.168,81.8,44.9,0
ASSET-78350D21,2026-03-27,67.56,1.626,83.1,53.1,0
ASSET-78350D21,2026-03-28,67.67,1.206,74.2,60.3,0
ASSET-78350D21,2026-03-29,69.22,1.309,75.1,56.3,0
ASSET-78350D21,2026-03-30,63.86,1.654,66.0,62.1,0
ASSET-78350D21,2026-03-31,65.8,1.774,84.0,68.3,0
ASSET-78350D21,2026-04-01,66.99,1.415,78.8,41.1,0
ASSET-78350D21,2026-04-02,61.08,1.213,85.6,42.2,0
ASSET-78350D21,2026-04-03,65.58,1.54,85.0,42.7,0
ASSET-78350D21,2026-04-04,65.37,1.023,79.3,41.0,0
ASSET-78350D21,2026-04-05,69.43,1.439,82.5,52.9,0
ASSET-78350D21,2026-04-06,66.17,1.467,74.3,37.3,0
ASSET-78350D21,2026-04-07,64.89,1.826,73.0,63.0,0
ASSET-78350D21,2026-04-08,63.72,1.154,76.7,41.5,0
ASSET-78350D21,2026-04-09,64.6,1.688,76.8,50.0,0
ASSET-78350D21,2026-04-10,65.16,1.915,77.1,59.6,0
ASSET-78350D21,2026-04-11,66.9,1.501,79.5,53.4,0
ASSET-78350D21,2026-04-12,68.49,1.715,86.4,56.0,0
ASSET-78350D21,2026-04-13,58.86,1.34,80.0,46.7,0
ASSET-78350D21,2026-04-14,59.95,1.694,83.4,61.3,0
ASSET-78350D21,2026-04-15,65.19,1.422,83.4,33.4,0
ASSET-78350D21,2026-04-16,64.89,1.352,88.0,39.4,0
ASSET-78350D21,2026-04-17,65.81,1.503,78.3,52.2,0
ASSET-78350D21,2026-04-18,65.71,1.357,82.9,41.0,0
ASSET-78350D21,2026-04-19,65.74,1.16,80.2,61.4,0
ASSET-78350D21,2026-04-20,61.81,1.577,78.0,49.6,0
ASSET-78350D21,2026-04-21,64.0,1.529,73.8,49.8,0
ASSET-78350D21,2026-04-22,62.37,1.613,86.0,45.8,0
ASSET-78350D21,2026-04-23,65.74,1.783,76.8,64.6,0
ASSET-78350D21,2026-04-24,59.55,1.563,74.1,39.6,0
ASSET-78350D21,2026-04-25,62.45,1.427,85.2,32.0,0
ASSET-78350D21,2026-04-26,65.64,1.419,81.5,59.0,0
ASSET-78350D21,2026-04-27,63.52,1.66,88.0,54.5,0
ASSET-78350D21,2026-04-28,66.01,1.514,76.4,50.9,0
ASSET-78350D21,2026-04-29,69.09,1.14,81.1,43.4,0
ASSET-78350D21,2026-04-30,60.92,1.58,70.4,44.7,0
ASSET-78350D21,2026-05-01,59.97,1.676,85.7,33.8,0
ASSET-78350D21,2026-05-02,64.21,1.595,79.5,60.6,0
ASSET-78350D21,2026-05-03,69.24,1.559,81.1,52.1,0
ASSET-78350D21,2026-05-04,61.89,1.34,86.3,56.3,0
ASSET-78350D21,2026-05-05,65.33,1.826,77.1,43.5,0
ASSET-78350D21,2026-05-06,68.33,1.727,79.8,33.9,0
ASSET-78350D21,2026-05-07,62.63,1.208,86.9,43.5,0
ASSET-78350D21,2026-05-08,66.93,1.556,84.4,39.8,0
ASSET-78350D21,2026-05-09,64.65,1.57,81.7,40.6,0
ASSET-78350D21,2026-05-10,67.45,1.267,92.1,45.9,0
ASSET-78350D21,2026-05-11,63.99,1.353,74.6,56.6,0
ASSET-78350D21,2026-05-12,68.17,1.268,72.6,55.1,0
ASSET-78350D21,2026-05-13,67.67,1.275,82.0,50.0,0
ASSET-78350D21,2026-05-14,65.25,1.594,87.8,46.5,0
ASSET-78350D21,2026-05-15,61.93,1.694,80.9,41.3,0
ASSET-78350D21,2026-05-16,63.74,1.446,84.2,58.1,0
ASSET-78350D21,2026-05-17,61.67,1.719,77.1,41.9,0
ASSET-78350D21,2026-05-18,64.99,1.22,79.7,72.9,0
ASSET-78350D21,2026-05-19,63.06,1.4,76.5,46.4,0
ASSET-78350D21,2026-05-20,61.4,1.716,92.4,31.9,0
ASSET-78350D21,2026-05-21,65.13,1.599,77.0,53.2,0
ASSET-78350D21,2026-05-22,67.28,1.685,75.6,51.2,0
ASSET-78350D21,2026-05-23,60.57,1.428,77.8,42.2,0
ASSET-78350D21,2026-05-24,65.31,1.366,85.6,46.3,0
ASSET-78350D21,2026-05-25,65.22,1.458,80.1,53.8,0
ASSET-78350D21,2026-05-26,63.33,1.876,74.9,71.0,0
ASSET-78350D21,2026-05-27,63.5,1.747,82.7,61.3,0
ASSET-78350D21,2026-05-28,64.94,1.593,69.9,56.0,0
ASSET-78350D21,2026-05-29,62.81,1.332,76.9,47.2,0
ASSET-78350D21,2026-05-30,62.11,1.485,79.4,47.5,0
ASSET-78350D21,2026-05-31,58.74,1.595,80.6,48.9,0
ASSET-78350D21,2026-06-01,69.16,1.233,70.8,57.1,0
ASSET-78350D21,2026-06-02,71.94,1.445,72.2,55.6,0
ASSET-78350D21,2026-06-03,68.48,1.55,86.6,59.7,0
ASSET-78350D21,2026-06-04,61.29,1.513,78.1,23.0,0
ASSET-78350D21,2026-06-05,61.95,1.813,83.6,28.1,0
ASSET-78350D21,2026-06-06,68.16,1.565,77.0,38.4,0
ASSET-78350D21,2026-06-07,64.52,1.632,84.3,41.4,0
ASSET-78350D21,2026-06-08,64.63,1.364,80.0,57.7,0
ASSET-78350D21,2026-06-09,66.91,1.365,76.5,53.9,0
ASSET-78350D21,2026-06-10,69.12,1.579,82.6,65.8,0
ASSET-78350D21,2026-06-11,69.24,1.547,85.5,40.5,0
ASSET-78350D21,2026-06-12,66.05,1.478,87.7,63.0,0
ASSET-78350D21,2026-06-13,67.02,1.613,75.5,65.9,0
ASSET-78350D21,2026-06-14,61.12,1.578,77.1,43.5,0
ASSET-78350D21,2026-06-15,66.26,1.481,72.8,38.4,0
ASSET-78350D21,2026-06-16,66.8,1.422,77.7,41.0,0
ASSET-78350D21,2026-06-17,67.93,1.764,81.8,41.8,0
ASSET-78350D21,2026-06-18,70.88,1.613,93.0,47.8,0
ASSET-78350D21,2026-06-19,66.46,1.893,86.1,40.8,0
ASSET-78350D21,2026-06-20,61.9,1.142,78.9,49.1,0
ASSET-78350D21,2026-06-21,59.57,1.48,81.8,48.8,0
ASSET-78350D21,2026-06-22,64.51,1.62,89.4,61.9,0
ASSET-78350D21,2026-06-23,64.93,1.642,78.9,42.0,0
ASSET-78350D21,2026-06-24,66.25,1.383,83.4,50.2,0
ASSET-78350D21,2026-06-25,70.69,1.291,82.1,44.9,0
ASSET-78350D21,2026-06-26,61.85,1.78,74.7,58.0,0
ASSET-78350D21,2026-06-27,66.28,1.487,84.3,51.2,0
ASSET-78350D21,2026-06-28,64.42,1.758,78.3,50.0,0
ASSET-78350D21,2026-06-29,67.63,1.605,86.0,50.1,0
ASSET-78350D21,2026-06-30,65.46,1.547,80.0,46.2,0
ASSET-78350D21,2026-07-01,66.58,1.376,84.7,61.8,0
ASSET-78350D21,2026-07-02,71.57,1.12,86.6,46.2,0
ASSET-78350D21,2026-07-03,65.31,1.345,74.8,54.2,0
ASSET-78350D21,2026-07-04,64.14,1.253,71.3,46.2,0
ASSET-78350D21,2026-07-05,65.51,1.679,80.1,53.7,0
ASSET-78350D21,2026-07-06,65.07,1.293,77.4,52.0,0
ASSET-78350D21,2026-07-07,63.01,1.848,81.1,55.3,0
ASSET-78350D21,2026-07-08,64.36,1.61,85.5,52.4,0
ASSET-78350D21,2026-07-09,63.83,1.546,67.5,41.9,0
ASSET-78350D21,2026-07-10,68.37,1.143,90.2,59.6,0
ASSET-78350D21,2026-07-11,62.09,1.84,76.7,46.4,0
ASSET-78350D21,2026-07-12,61.01,1.498,83.2,58.2,0
ASSET-78350D21,2026-07-13,66.12,1.391,84.0,55.0,0
ASSET-78350D21,2026-07-14,60.42,1.506,80.2,67.8,0
ASSET-78350D21,2026-07-15,64.19,1.258,77.0,40.2,0
ASSET-78350D21,2026-07-16,59.31,1.619,74.5,61.6,0
ASSET-78350D21,2026-07-17,64.99,1.676,76.0,45.8,0
ASSET-78350D21,2026-07-18,64.07,1.394,81.0,45.5,0
ASSET-78350D21,2026-07-19,64.71,1.566,79.8,53.8,0
ASSET-78350D21,2026-07-20,66.23,1.21,81.8,55.6,0
ASSET-78350D21,2026-07-21,62.71,1.395,79.0,68.7,0
ASSET-78350D21,2026-07-22,64.33,1.423,82.2,32.8,0
ASSET-78350D21,2026-07-23,63.56,1.77,82.0,41.5,0
ASSET-78350D21,2026-07-24,65.3,1.379,76.0,47.8,0
ASSET-78350D21,2026-07-25,63.01,1.259,80.0,45.9,0
ASSET-78350D21,2026-07-26,69.04,1.471,85.9,51.1,0
ASSET-78350D21,2026-07-27,62.84,1.225,79.1,49.4,0
ASSET-78350D21,2026-07-28,68.68,1.804,83.0,50.3,0
ASSET-78350D21,2026-07-29,64.31,1.373,77.4,44.4,0
ASSET-78350D21,2026-07-30,57.98,1.462,80.7,53.5,0
ASSET-78350D21,2026-07-31,67.55,1.708,88.1,66.5,0
ASSET-78350D21,2026-08-01,65.85,1.276,83.2,58.0,0
ASSET-78350D21,2026-08-02,69.84,1.491,88.2,57.9,0
ASSET-78350D21,2026-08-03,64.27,1.594,79.1,53.0,0
ASSET-78350D21,2026-08-04,61.97,1.277,69.5,53.5,0
ASSET-78350D21,2026-08-05,69.17,1.583,74.7,31.1,0
ASSET-78350D21,2026-08-06,66.97,1.781,76.6,55.0,0
ASSET-78350D21,2026-08-07,62.92,1.522,80.8,42.2,0
ASSET-78350D21,2026-08-08,66.89,1.447,79.4,55.1,0
ASSET-78350D21,2026-08-09,59.68,1.381,70.2,41.4,0
ASSET-78350D21,2026-08-10,66.16,1.775,82.8,41.0,0
ASSET-78350D21,2026-08-11,67.25,1.397,85.0,28.0,0
ASSET-78350D21,2026-08-12,67.59,1.482,74.9,39.9,0
ASSET-78350D21,2026-08-13,66.86,1.794,76.7,43.0,0
ASSET-78350D21,2026-08-14,64.7,1.455,78.0,56.4,0
ASSET-78350D21,2026-08-15,62.85,1.353,78.2,47.1,0
ASSET-78350D21,2026-08-16,60.75,1.967,76.3,57.9,0
ASSET-78350D21,2026-08-17,70.59,1.34,67.8,47.7,0
ASSET-78350D21,2026-08-18,64.03,1.76,72.3,46.9,0
ASSET-78350D21,2026-08-19,64.11,1.422,78.0,35.8,0
ASSET-78350D21,2026-08-20,60.32,1.705,73.3,68.1,0
ASSET-78350D21,2026-08-21,59.3,1.353,72.3,54.9,0
ASSET-78350D21,2026-08-22,61.35,1.948,87.3,60.6,0
ASSET-78350D21,2026-08-23,68.78,1.713,78.5,56.2,0
ASSET-78350D21,2026-08-24,64.03,1.333,81.6,44.7,0
ASSET-78350D21,2026-08-25,65.72,1.363,78.0,51.4,0
ASSET-78350D21,2026-08-26,65.11,1.834,74.2,48.3,0
ASSET-78350D21,2026-08-27,64.0,1.398,75.3,44.7,0
ASSET-78350D21,2026-08-28,64.36,1.474,83.3,57.0,0
ASSET-78350D21,2026-08-29,63.66,1.914,81.0,56.2,0
ASSET-78350D21,2026-08-30,62.91,1.091,86.9,52.1,0
ASSET-78350D21,2026-08-31,64.62,1.666,73.6,52.6,0
ASSET-78350D21,2026-09-01,64.43,1.826,82.0,52.7,0
ASSET-78350D21,2026-09-02,68.86,1.391,84.7,40.1,0
ASSET-78350D21,2026-09-03,65.55,1.559,77.6,48.6,0
ASSET-78350D21,2026-09-04,64.3,1.158,84.1,52.8,0
ASSET-78350D21,2026-09-05,65.2,1.826,77.5,54.5,0
ASSET-78350D21,2026-09-06,66.43,1.474,82.3,49.1,0
ASSET-78350D21,2026-09-07,63.3,1.803,80.1,50.3,0
ASSET-78350D21,2026-09-08,58.92,1.768,77.2,50.4,0
ASSET-78350D21,2026-09-09,65.7,1.542,71.6,45.2,0
ASSET-78350D21,2026-09-10,66.04,1.362,79.4,45.3,0
ASSET-78350D21,2026-09-11,63.74,1.634,65.5,70.8,0
ASSET-78350D21,2026-09-12,67.45,1.614,74.8,48.6,0
ASSET-78350D21,2026-09-13,62.48,1.569,79.8,60.0,0
ASSET-78350D21,2026-09-14,66.3,1.626,74.9,27.7,0
ASSET-78350D21,2026-09-15,74.65,1.42,73.5,39.6,0
ASSET-864C4C06,2026-03-20,66.49,1.849,82.5,20.6,0
ASSET-864C4C06,2026-03-21,66.17,1.717,76.2,61.2,0
ASSET-864C4C06,2026-03-22,66.75,1.345,82.3,57.7,0
ASSET-864C4C06,2026-03-23,54.74,1.624,79.7,57.1,0
ASSET-864C4C06,2026-03-24,67.04,1.399,83.9,44.5,0
ASSET-864C4C06,2026-03-25,63.97,1.555,74.0,62.6,0
ASSET-864C4C06,2026-03-26,66.3,1.194,79.3,67.7,0
ASSET-864C4C06,2026-03-27,62.53,1.852,73.6,46.7,0
ASSET-864C4C06,2026-03-28,65.11,1.896,78.9,57.3,0
ASSET-864C4C06,2026-03-29,69.88,1.926,88.8,41.3,0
ASSET-864C4C06,2026-03-30,65.4,1.255,77.1,42.2,0
ASSET-864C4C06,2026-03-31,61.48,1.422,73.7,32.1,0
ASSET-864C4C06,2026-04-01,65.14,1.356,84.7,45.3,0
ASSET-864C4C06,2026-04-02,59.78,1.653,75.5,55.3,0
ASSET-864C4C06,2026-04-03,62.06,1.382,83.9,61.6,0
ASSET-864C4C06,2026-04-04,62.88,1.516,79.9,46.8,0
ASSET-864C4C06,2026-04-05,62.75,1.641,91.7,49.9,0
ASSET-864C4C06,2026-04-06,62.06,1.589,80.3,35.9,0
ASSET-864C4C06,2026-04-07,66.94,1.75,80.5,61.8,0
ASSET-864C4C06,2026-04-08,63.03,1.239,77.0,44.3,0
ASSET-864C4C06,2026-04-09,66.84,1.197,76.4,58.0,0
ASSET-864C4C06,2026-04-10,65.04,1.481,84.3,45.1,0
ASSET-864C4C06,2026-04-11,59.9,1.736,80.4,51.6,0
ASSET-864C4C06,2026-04-12,63.74,1.328,75.4,47.0,0
ASSET-864C4C06,2026-04-13,63.82,1.397,70.5,55.1,0
ASSET-864C4C06,2026-04-14,61.24,1.561,82.8,37.7,0
ASSET-864C4C06,2026-04-15,69.29,1.602,77.6,47.6,0
ASSET-864C4C06,2026-04-16,63.12,1.454,85.0,50.1,0
ASSET-864C4C06,2026-04-17,65.9,1.545,74.9,54.5,0
ASSET-864C4C06,2026-04-18,65.12,1.496,77.7,42.7,0
ASSET-864C4C06,2026-04-19,60.3,1.723,85.5,47.3,0
ASSET-864C4C06,2026-04-20,67.66,1.673,86.5,56.6,0
ASSET-864C4C06,2026-04-21,66.67,1.738,73.1,62.9,0
ASSET-864C4C06,2026-04-22,61.14,1.392,79.5,47.7,0
ASSET-864C4C06,2026-04-23,62.3,1.498,85.0,43.7,0
ASSET-864C4C06,2026-04-24,69.01,1.554,73.9,51.3,0
ASSET-864C4C06,2026-04-25,60.69,1.368,83.8,35.3,0
ASSET-864C4C06,2026-04-26,64.41,1.26,83.3,37.4,0
ASSET-864C4C06,2026-04-27,59.25,1.386,86.2,41.2,0
ASSET-864C4C06,2026-04-28,68.97,1.601,77.6,50.6,0
ASSET-864C4C06,2026-04-29,69.35,1.664,84.9,43.0,0
ASSET-864C4C06,2026-04-30,67.55,1.495,81.0,44.8,0
ASSET-864C4C06,2026-05-01,66.36,1.446,78.5,51.6,0
ASSET-864C4C06,2026-05-02,61.64,1.492,77.9,54.9,0
ASSET-864C4C06,2026-05-03,67.43,1.47,80.7,58.0,0
ASSET-864C4C06,2026-05-04,67.52,1.624,79.0,53.0,0
ASSET-864C4C06,2026-05-05,63.86,1.851,82.2,64.5,0
ASSET-864C4C06,2026-05-06,66.3,1.597,80.3,55.4,0
ASSET-864C4C06,2026-05-07,63.56,1.448,85.9,45.2,0
ASSET-864C4C06,2026-05-08,63.21,1.405,81.4,57.0,0
ASSET-864C4C06,2026-05-09,67.34,1.211,78.9,55.4,0
ASSET-864C4C06,2026-05-10,64.94,1.606,76.1,50.7,0
ASSET-864C4C06,2026-05-11,66.51,1.307,81.0,48.3,0
ASSET-864C4C06,2026-05-12,60.21,1.594,94.0,55.4,0
ASSET-864C4C06,2026-05-13,66.25,1.335,84.8,42.4,0
ASSET-864C4C06,2026-05-14,63.5,1.255,85.1,64.8,0
ASSET-864C4C06,2026-05-15,67.15,1.279,83.3,62.1,0
ASSET-864C4C06,2026-05-16,67.15,1.819,85.4,49.4,0
ASSET-864C4C06,2026-05-17,65.37,1.591,85.3,59.8,0
ASSET-864C4C06,2026-05-18,70.21,1.675,80.4,39.2,0
ASSET-864C4C06,2026-05-19,61.06,1.451,74.8,51.3,0
ASSET-864C4C06,2026-05-20,65.76,1.509,79.2,67.1,0
ASSET-864C4C06,2026-05-21,67.33,1.346,85.8,50.3,0
ASSET-864C4C06,2026-05-22,67.63,1.483,79.2,29.3,0
ASSET-864C4C06,2026-05-23,64.36,1.664,77.7,31.3,0
ASSET-864C4C06,2026-05-24,63.1,1.098,77.6,58.6,0
ASSET-864C4C06,2026-05-25,68.04,1.228,89.0,53.6,0
ASSET-864C4C06,2026-05-26,68.03,1.573,78.0,50.5,0
ASSET-864C4C06,2026-05-27,66.49,1.666,87.6,40.2,0
ASSET-864C4C06,2026-05-28,63.89,1.661,76.3,65.2,0
ASSET-864C4C06,2026-05-29,60.07,1.301,75.1,46.9,0
ASSET-864C4C06,2026-05-30,61.34,1.112,78.1,63.8,0
ASSET-864C4C06,2026-05-31,64.24,1.949,78.6,49.1,0
ASSET-864C4C06,2026-06-01,65.33,1.592,84.7,50.0,0
ASSET-864C4C06,2026-06-02,70.03,1.833,85.3,46.7,0
ASSET-864C4C06,2026-06-03,64.22,1.925,80.9,53.8,0
ASSET-864C4C06,2026-06-04,63.74,1.336,85.6,41.9,0
ASSET-864C4C06,2026-06-05,66.21,1.537,78.5,35.6,0
ASSET-864C4C06,2026-06-06,65.24,1.949,74.6,37.1,0
ASSET-864C4C06,2026-06-07,63.78,1.408,80.5,64.6,0
ASSET-864C4C06,2026-06-08,67.39,1.48,80.6,53.6,0
ASSET-864C4C06,2026-06-09,68.84,1.639,83.3,57.0,0
ASSET-864C4C06,2026-06-10,61.9,1.081,77.8,40.0,0
ASSET-864C4C06,2026-06-11,68.06,1.413,78.9,48.3,0
ASSET-864C4C06,2026-06-12,65.26,1.483,73.7,46.6,0
ASSET-864C4C06,2026-06-13,67.92,1.368,77.8,26.7,0
ASSET-864C4C06,2026-06-14,65.85,1.474,83.1,52.6,0
ASSET-864C4C06,2026-06-15,67.9,1.476,83.6,45.6,0
ASSET-864C4C06,2026-06-16,64.51,1.413,73.5,49.7,0
ASSET-864C4C06,2026-06-17,65.86,1.533,82.7,48.0,0
ASSET-864C4C06,2026-06-18,66.16,1.486,79.7,44.8,0
ASSET-864C4C06,2026-06-19,67.88,1.247,82.6,47.8,0
ASSET-864C4C06,2026-06-20,67.91,1.516,82.5,47.5,0
ASSET-864C4C06,2026-06-21,64.8,1.786,79.0,44.8,0
ASSET-864C4C06,2026-06-22,65.5,1.541,88.5,50.7,0
ASSET-864C4C06,2026-06-23,61.06,1.57,82.6,42.8,0
ASSET-864C4C06,2026-06-24,68.39,1.521,82.5,42.0,0
ASSET-864C4C06,2026-06-25,66.48,1.542,78.8,58.9,0
ASSET-864C4C06,2026-06-26,62.22,1.576,84.5,52.9,0
ASSET-864C4C06,2026-06-27,62.46,1.331,81.5,52.0,0
ASSET-864C4C06,2026-06-28,66.99,1.459,73.1,47.1,0
ASSET-864C4C06,2026-06-29,63.0,1.41,76.3,46.0,0
ASSET-864C4C06,2026-06-30,69.82,1.468,81.6,35.4,0
ASSET-864C4C06,2026-07-01,65.71,1.5,81.1,49.1,0
ASSET-864C4C06,2026-07-02,64.79,1.54,82.6,60.9,0
ASSET-864C4C06,2026-07-03,61.72,1.95,87.6,61.5,0
ASSET-864C4C06,2026-07-04,66.0,1.561,85.6,33.1,0
ASSET-864C4C06,2026-07-05,71.64,1.599,85.0,26.6,0
ASSET-864C4C06,2026-07-06,68.37,1.598,86.0,35.2,0
ASSET-864C4C06,2026-07-07,68.36,1.519,74.0,74.7,0
ASSET-864C4C06,2026-07-08,65.63,1.479,82.8,75.3,0
ASSET-864C4C06,2026-07-09,68.51,1.577,78.0,65.0,0
ASSET-864C4C06,2026-07-10,67.6,1.443,74.4,61.9,0
ASSET-864C4C06,2026-07-11,65.94,1.501,83.1,61.0,0
ASSET-864C4C06,2026-07-12,63.92,1.379,80.1,58.5,0
ASSET-864C4C06,2026-07-13,60.8,1.327,81.3,47.7,0
ASSET-864C4C06,2026-07-14,65.39,1.636,68.3,43.8,0
ASSET-864C4C06,2026-07-15,64.08,1.645,75.4,45.8,0
ASSET-864C4C06,2026-07-16,65.76,1.612,84.5,50.1,0
ASSET-864C4C06,2026-07-17,64.81,1.556,87.4,63.0,0
ASSET-864C4C06,2026-07-18,64.15,1.542,77.7,50.2,0
ASSET-864C4C06,2026-07-19,60.62,1.697,81.2,54.4,0
ASSET-864C4C06,2026-07-20,68.14,1.964,71.4,53.8,0
ASSET-864C4C06,2026-07-21,66.47,1.564,82.6,46.2,0
ASSET-864C4C06,2026-07-22,62.51,1.284,77.2,53.4,0
ASSET-864C4C06,2026-07-23,65.8,1.71,73.7,47.0,0
ASSET-864C4C06,2026-07-24,69.81,1.445,77.9,39.1,0
ASSET-864C4C06,2026-07-25,68.61,1.465,77.5,50.8,0
ASSET-864C4C06,2026-07-26,63.26,1.258,76.8,60.6,0
ASSET-864C4C06,2026-07-27,66.7,1.795,86.1,47.7,0
ASSET-864C4C06,2026-07-28,71.27,1.598,74.7,39.2,0
ASSET-864C4C06,2026-07-29,63.02,1.677,73.8,45.4,0
ASSET-864C4C06,2026-07-30,63.16,1.468,82.5,50.5,0
ASSET-864C4C06,2026-07-31,62.61,1.287,77.4,49.5,0
ASSET-864C4C06,2026-08-01,70.16,1.688,77.8,45.5,0
ASSET-864C4C06,2026-08-02,62.26,1.693,80.7,47.6,0
ASSET-864C4C06,2026-08-03,67.25,1.449,88.0,58.8,0
ASSET-864C4C06,2026-08-04,67.04,1.566,72.8,46.2,0
ASSET-864C4C06,2026-08-05,64.06,1.487,81.4,54.5,0
ASSET-864C4C06,2026-08-06,66.03,1.642,81.9,63.2,0
ASSET-864C4C06,2026-08-07,62.62,1.297,76.4,50.3,0
ASSET-864C4C06,2026-08-08,66.14,1.205,78.0,69.5,0
ASSET-864C4C06,2026-08-09,63.99,1.527,79.0,61.7,0
ASSET-864C4C06,2026-08-10,60.97,1.536,81.9,39.8,0
ASSET-864C4C06,2026-08-11,68.86,1.645,73.1,49.0,0
ASSET-864C4C06,2026-08-12,65.9,1.415,82.3,53.3,0
ASSET-864C4C06,2026-08-13,64.09,1.551,85.7,61.5,0
ASSET-864C4C06,2026-08-14,67.02,1.468,77.0,50.5,0
ASSET-864C4C06,2026-08-15,63.65,1.789,74.4,47.1,0
ASSET-864C4C06,2026-08-16,65.99,1.667,86.2,46.9,0
ASSET-864C4C06,2026-08-17,60.29,1.566,82.7,62.3,0
ASSET-864C4C06,2026-08-18,67.53,1.48,76.4,36.0,0
ASSET-864C4C06,2026-08-19,66.0,1.51,70.0,48.4,0
ASSET-864C4C06,2026-08-20,67.92,1.681,87.8,38.5,0
ASSET-864C4C06,2026-08-21,63.72,1.531,88.2,31.5,0
ASSET-864C4C06,2026-08-22,67.63,1.681,74.5,58.5,0
ASSET-864C4C06,2026-08-23,61.55,1.581,91.5,33.7,0
ASSET-864C4C06,2026-08-24,64.17,1.258,84.2,62.4,0
ASSET-864C4C06,2026-08-25,64.17,1.432,77.4,44.0,0
ASSET-864C4C06,2026-08-26,63.05,1.216,75.1,57.9,0
ASSET-864C4C06,2026-08-27,64.43,1.566,75.3,50.3,0
ASSET-864C4C06,2026-08-28,70.98,1.421,78.4,51.9,0
ASSET-864C4C06,2026-08-29,61.51,1.266,82.6,46.5,0
ASSET-864C4C06,2026-08-30,62.07,1.748,77.1,46.4,0
ASSET-864C4C06,2026-08-31,65.0,1.024,81.6,49.5,0
ASSET-864C4C06,2026-09-01,69.2,1.796,85.6,50.4,0
ASSET-864C4C06,2026-09-02,62.81,1.845,73.4,58.1,0
ASSET-864C4C06,2026-09-03,72.48,1.209,79.7,81.6,0
ASSET-864C4C06,2026-09-04,61.23,1.617,79.8,36.6,0
ASSET-864C4C06,2026-09-05,66.19,1.526,89.7,55.0,0
ASSET-864C4C06,2026-09-06,66.89,1.787,81.1,68.4,0
ASSET-864C4C06,2026-09-07,70.79,1.755,92.2,50.3,0
ASSET-864C4C06,2026-09-08,64.37,1.546,78.4,66.2,0
ASSET-864C4C06,2026-09-09,64.02,1.58,76.7,38.2,0
ASSET-864C4C06,2026-09-10,65.82,1.779,84.9,58.8,0
ASSET-864C4C06,2026-09-11,66.49,1.276,84.3,47.2,0
ASSET-864C4C06,2026-09-12,60.1,1.275,78.1,34.4,0
ASSET-864C4C06,2026-09-13,61.99,1.252,81.8,46.2,0
ASSET-864C4C06,2026-09-14,65.74,1.343,80.6,46.8,0
ASSET-864C4C06,2026-09-15,62.72,1.799,84.9,48.7,0
ASSET-1105D663,2026-03-20,61.48,1.449,84.0,45.1,0
ASSET-1105D663,2026-03-21,65.45,1.275,83.3,29.0,0
ASSET-1105D663,2026-03-22,61.78,1.016,80.0,39.8,0
ASSET-1105D663,2026-03-23,67.48,1.34,78.9,49.8,0
ASSET-1105D663,2026-03-24,65.3,1.53,84.8,47.7,0
ASSET-1105D663,2026-03-25,63.71,1.308,84.1,51.0,0
ASSET-1105D663,2026-03-26,61.92,1.348,92.2,33.4,0
ASSET-1105D663,2026-03-27,60.29,1.285,81.0,45.6,0
ASSET-1105D663,2026-03-28,66.19,1.126,82.0,54.9,0
ASSET-1105D663,2026-03-29,70.62,1.307,73.2,47.1,0
ASSET-1105D663,2026-03-30,66.02,1.616,79.2,44.4,0
ASSET-1105D663,2026-03-31,64.74,1.661,77.5,30.8,0
ASSET-1105D663,2026-04-01,62.67,1.65,77.7,70.6,0
ASSET-1105D663,2026-04-02,65.64,1.251,97.5,48.4,0
ASSET-1105D663,2026-04-03,59.77,1.587,76.7,43.1,0
ASSET-1105D663,2026-04-04,57.01,1.594,76.7,37.0,0
ASSET-1105D663,2026-04-05,71.71,1.356,79.4,39.1,0
ASSET-1105D663,2026-04-06,67.62,1.537,72.5,44.4,0
ASSET-1105D663,2026-04-07,61.79,1.611,79.8,55.2,0
ASSET-1105D663,2026-04-08,65.49,1.482,71.9,61.0,0
ASSET-1105D663,2026-04-09,63.8,1.545,81.5,56.9,0
ASSET-1105D663,2026-04-10,69.37,1.436,82.6,44.3,0
ASSET-1105D663,2026-04-11,61.79,1.92,82.6,35.6,0
ASSET-1105D663,2026-04-12,68.38,1.475,81.3,53.9,0
ASSET-1105D663,2026-04-13,65.25,1.782,79.2,47.7,0
ASSET-1105D663,2026-04-14,62.65,1.423,81.3,46.8,0
ASSET-1105D663,2026-04-15,64.4,1.517,75.9,42.4,0
ASSET-1105D663,2026-04-16,71.28,1.305,75.0,35.3,0
ASSET-1105D663,2026-04-17,65.6,1.321,78.3,65.5,0
ASSET-1105D663,2026-04-18,65.01,1.431,74.2,67.2,0
ASSET-1105D663,2026-04-19,71.1,1.596,85.8,54.4,0
ASSET-1105D663,2026-04-20,65.89,1.477,75.2,49.0,0
ASSET-1105D663,2026-04-21,63.91,1.742,77.8,43.4,0
ASSET-1105D663,2026-04-22,70.86,1.202,89.3,34.4,0
ASSET-1105D663,2026-04-23,62.92,1.602,78.1,66.7,0
ASSET-1105D663,2026-04-24,61.44,1.618,81.7,53.8,0
ASSET-1105D663,2026-04-25,63.97,1.591,77.8,47.8,0
ASSET-1105D663,2026-04-26,71.8,1.747,77.8,54.5,0
ASSET-1105D663,2026-04-27,64.69,1.563,78.1,55.4,0
ASSET-1105D663,2026-04-28,65.49,1.323,74.9,42.9,0
ASSET-1105D663,2026-04-29,68.76,1.687,76.9,33.9,0
ASSET-1105D663,2026-04-30,64.58,1.835,81.8,58.5,0
ASSET-1105D663,2026-05-01,61.8,1.643,74.5,52.7,0
ASSET-1105D663,2026-05-02,67.82,1.847,79.7,56.4,0
ASSET-1105D663,2026-05-03,64.82,1.695,75.5,38.4,0
ASSET-1105D663,2026-05-04,67.49,1.392,84.7,56.3,0
ASSET-1105D663,2026-05-05,69.03,1.506,76.8,20.8,0
ASSET-1105D663,2026-05-06,66.12,1.635,80.9,42.2,0
ASSET-1105D663,2026-05-07,65.04,1.625,71.8,39.2,0
ASSET-1105D663,2026-05-08,65.57,1.355,79.1,58.5,0
ASSET-1105D663,2026-05-09,69.01,1.552,87.5,29.5,0
ASSET-1105D663,2026-05-10,63.73,1.832,84.2,37.9,0
ASSET-1105D663,2026-05-11,65.53,1.536,70.4,41.5,0
ASSET-1105D663,2026-05-12,68.75,1.601,69.2,64.0,0
ASSET-1105D663,2026-05-13,64.6,1.563,78.1,51.1,0
ASSET-1105D663,2026-05-14,66.31,1.458,82.4,49.9,0
ASSET-1105D663,2026-05-15,68.72,1.511,74.2,41.2,0
ASSET-1105D663,2026-05-16,62.57,1.443,77.4,67.0,0
ASSET-1105D663,2026-05-17,66.25,1.59,82.3,31.8,0
ASSET-1105D663,2026-05-18,63.17,1.372,81.6,59.3,0
ASSET-1105D663,2026-05-19,62.11,1.781,78.6,64.8,0
ASSET-1105D663,2026-05-20,69.2,1.371,82.5,43.1,0
ASSET-1105D663,2026-05-21,59.83,1.392,72.4,32.8,0
ASSET-1105D663,2026-05-22,65.68,1.545,87.3,48.2,0
ASSET-1105D663,2026-05-23,62.31,1.305,80.8,51.9,0
ASSET-1105D663,2026-05-24,61.19,1.454,79.1,67.3,0
ASSET-1105D663,2026-05-25,68.09,1.35,75.1,42.0,0
ASSET-1105D663,2026-05-26,61.04,1.593,80.6,57.8,0
ASSET-1105D663,2026-05-27,64.48,1.236,85.3,36.0,0
ASSET-1105D663,2026-05-28,70.38,1.411,79.7,47.8,0
ASSET-1105D663,2026-05-29,65.61,1.488,79.3,66.0,0
ASSET-1105D663,2026-05-30,64.55,1.317,74.4,36.3,0
ASSET-1105D663,2026-05-31,63.31,1.643,76.1,67.5,0
ASSET-1105D663,2026-06-01,63.91,1.504,72.0,38.6,0
ASSET-1105D663,2026-06-02,67.7,1.088,77.7,58.7,0
ASSET-1105D663,2026-06-03,70.16,1.488,78.7,45.1,0
ASSET-1105D663,2026-06-04,67.64,1.34,78.8,61.1,0
ASSET-1105D663,2026-06-05,69.73,1.556,84.6,44.0,0
ASSET-1105D663,2026-06-06,60.79,1.127,73.6,50.1,0
ASSET-1105D663,2026-06-07,70.5,1.601,88.6,34.4,0
ASSET-1105D663,2026-06-08,69.27,1.182,72.8,60.1,0
ASSET-1105D663,2026-06-09,66.02,1.613,77.9,51.2,0
ASSET-1105D663,2026-06-10,60.25,1.825,75.9,43.2,0
ASSET-1105D663,2026-06-11,66.47,1.378,87.0,42.1,0
ASSET-1105D663,2026-06-12,65.08,1.844,80.8,42.1,0
ASSET-1105D663,2026-06-13,61.57,1.114,83.8,46.9,0
ASSET-1105D663,2026-06-14,61.05,1.317,73.9,52.9,0
ASSET-1105D663,2026-06-15,69.19,1.97,78.7,32.8,0
ASSET-1105D663,2026-06-16,65.32,1.669,70.8,60.7,0
ASSET-1105D663,2026-06-17,62.68,1.496,81.5,41.9,0
ASSET-1105D663,2026-06-18,65.32,1.348,83.1,40.6,0
ASSET-1105D663,2026-06-19,65.69,1.249,74.3,42.6,0
ASSET-1105D663,2026-06-20,61.11,1.334,79.1,37.3,0
ASSET-1105D663,2026-06-21,66.82,1.305,79.0,49.4,0
ASSET-1105D663,2026-06-22,65.84,1.557,82.7,37.2,0
ASSET-1105D663,2026-06-23,65.79,1.487,80.7,37.6,0
ASSET-1105D663,2026-06-24,63.62,1.564,80.8,43.7,0
ASSET-1105D663,2026-06-25,68.9,1.429,89.0,41.3,0
ASSET-1105D663,2026-06-26,65.34,1.666,73.0,27.0,0
ASSET-1105D663,2026-06-27,63.77,1.533,74.1,33.1,0
ASSET-1105D663,2026-06-28,64.66,1.77,77.2,51.2,0
ASSET-1105D663,2026-06-29,61.3,0.955,68.5,41.0,0
ASSET-1105D663,2026-06-30,64.95,1.721,88.2,67.6,0
ASSET-1105D663,2026-07-01,65.76,1.561,79.2,64.4,0
ASSET-1105D663,2026-07-02,62.21,1.445,80.2,65.4,0
ASSET-1105D663,2026-07-03,67.01,1.406,83.7,58.9,0
ASSET-1105D663,2026-07-04,62.1,1.256,74.0,60.1,0
ASSET-1105D663,2026-07-05,66.7,1.266,80.0,49.6,0
ASSET-1105D663,2026-07-06,66.29,1.474,78.4,42.3,0
ASSET-1105D663,2026-07-07,63.74,1.591,83.2,80.7,0
ASSET-1105D663,2026-07-08,61.38,1.526,75.4,58.6,0
ASSET-1105D663,2026-07-09,63.81,1.593,83.9,35.7,0
ASSET-1105D663,2026-07-10,66.99,1.76,80.8,47.8,0
ASSET-1105D663,2026-07-11,62.73,1.875,86.2,59.2,0
ASSET-1105D663,2026-07-12,65.03,1.552,72.1,41.1,0
ASSET-1105D663,2026-07-13,69.03,1.249,84.4,47.3,0
ASSET-1105D663,2026-07-14,69.77,1.705,79.6,51.7,0
ASSET-1105D663,2026-07-15,64.33,1.405,77.9,36.0,0
ASSET-1105D663,2026-07-16,60.61,1.285,81.0,42.8,0
ASSET-1105D663,2026-07-17,65.25,1.313,77.4,37.4,0
ASSET-1105D663,2026-07-18,68.95,1.549,87.9,40.4,0
ASSET-1105D663,2026-07-19,60.1,1.421,82.7,38.7,0
ASSET-1105D663,2026-07-20,69.62,1.655,80.8,69.1,0
ASSET-1105D663,2026-07-21,66.53,1.468,77.4,25.8,0
ASSET-1105D663,2026-07-22,61.54,1.398,92.3,61.1,0
ASSET-1105D663,2026-07-23,65.89,1.576,75.2,67.7,0
ASSET-1105D663,2026-07-24,65.87,1.568,93.7,49.2,0
ASSET-1105D663,2026-07-25,58.77,0.962,93.4,41.0,0
ASSET-1105D663,2026-07-26,67.38,1.381,84.4,57.1,0
ASSET-1105D663,2026-07-27,62.21,1.742,78.5,52.3,0
ASSET-1105D663,2026-07-28,63.86,1.67,81.3,65.3,0
ASSET-1105D663,2026-07-29,65.55,1.547,83.5,39.1,0
ASSET-1105D663,2026-07-30,61.07,1.514,75.2,35.0,0
ASSET-1105D663,2026-07-31,60.9,1.619,84.3,37.7,0
ASSET-1105D663,2026-08-01,69.35,1.681,76.0,53.0,0
ASSET-1105D663,2026-08-02,63.11,1.864,85.2,44.9,0
ASSET-1105D663,2026-08-03,65.12,1.219,78.8,53.5,0
ASSET-1105D663,2026-08-04,62.37,1.438,71.6,36.2,0
ASSET-1105D663,2026-08-05,62.61,1.383,78.3,25.9,0
ASSET-1105D663,2026-08-06,70.55,1.61,76.6,74.4,0
ASSET-1105D663,2026-08-07,66.79,1.273,77.8,41.1,0
ASSET-1105D663,2026-08-08,61.87,1.403,80.6,39.8,0
ASSET-1105D663,2026-08-09,64.91,1.289,83.8,53.5,0
ASSET-1105D663,2026-08-10,69.29,1.416,79.8,66.3,0
ASSET-1105D663,2026-08-11,65.81,1.58,79.6,45.1,0
ASSET-1105D663,2026-08-12,65.62,1.836,77.5,36.4,0
ASSET-1105D663,2026-08-13,69.95,1.513,73.3,54.9,0
ASSET-1105D663,2026-08-14,64.14,1.487,83.4,59.3,0
ASSET-1105D663,2026-08-15,65.91,1.185,85.1,48.1,0
ASSET-1105D663,2026-08-16,63.97,1.683,71.9,35.9,0
ASSET-1105D663,2026-08-17,66.98,1.653,84.6,66.5,0
ASSET-1105D663,2026-08-18,62.91,1.308,82.8,59.0,0
ASSET-1105D663,2026-08-19,65.67,1.282,84.0,43.0,0
ASSET-1105D663,2026-08-20,65.13,1.549,81.6,54.1,0
ASSET-1105D663,2026-08-21,69.2,1.344,85.0,60.3,0
ASSET-1105D663,2026-08-22,64.46,1.585,77.3,37.3,0
ASSET-1105D663,2026-08-23,65.27,1.346,75.5,63.1,0
ASSET-1105D663,2026-08-24,62.74,1.521,76.0,49.0,0
ASSET-1105D663,2026-08-25,67.15,1.168,71.3,52.1,0
ASSET-1105D663,2026-08-26,65.74,1.304,74.2,47.0,0
ASSET-1105D663,2026-08-27,66.52,1.721,82.3,55.8,0
ASSET-1105D663,2026-08-28,67.24,1.549,79.5,48.0,0
ASSET-1105D663,2026-08-29,69.06,1.588,75.3,39.9,0
ASSET-1105D663,2026-08-30,68.2,1.604,79.3,41.2,0
ASSET-1105D663,2026-08-31,61.75,1.427,86.7,59.4,0
ASSET-1105D663,2026-09-01,66.62,1.353,77.8,55.3,0
ASSET-1105D663,2026-09-02,67.89,1.897,74.7,62.0,0
ASSET-1105D663,2026-09-03,62.12,1.228,80.6,59.7,0
ASSET-1105D663,2026-09-04,66.07,1.303,75.9,65.7,0
ASSET-1105D663,2026-09-05,70.66,1.357,75.5,67.4,0
ASSET-1105D663,2026-09-06,62.52,1.486,78.4,44.5,0
ASSET-1105D663,2026-09-07,62.19,1.916,76.6,50.0,0
ASSET-1105D663,2026-09-08,64.76,1.228,78.3,73.9,0
ASSET-1105D663,2026-09-09,65.96,1.472,87.1,48.3,0
ASSET-1105D663,2026-09-10,64.17,1.592,76.0,50.8,0
ASSET-1105D663,2026-09-11,68.05,1.382,85.1,43.7,0
ASSET-1105D663,2026-09-12,63.13,1.256,82.5,47.4,0
ASSET-1105D663,2026-09-13,67.1,1.25,77.5,39.8,0
ASSET-1105D663,2026-09-14,69.05,1.384,78.6,63.9,0
ASSET-1105D663,2026-09-15,63.98,1.506,71.3,55.4,0
ASSET-5D68099D,2026-03-20,62.72,1.621,83.5,58.5,0
ASSET-5D68099D,2026-03-21,67.11,1.503,85.5,45.0,0
ASSET-5D68099D,2026-03-22,64.46,1.673,80.8,40.2,0
ASSET-5D68099D,2026-03-23,71.37,1.581,86.4,49.1,0
ASSET-5D68099D,2026-03-24,63.32,1.697,84.0,52.5,0
ASSET-5D68099D,2026-03-25,66.91,1.553,81.9,47.6,0
ASSET-5D68099D,2026-03-26,66.48,1.431,77.2,47.7,0
ASSET-5D68099D,2026-03-27,68.37,1.288,79.6,66.7,0
ASSET-5D68099D,2026-03-28,61.62,1.774,81.5,34.3,0
ASSET-5D68099D,2026-03-29,66.71,1.004,75.3,44.8,0
ASSET-5D68099D,2026-03-30,63.07,1.487,88.7,44.1,0
ASSET-5D68099D,2026-03-31,61.89,1.883,82.0,59.1,0
ASSET-5D68099D,2026-04-01,66.09,1.274,83.8,33.7,0
ASSET-5D68099D,2026-04-02,60.65,1.597,82.3,33.4,0
ASSET-5D68099D,2026-04-03,63.36,1.587,80.5,62.7,0
ASSET-5D68099D,2026-04-04,63.39,1.778,79.6,69.1,0
ASSET-5D68099D,2026-04-05,67.62,1.088,81.8,47.4,0
ASSET-5D68099D,2026-04-06,64.84,1.766,71.4,50.4,0
ASSET-5D68099D,2026-04-07,64.9,1.501,78.1,52.3,0
ASSET-5D68099D,2026-04-08,60.24,1.402,76.1,34.6,0
ASSET-5D68099D,2026-04-09,69.53,1.866,78.0,49.5,0
ASSET-5D68099D,2026-04-10,65.43,1.637,89.0,71.0,0
ASSET-5D68099D,2026-04-11,64.39,1.353,74.6,37.1,0
ASSET-5D68099D,2026-04-12,61.81,1.665,80.7,60.0,0
ASSET-5D68099D,2026-04-13,63.75,1.81,80.2,53.5,0
ASSET-5D68099D,2026-04-14,66.12,1.534,79.6,53.7,0
ASSET-5D68099D,2026-04-15,68.55,1.683,90.3,78.8,0
ASSET-5D68099D,2026-04-16,61.25,1.546,81.6,46.3,0
ASSET-5D68099D,2026-04-17,65.76,1.88,81.7,73.1,0
ASSET-5D68099D,2026-04-18,64.02,1.597,79.4,29.2,0
ASSET-5D68099D,2026-04-19,65.2,1.545,83.9,45.9,0
ASSET-5D68099D,2026-04-20,69.63,1.229,77.6,54.7,0
ASSET-5D68099D,2026-04-21,63.37,1.5,79.5,33.6,0
ASSET-5D68099D,2026-04-22,62.48,1.363,77.4,30.6,0
ASSET-5D68099D,2026-04-23,65.63,1.375,85.0,44.8,0
ASSET-5D68099D,2026-04-24,70.35,1.462,85.8,51.7,0
ASSET-5D68099D,2026-04-25,60.99,1.625,83.5,60.2,0
ASSET-5D68099D,2026-04-26,62.22,1.37,83.3,42.6,0
ASSET-5D68099D,2026-04-27,66.44,1.532,79.1,46.4,0
ASSET-5D68099D,2026-04-28,59.88,1.673,74.8,48.9,0
ASSET-5D68099D,2026-04-29,68.16,1.378,81.0,42.0,0
ASSET-5D68099D,2026-04-30,63.78,1.553,81.7,60.2,0
ASSET-5D68099D,2026-05-01,67.01,1.547,83.7,42.9,0
ASSET-5D68099D,2026-05-02,63.41,1.675,87.9,61.7,0
ASSET-5D68099D,2026-05-03,61.51,1.444,83.0,56.8,0
ASSET-5D68099D,2026-05-04,64.04,1.633,79.6,42.3,0
ASSET-5D68099D,2026-05-05,60.84,1.042,79.9,44.9,0
ASSET-5D68099D,2026-05-06,69.45,1.683,78.1,49.5,0
ASSET-5D68099D,2026-05-07,63.15,1.315,75.7,42.6,0
ASSET-5D68099D,2026-05-08,71.12,1.6,76.5,47.4,0
ASSET-5D68099D,2026-05-09,66.25,1.724,77.4,55.6,0
ASSET-5D68099D,2026-05-10,63.51,1.594,78.6,33.0,0
ASSET-5D68099D,2026-05-11,68.71,1.672,78.0,55.2,0
ASSET-5D68099D,2026-05-12,70.42,1.502,72.1,50.2,0
ASSET-5D68099D,2026-05-13,68.62,1.475,74.8,56.3,0
ASSET-5D68099D,2026-05-14,67.58,1.621,74.9,46.9,0
ASSET-5D68099D,2026-05-15,67.64,1.583,83.2,48.9,0
ASSET-5D68099D,2026-05-16,65.61,1.411,78.8,58.2,0
ASSET-5D68099D,2026-05-17,62.31,1.336,87.8,49.8,0
ASSET-5D68099D,2026-05-18,67.08,1.508,89.9,47.6,0
ASSET-5D68099D,2026-05-19,65.68,1.774,84.1,50.2,0
ASSET-5D68099D,2026-05-20,63.53,1.274,79.8,63.9,0
ASSET-5D68099D,2026-05-21,66.66,1.307,87.5,51.3,0
ASSET-5D68099D,2026-05-22,68.22,1.567,81.2,44.6,0
ASSET-5D68099D,2026-05-23,68.41,1.483,81.7,43.9,0
ASSET-5D68099D,2026-05-24,65.45,1.595,75.6,50.8,0
ASSET-5D68099D,2026-05-25,60.27,1.729,76.7,31.4,0
ASSET-5D68099D,2026-05-26,69.53,1.716,76.3,45.3,0
ASSET-5D68099D,2026-05-27,59.16,1.577,82.6,47.2,0
ASSET-5D68099D,2026-05-28,66.95,1.744,79.5,55.5,0
ASSET-5D68099D,2026-05-29,62.89,1.312,83.3,24.3,0
ASSET-5D68099D,2026-05-30,63.81,1.704,88.8,33.0,0
ASSET-5D68099D,2026-05-31,60.72,1.466,80.9,53.2,0
ASSET-5D68099D,2026-06-01,63.72,1.703,85.9,41.8,0
ASSET-5D68099D,2026-06-02,64.39,1.721,70.3,69.1,0
ASSET-5D68099D,2026-06-03,67.99,1.456,77.3,31.0,0
ASSET-5D68099D,2026-06-04,66.26,1.643,85.9,50.9,0
ASSET-5D68099D,2026-06-05,62.98,1.743,73.2,55.2,0
ASSET-5D68099D,2026-06-06,68.05,1.37,86.7,39.3,0
ASSET-5D68099D,2026-06-07,64.34,1.421,85.6,43.5,0
ASSET-5D68099D,2026-06-08,64.93,1.19,76.6,28.6,0
ASSET-5D68099D,2026-06-09,69.1,1.243,82.6,47.5,0
ASSET-5D68099D,2026-06-10,63.89,1.574,77.1,44.9,0
ASSET-5D68099D,2026-06-11,63.31,1.715,73.9,51.3,0
ASSET-5D68099D,2026-06-12,62.05,1.624,79.5,42.8,0
ASSET-5D68099D,2026-06-13,67.01,1.633,75.0,54.0,0
ASSET-5D68099D,2026-06-14,61.55,1.738,81.3,65.3,0
ASSET-5D68099D,2026-06-15,69.8,1.343,84.0,59.7,0
ASSET-5D68099D,2026-06-16,69.64,1.761,88.3,58.6,0
ASSET-5D68099D,2026-06-17,66.88,1.376,77.1,44.2,0
ASSET-5D68099D,2026-06-18,66.95,1.78,78.6,62.6,0
ASSET-5D68099D,2026-06-19,60.46,1.533,82.9,68.6,0
ASSET-5D68099D,2026-06-20,64.98,1.707,73.2,38.0,0
ASSET-5D68099D,2026-06-21,61.61,1.309,80.8,56.0,0
ASSET-5D68099D,2026-06-22,60.03,1.567,81.8,58.1,0
ASSET-5D68099D,2026-06-23,62.08,1.488,88.4,65.4,0
ASSET-5D68099D,2026-06-24,64.37,1.565,80.6,49.1,0
ASSET-5D68099D,2026-06-25,66.54,1.173,87.4,70.1,0
ASSET-5D68099D,2026-06-26,65.33,1.578,85.4,55.7,0
ASSET-5D68099D,2026-06-27,69.96,1.393,83.0,54.7,0
ASSET-5D68099D,2026-06-28,61.84,1.322,80.6,53.8,0
ASSET-5D68099D,2026-06-29,61.08,1.688,78.7,35.0,0
ASSET-5D68099D,2026-06-30,67.76,1.757,64.9,61.8,0
ASSET-5D68099D,2026-07-01,63.12,1.576,84.0,45.2,0
ASSET-5D68099D,2026-07-02,60.15,1.508,75.8,58.9,0
ASSET-5D68099D,2026-07-03,63.59,1.526,85.9,48.2,0
ASSET-5D68099D,2026-07-04,61.81,1.532,77.6,48.4,0
ASSET-5D68099D,2026-07-05,62.53,1.798,87.5,50.2,0
ASSET-5D68099D,2026-07-06,59.47,1.389,76.6,44.0,0
ASSET-5D68099D,2026-07-07,63.89,1.435,78.8,50.2,0
ASSET-5D68099D,2026-07-08,67.4,1.561,86.6,49.1,0
ASSET-5D68099D,2026-07-09,63.17,1.333,83.3,59.4,0
ASSET-5D68099D,2026-07-10,64.8,1.53,81.1,41.4,0
ASSET-5D68099D,2026-07-11,66.82,1.267,82.7,51.8,0
ASSET-5D68099D,2026-07-12,65.14,1.218,85.4,42.0,0
ASSET-5D68099D,2026-07-13,65.11,1.446,70.0,48.4,0
ASSET-5D68099D,2026-07-14,59.82,1.49,80.1,37.5,0
ASSET-5D68099D,2026-07-15,60.61,1.371,87.1,47.1,0
ASSET-5D68099D,2026-07-16,66.16,1.447,76.7,48.6,0
ASSET-5D68099D,2026-07-17,61.55,1.189,81.0,64.8,0
ASSET-5D68099D,2026-07-18,62.04,1.483,85.5,57.6,0
ASSET-5D68099D,2026-07-19,66.86,1.66,82.1,36.5,0
ASSET-5D68099D,2026-07-20,62.85,1.105,86.8,48.4,0
ASSET-5D68099D,2026-07-21,59.79,1.611,84.0,54.9,0
ASSET-5D68099D,2026-07-22,66.1,1.296,77.7,51.6,0
ASSET-5D68099D,2026-07-23,62.87,1.034,77.4,47.4,0
ASSET-5D68099D,2026-07-24,59.29,1.436,79.0,55.0,0
ASSET-5D68099D,2026-07-25,60.68,1.502,73.2,57.7,0
ASSET-5D68099D,2026-07-26,58.51,1.343,82.6,57.6,0
ASSET-5D68099D,2026-07-27,64.87,1.35,79.0,39.8,0
ASSET-5D68099D,2026-07-28,62.14,1.732,80.0,54.4,0
ASSET-5D68099D,2026-07-29,62.55,1.054,72.4,35.4,0
ASSET-5D68099D,2026-07-30,66.11,1.265,79.2,50.6,0
ASSET-5D68099D,2026-07-31,70.98,1.262,87.1,59.5,0
ASSET-5D68099D,2026-08-01,64.03,1.804,71.5,51.4,0
ASSET-5D68099D,2026-08-02,61.99,1.433,76.1,55.3,0
ASSET-5D68099D,2026-08-03,65.72,1.051,81.0,60.1,0
ASSET-5D68099D,2026-08-04,62.09,1.707,73.6,38.5,0
ASSET-5D68099D,2026-08-05,63.01,1.442,76.3,55.0,0
ASSET-5D68099D,2026-08-06,65.25,1.565,72.3,49.3,0
ASSET-5D68099D,2026-08-07,71.98,1.497,78.8,47.2,0
ASSET-5D68099D,2026-08-08,62.81,1.222,87.0,24.0,0
ASSET-5D68099D,2026-08-09,60.91,1.344,76.9,49.3,0
ASSET-5D68099D,2026-08-10,60.55,1.535,80.1,55.6,0
ASSET-5D68099D,2026-08-11,64.8,1.408,76.5,46.1,0
ASSET-5D68099D,2026-08-12,71.02,1.433,77.9,44.4,0
ASSET-5D68099D,2026-08-13,67.03,1.606,88.1,44.9,0
ASSET-5D68099D,2026-08-14,62.48,1.806,85.1,50.5,0
ASSET-5D68099D,2026-08-15,64.33,1.546,79.8,51.2,0
ASSET-5D68099D,2026-08-16,64.66,1.632,76.9,48.1,0
ASSET-5D68099D,2026-08-17,68.11,1.626,78.8,59.8,0
ASSET-5D68099D,2026-08-18,67.35,1.706,81.7,71.5,0
ASSET-5D68099D,2026-08-19,63.73,1.633,79.3,62.1,0
ASSET-5D68099D,2026-08-20,63.72,1.426,80.5,55.5,0
ASSET-5D68099D,2026-08-21,63.34,1.556,81.4,49.4,0
ASSET-5D68099D,2026-08-22,63.71,1.183,79.4,48.2,0
ASSET-5D68099D,2026-08-23,63.74,1.289,69.5,46.9,0
ASSET-5D68099D,2026-08-24,56.36,1.519,81.1,40.8,0
ASSET-5D68099D,2026-08-25,59.13,1.442,78.2,67.6,0
ASSET-5D68099D,2026-08-26,63.89,1.587,85.2,50.5,0
ASSET-5D68099D,2026-08-27,64.55,1.679,83.5,60.2,0
ASSET-5D68099D,2026-08-28,67.55,1.521,85.2,47.1,0
ASSET-5D68099D,2026-08-29,69.12,1.368,82.8,54.2,0
ASSET-5D68099D,2026-08-30,67.78,1.187,77.3,58.1,0
ASSET-5D68099D,2026-08-31,66.18,1.751,76.3,28.3,0
ASSET-5D68099D,2026-09-01,65.11,1.372,87.0,48.4,0
ASSET-5D68099D,2026-09-02,67.2,1.376,77.7,52.8,0
ASSET-5D68099D,2026-09-03,62.59,1.378,83.6,69.7,0
ASSET-5D68099D,2026-09-04,66.31,1.34,80.7,39.5,0
ASSET-5D68099D,2026-09-05,64.49,1.155,87.1,57.8,0
ASSET-5D68099D,2026-09-06,64.56,1.423,82.4,63.1,0
ASSET-5D68099D,2026-09-07,66.38,1.748,74.3,50.2,0
ASSET-5D68099D,2026-09-08,67.63,1.468,82.2,44.0,0
ASSET-5D68099D,2026-09-09,60.94,1.28,83.8,57.7,0
ASSET-5D68099D,2026-09-10,63.78,1.244,82.2,67.4,0
ASSET-5D68099D,2026-09-11,65.97,1.35,69.9,41.2,0
ASSET-5D68099D,2026-09-12,65.05,1.397,80.6,51.4,0
ASSET-5D68099D,2026-09-13,59.23,1.815,78.5,66.4,0
ASSET-5D68099D,2026-09-14,65.3,1.453,82.4,57.1,0
ASSET-5D68099D,2026-09-15,61.25,1.342,70.7,51.3,0
ASSET-211BC981,2026-03-20,66.8,1.618,81.6,57.2,0
ASSET-211BC981,2026-03-21,65.8,1.407,73.2,45.1,0
ASSET-211BC981,2026-03-22,63.56,1.395,85.1,22.0,0
ASSET-211BC981,2026-03-23,64.61,1.642,88.9,58.2,0
ASSET-211BC981,2026-03-24,70.15,1.292,79.3,41.2,0
ASSET-211BC981,2026-03-25,63.23,1.774,83.1,66.8,0
ASSET-211BC981,2026-03-26,65.07,1.682,81.7,60.1,0
ASSET-211BC981,2026-03-27,63.73,1.312,78.5,52.2,0
ASSET-211BC981,2026-03-28,63.47,1.27,73.7,52.5,0
ASSET-211BC981,2026-03-29,68.49,1.248,77.9,61.5,0
ASSET-211BC981,2026-03-30,69.21,1.778,81.6,44.5,0
ASSET-211BC981,2026-03-31,69.32,1.477,78.6,49.6,0
ASSET-211BC981,2026-04-01,65.07,1.528,88.8,39.7,0
ASSET-211BC981,2026-04-02,66.23,1.195,82.4,36.3,0
ASSET-211BC981,2026-04-03,66.23,1.539,79.3,22.1,0
ASSET-211BC981,2026-04-04,65.51,1.786,81.0,54.1,0
ASSET-211BC981,2026-04-05,66.92,1.781,83.0,60.6,0
ASSET-211BC981,2026-04-06,62.22,1.545,84.0,46.8,0
ASSET-211BC981,2026-04-07,61.28,1.456,81.2,54.8,0
ASSET-211BC981,2026-04-08,65.1,1.719,82.3,42.8,0
ASSET-211BC981,2026-04-09,64.81,1.461,84.6,62.4,0
ASSET-211BC981,2026-04-10,63.96,1.605,83.8,56.6,0
ASSET-211BC981,2026-04-11,65.69,1.686,89.5,48.6,0
ASSET-211BC981,2026-04-12,60.1,1.677,76.7,68.3,0
ASSET-211BC981,2026-04-13,59.73,0.875,79.2,30.0,0
ASSET-211BC981,2026-04-14,61.19,1.605,81.6,44.4,0
ASSET-211BC981,2026-04-15,63.49,1.43,83.8,45.0,0
ASSET-211BC981,2026-04-16,65.12,1.658,77.1,55.9,0
ASSET-211BC981,2026-04-17,67.26,1.67,75.7,57.0,0
ASSET-211BC981,2026-04-18,64.33,1.527,83.4,44.3,0
ASSET-211BC981,2026-04-19,64.19,1.77,80.6,55.5,0
ASSET-211BC981,2026-04-20,68.02,1.493,75.2,52.4,0
ASSET-211BC981,2026-04-21,63.55,1.513,78.9,35.7,0
ASSET-211BC981,2026-04-22,60.75,1.412,84.4,48.5,0
ASSET-211BC981,2026-04-23,66.49,1.328,74.9,48.8,0
ASSET-211BC981,2026-04-24,63.21,1.873,82.8,55.6,0
ASSET-211BC981,2026-04-25,59.47,1.578,83.6,39.1,0
ASSET-211BC981,2026-04-26,63.67,1.608,79.5,42.4,0
ASSET-211BC981,2026-04-27,57.17,1.627,71.2,43.7,0
ASSET-211BC981,2026-04-28,65.39,1.32,81.5,57.3,0
ASSET-211BC981,2026-04-29,60.03,1.317,76.4,37.8,0
ASSET-211BC981,2026-04-30,66.03,1.741,83.2,50.6,0
ASSET-211BC981,2026-05-01,63.05,1.354,84.9,63.5,0
ASSET-211BC981,2026-05-02,65.16,1.501,72.7,26.9,0
ASSET-211BC981,2026-05-03,63.38,1.357,75.1,38.2,0
ASSET-211BC981,2026-05-04,61.5,1.571,81.7,62.3,0
ASSET-211BC981,2026-05-05,64.41,1.512,83.2,60.1,0
ASSET-211BC981,2026-05-06,66.86,1.545,82.5,47.9,0
ASSET-211BC981,2026-05-07,61.08,1.223,80.5,33.2,0
ASSET-211BC981,2026-05-08,57.03,1.394,78.5,58.7,0
ASSET-211BC981,2026-05-09,63.88,1.415,86.7,51.0,0
ASSET-211BC981,2026-05-10,62.81,1.017,79.5,40.1,0
ASSET-211BC981,2026-05-11,68.38,1.819,90.2,52.2,0
ASSET-211BC981,2026-05-12,63.95,1.347,80.1,55.1,0
ASSET-211BC981,2026-05-13,65.6,1.448,75.7,42.5,0
ASSET-211BC981,2026-05-14,66.42,1.482,81.9,44.6,0
ASSET-211BC981,2026-05-15,66.17,1.386,80.8,44.9,0
ASSET-211BC981,2026-05-16,66.74,1.31,76.0,76.1,0
ASSET-211BC981,2026-05-17,63.49,1.728,83.5,32.3,0
ASSET-211BC981,2026-05-18,67.35,1.165,77.4,40.8,0
ASSET-211BC981,2026-05-19,72.25,1.432,76.3,25.4,0
ASSET-211BC981,2026-05-20,69.62,1.288,89.5,39.3,0
ASSET-211BC981,2026-05-21,64.88,1.18,82.8,48.3,0
ASSET-211BC981,2026-05-22,68.59,1.214,84.1,46.7,0
ASSET-211BC981,2026-05-23,63.37,1.459,78.2,55.1,0
ASSET-211BC981,2026-05-24,68.21,1.51,79.7,47.6,0
ASSET-211BC981,2026-05-25,64.22,1.452,83.9,55.0,0
ASSET-211BC981,2026-05-26,64.74,1.534,78.5,53.7,0
ASSET-211BC981,2026-05-27,63.51,1.675,79.7,48.8,0
ASSET-211BC981,2026-05-28,67.37,1.753,81.2,36.3,0
ASSET-211BC981,2026-05-29,60.36,1.353,82.0,50.1,0
ASSET-211BC981,2026-05-30,62.2,1.669,77.8,46.1,0
ASSET-211BC981,2026-05-31,63.74,1.837,74.9,67.4,0
ASSET-211BC981,2026-06-01,68.34,1.248,79.4,45.3,0
ASSET-211BC981,2026-06-02,59.06,1.56,84.9,52.9,0
ASSET-211BC981,2026-06-03,65.63,1.638,80.3,46.5,0
ASSET-211BC981,2026-06-04,67.75,1.452,79.9,52.3,0
ASSET-211BC981,2026-06-05,65.75,1.19,84.1,56.5,0
ASSET-211BC981,2026-06-06,68.26,1.638,77.7,36.4,0
ASSET-211BC981,2026-06-07,67.8,1.549,86.6,56.9,0
ASSET-211BC981,2026-06-08,63.08,1.409,81.1,53.5,0
ASSET-211BC981,2026-06-09,64.71,1.377,83.2,41.3,0
ASSET-211BC981,2026-06-10,63.9,1.518,84.9,52.8,0
ASSET-211BC981,2026-06-11,68.59,1.255,75.2,37.2,0
ASSET-211BC981,2026-06-12,66.65,1.321,83.8,55.8,0
ASSET-211BC981,2026-06-13,62.89,1.504,82.7,50.5,0
ASSET-211BC981,2026-06-14,66.57,1.443,78.0,42.4,0
ASSET-211BC981,2026-06-15,60.8,1.54,74.0,58.4,0
ASSET-211BC981,2026-06-16,66.52,1.549,78.1,69.0,0
ASSET-211BC981,2026-06-17,64.33,1.287,85.4,49.8,0
ASSET-211BC981,2026-06-18,64.25,1.638,78.4,63.2,0
ASSET-211BC981,2026-06-19,65.51,1.528,77.5,33.6,0
ASSET-211BC981,2026-06-20,63.75,1.723,77.2,45.3,0
ASSET-211BC981,2026-06-21,67.83,1.755,84.5,41.1,0
ASSET-211BC981,2026-06-22,61.7,1.302,91.1,51.7,0
ASSET-211BC981,2026-06-23,66.46,1.338,73.3,63.5,0
ASSET-211BC981,2026-06-24,65.35,1.47,82.8,44.2,0
ASSET-211BC981,2026-06-25,69.99,1.771,84.6,49.5,0
ASSET-211BC981,2026-06-26,61.08,1.755,83.7,50.5,0
ASSET-211BC981,2026-06-27,62.14,1.204,79.8,60.9,0
ASSET-211BC981,2026-06-28,65.0,1.455,81.5,59.0,0
ASSET-211BC981,2026-06-29,65.13,1.785,80.2,62.2,0
ASSET-211BC981,2026-06-30,65.16,1.178,77.7,60.6,0
ASSET-211BC981,2026-07-01,66.44,1.408,78.4,44.3,0
ASSET-211BC981,2026-07-02,62.84,1.371,78.8,67.3,0
ASSET-211BC981,2026-07-03,64.24,1.245,73.2,37.5,0
ASSET-211BC981,2026-07-04,64.41,1.204,83.2,53.0,0
ASSET-211BC981,2026-07-05,66.86,1.475,87.3,50.9,0
ASSET-211BC981,2026-07-06,65.26,1.471,86.2,52.1,0
ASSET-211BC981,2026-07-07,61.24,2.042,76.6,48.0,0
ASSET-211BC981,2026-07-08,63.38,1.648,85.4,60.4,0
ASSET-211BC981,2026-07-09,59.3,1.531,84.5,46.9,0
ASSET-211BC981,2026-07-10,61.38,1.58,87.1,52.5,0
ASSET-211BC981,2026-07-11,65.51,1.271,77.2,42.6,0
ASSET-211BC981,2026-07-12,70.21,1.557,80.0,61.7,0
ASSET-211BC981,2026-07-13,65.76,1.226,81.5,58.1,0
ASSET-211BC981,2026-07-14,63.32,1.526,71.4,55.0,0
ASSET-211BC981,2026-07-15,69.08,1.496,83.2,52.6,0
ASSET-211BC981,2026-07-16,68.74,1.301,97.1,46.3,0
ASSET-211BC981,2026-07-17,59.76,1.335,83.3,57.5,0
ASSET-211BC981,2026-07-18,68.7,1.379,82.2,42.3,0
ASSET-211BC981,2026-07-19,64.07,1.383,82.9,53.8,0
ASSET-211BC981,2026-07-20,64.6,1.677,75.6,59.6,0
ASSET-211BC981,2026-07-21,66.74,1.736,79.4,64.6,0
ASSET-211BC981,2026-07-22,57.47,1.594,81.6,42.8,0
ASSET-211BC981,2026-07-23,71.66,1.557,79.1,48.8,0
ASSET-211BC981,2026-07-24,57.41,1.49,72.9,52.1,0
ASSET-211BC981,2026-07-25,66.62,1.871,80.5,63.1,0
ASSET-211BC981,2026-07-26,60.72,1.297,76.5,46.6,0
ASSET-211BC981,2026-07-27,67.28,1.129,82.1,52.7,0
ASSET-211BC981,2026-07-28,62.77,1.535,87.7,54.5,0
ASSET-211BC981,2026-07-29,65.48,1.375,77.0,63.5,0
ASSET-211BC981,2026-07-30,63.07,1.403,84.5,67.5,0
ASSET-211BC981,2026-07-31,64.57,1.518,80.5,36.7,0
ASSET-211BC981,2026-08-01,64.88,1.731,86.2,57.6,0
ASSET-211BC981,2026-08-02,60.66,1.566,77.1,62.8,0
ASSET-211BC981,2026-08-03,65.17,1.392,77.2,64.7,0
ASSET-211BC981,2026-08-04,62.6,1.513,78.5,28.7,0
ASSET-211BC981,2026-08-05,63.74,1.322,81.4,60.3,0
ASSET-211BC981,2026-08-06,65.98,1.161,75.1,58.8,0
ASSET-211BC981,2026-08-07,68.26,1.488,79.9,61.1,0
ASSET-211BC981,2026-08-08,69.29,1.618,84.2,51.2,0
ASSET-211BC981,2026-08-09,62.39,1.393,78.2,47.9,0
ASSET-211BC981,2026-08-10,66.88,1.209,80.4,47.7,0
ASSET-211BC981,2026-08-11,59.45,1.278,84.0,47.2,0
ASSET-211BC981,2026-08-12,66.88,1.115,80.8,35.9,0
ASSET-211BC981,2026-08-13,67.95,1.461,85.1,58.8,0
ASSET-211BC981,2026-08-14,65.62,1.232,83.7,61.3,0
ASSET-211BC981,2026-08-15,66.37,1.737,79.1,49.2,0
ASSET-211BC981,2026-08-16,65.45,1.446,74.9,52.3,0
ASSET-211BC981,2026-08-17,63.6,1.609,74.4,52.4,0
ASSET-211BC981,2026-08-18,63.0,1.662,73.2,55.9,0
ASSET-211BC981,2026-08-19,62.91,1.77,83.7,44.4,0
ASSET-211BC981,2026-08-20,66.49,1.687,76.4,59.1,0
ASSET-211BC981,2026-08-21,66.95,1.425,75.2,44.5,0
ASSET-211BC981,2026-08-22,63.65,1.411,78.9,45.1,0
ASSET-211BC981,2026-08-23,66.24,1.049,79.4,55.6,0
ASSET-211BC981,2026-08-24,61.54,1.516,81.6,40.7,0
ASSET-211BC981,2026-08-25,62.24,1.471,82.4,32.5,0
ASSET-211BC981,2026-08-26,63.71,1.86,87.4,40.0,0
ASSET-211BC981,2026-08-27,69.82,1.565,81.4,68.5,0
ASSET-211BC981,2026-08-28,65.44,1.496,80.4,57.8,0
ASSET-211BC981,2026-08-29,56.03,1.873,90.8,44.0,0
ASSET-211BC981,2026-08-30,63.53,1.369,83.9,60.4,0
ASSET-211BC981,2026-08-31,64.22,1.461,83.0,49.3,0
ASSET-211BC981,2026-09-01,67.58,1.274,80.2,76.6,0
ASSET-211BC981,2026-09-02,66.06,1.264,83.5,45.0,0
ASSET-211BC981,2026-09-03,64.38,1.478,81.2,45.0,0
ASSET-211BC981,2026-09-04,70.99,1.557,79.6,37.0,0
ASSET-211BC981,2026-09-05,68.46,1.219,91.7,53.7,0
ASSET-211BC981,2026-09-06,66.59,1.767,84.2,30.9,0
ASSET-211BC981,2026-09-07,64.48,1.532,73.1,58.4,0
ASSET-211BC981,2026-09-08,63.86,1.203,80.5,30.2,0
ASSET-211BC981,2026-09-09,60.94,1.526,81.5,45.4,0
ASSET-211BC981,2026-09-10,63.51,1.468,87.9,41.2,0
ASSET-211BC981,2026-09-11,65.55,1.52,76.7,51.7,0
ASSET-211BC981,2026-09-12,63.23,1.753,79.1,42.0,0
ASSET-211BC981,2026-09-13,65.75,1.474,80.5,70.2,0
ASSET-211BC981,2026-09-14,64.62,1.575,82.5,51.7,0
ASSET-211BC981,2026-09-15,65.24,1.596,83.3,38.8,0
ASSET-880675E1,2026-03-20,69.05,1.054,78.2,47.1,0
ASSET-880675E1,2026-03-21,67.27,1.471,79.9,59.4,0
ASSET-880675E1,2026-03-22,65.21,1.212,75.5,53.2,0
ASSET-880675E1,2026-03-23,67.79,1.631,78.1,59.3,0
ASSET-880675E1,2026-03-24,65.68,1.319,84.0,44.6,0
ASSET-880675E1,2026-03-25,65.45,1.038,87.4,36.4,0
ASSET-880675E1,2026-03-26,65.97,1.477,80.3,42.0,0
ASSET-880675E1,2026-03-27,63.95,1.364,82.8,64.9,0
ASSET-880675E1,2026-03-28,67.33,1.671,82.1,59.2,0
ASSET-880675E1,2026-03-29,66.77,1.633,90.8,67.0,0
ASSET-880675E1,2026-03-30,67.94,1.195,76.3,54.8,0
ASSET-880675E1,2026-03-31,64.56,1.786,79.5,55.6,0
ASSET-880675E1,2026-04-01,63.57,1.216,90.7,44.8,0
ASSET-880675E1,2026-04-02,63.66,1.094,73.2,49.7,0
ASSET-880675E1,2026-04-03,61.66,1.618,84.6,62.5,0
ASSET-880675E1,2026-04-04,65.8,1.332,81.1,36.9,0
ASSET-880675E1,2026-04-05,63.43,1.241,82.5,40.3,0
ASSET-880675E1,2026-04-06,62.99,1.575,87.1,56.4,0
ASSET-880675E1,2026-04-07,65.29,1.642,90.6,47.8,0
ASSET-880675E1,2026-04-08,66.0,1.696,81.8,57.1,0
ASSET-880675E1,2026-04-09,64.93,1.789,88.0,34.8,0
ASSET-880675E1,2026-04-10,68.08,1.442,82.8,68.7,0
ASSET-880675E1,2026-04-11,66.81,1.197,78.1,42.3,0
ASSET-880675E1,2026-04-12,64.77,1.572,85.4,47.0,0
ASSET-880675E1,2026-04-13,63.75,1.471,79.7,34.2,0
ASSET-880675E1,2026-04-14,65.44,1.43,82.4,54.0,0
ASSET-880675E1,2026-04-15,65.28,1.4,82.4,61.7,0
ASSET-880675E1,2026-04-16,72.43,1.455,82.8,38.3,0
ASSET-880675E1,2026-04-17,64.1,1.664,89.9,52.1,0
ASSET-880675E1,2026-04-18,62.11,1.208,85.5,44.9,0
ASSET-880675E1,2026-04-19,71.65,1.678,84.6,52.4,0
ASSET-880675E1,2026-04-20,68.01,1.389,87.7,44.0,0
ASSET-880675E1,2026-04-21,61.25,1.406,80.0,51.3,0
ASSET-880675E1,2026-04-22,63.33,1.299,77.8,43.9,0
ASSET-880675E1,2026-04-23,60.77,1.715,80.9,45.9,0
ASSET-880675E1,2026-04-24,68.09,1.464,66.2,45.5,0
ASSET-880675E1,2026-04-25,61.33,1.497,81.3,51.0,0
ASSET-880675E1,2026-04-26,72.9,1.374,77.2,47.0,0
ASSET-880675E1,2026-04-27,65.54,1.677,85.7,50.5,0
ASSET-880675E1,2026-04-28,64.93,1.693,71.2,33.1,0
ASSET-880675E1,2026-04-29,61.54,1.694,84.8,40.7,0
ASSET-880675E1,2026-04-30,64.68,1.588,78.7,53.7,0
ASSET-880675E1,2026-05-01,69.95,1.038,84.9,53.7,0
ASSET-880675E1,2026-05-02,65.18,1.433,81.7,38.3,0
ASSET-880675E1,2026-05-03,63.5,1.607,76.9,69.5,0
ASSET-880675E1,2026-05-04,68.22,1.436,82.4,61.1,0
ASSET-880675E1,2026-05-05,67.07,1.564,80.0,53.3,0
ASSET-880675E1,2026-05-06,66.6,1.573,70.9,42.7,0
ASSET-880675E1,2026-05-07,65.38,1.782,80.7,48.2,0
ASSET-880675E1,2026-05-08,65.4,1.412,68.8,37.5,0
ASSET-880675E1,2026-05-09,63.94,1.474,86.3,51.7,0
ASSET-880675E1,2026-05-10,65.32,1.643,73.2,57.3,0
ASSET-880675E1,2026-05-11,65.41,1.433,78.1,59.7,0
ASSET-880675E1,2026-05-12,65.73,1.567,78.0,60.8,0
ASSET-880675E1,2026-05-13,65.75,1.435,71.5,64.7,0
ASSET-880675E1,2026-05-14,66.29,1.586,74.0,51.1,0
ASSET-880675E1,2026-05-15,64.76,1.227,82.2,55.6,0
ASSET-880675E1,2026-05-16,65.02,1.326,77.7,54.1,0
ASSET-880675E1,2026-05-17,64.92,1.389,83.0,40.1,0
ASSET-880675E1,2026-05-18,62.9,1.436,87.6,38.9,0
ASSET-880675E1,2026-05-19,63.08,1.335,84.7,59.5,0
ASSET-880675E1,2026-05-20,68.04,1.485,75.0,70.8,0
ASSET-880675E1,2026-05-21,61.77,1.299,79.9,48.2,0
ASSET-880675E1,2026-05-22,64.02,1.904,69.1,35.4,0
ASSET-880675E1,2026-05-23,65.96,1.408,76.7,67.1,0
ASSET-880675E1,2026-05-24,65.28,1.416,81.9,53.7,0
ASSET-880675E1,2026-05-25,63.55,1.371,86.5,47.9,0
ASSET-880675E1,2026-05-26,65.66,1.424,77.5,44.3,0
ASSET-880675E1,2026-05-27,62.46,1.391,82.1,45.2,0
ASSET-880675E1,2026-05-28,70.15,1.561,75.6,58.5,0
ASSET-880675E1,2026-05-29,67.38,1.478,77.1,41.8,0
ASSET-880675E1,2026-05-30,69.46,1.584,82.9,41.9,0
ASSET-880675E1,2026-05-31,66.95,1.539,87.4,24.2,0
ASSET-880675E1,2026-06-01,63.87,1.884,81.7,42.5,0
ASSET-880675E1,2026-06-02,63.31,1.375,77.8,58.3,0
ASSET-880675E1,2026-06-03,67.46,1.544,81.7,45.8,0
ASSET-880675E1,2026-06-04,66.38,1.434,84.8,62.2,0
ASSET-880675E1,2026-06-05,64.71,1.441,81.2,51.1,0
ASSET-880675E1,2026-06-06,69.31,1.148,86.8,45.4,0
ASSET-880675E1,2026-06-07,60.82,1.158,73.5,67.2,0
ASSET-880675E1,2026-06-08,67.56,1.318,86.4,69.8,0
ASSET-880675E1,2026-06-09,61.04,1.496,77.2,58.2,0
ASSET-880675E1,2026-06-10,61.24,1.781,76.0,45.5,0
ASSET-880675E1,2026-06-11,70.8,1.868,79.1,61.6,0
ASSET-880675E1,2026-06-12,63.64,1.788,84.1,54.1,0
ASSET-880675E1,2026-06-13,65.89,1.412,78.4,59.2,0
ASSET-880675E1,2026-06-14,67.57,1.483,90.2,47.4,0
ASSET-880675E1,2026-06-15,63.13,1.665,80.9,28.3,0
ASSET-880675E1,2026-06-16,60.85,1.735,81.4,55.9,0
ASSET-880675E1,2026-06-17,68.18,1.516,76.3,68.1,0
ASSET-880675E1,2026-06-18,62.94,1.117,83.9,48.9,0
ASSET-880675E1,2026-06-19,62.4,1.551,79.3,57.0,0
ASSET-880675E1,2026-06-20,69.78,1.328,75.9,29.8,0
ASSET-880675E1,2026-06-21,62.39,1.707,73.3,47.9,0
ASSET-880675E1,2026-06-22,68.99,1.345,87.8,40.3,0
ASSET-880675E1,2026-06-23,62.86,1.512,77.8,32.5,0
ASSET-880675E1,2026-06-24,67.64,1.392,75.1,41.8,0
ASSET-880675E1,2026-06-25,66.87,1.686,85.6,40.8,0
ASSET-880675E1,2026-06-26,60.88,1.534,78.9,50.5,0
ASSET-880675E1,2026-06-27,68.02,1.775,72.3,63.7,0
ASSET-880675E1,2026-06-28,65.7,1.72,75.3,41.4,0
ASSET-880675E1,2026-06-29,63.54,1.909,84.9,42.8,0
ASSET-880675E1,2026-06-30,64.81,1.359,76.0,47.2,0
ASSET-880675E1,2026-07-01,59.4,1.517,78.9,42.5,0
ASSET-880675E1,2026-07-02,60.28,1.65,77.3,51.9,0
ASSET-880675E1,2026-07-03,66.56,1.525,74.5,37.2,0
ASSET-880675E1,2026-07-04,65.41,1.702,79.9,45.8,0
ASSET-880675E1,2026-07-05,62.64,1.623,86.4,69.1,0
ASSET-880675E1,2026-07-06,67.43,1.309,78.2,55.2,0
ASSET-880675E1,2026-07-07,66.67,1.62,86.1,38.8,0
ASSET-880675E1,2026-07-08,65.1,1.354,68.9,37.9,0
ASSET-880675E1,2026-07-09,64.79,1.671,86.1,49.9,0
ASSET-880675E1,2026-07-10,64.67,1.668,85.7,42.1,0
ASSET-880675E1,2026-07-11,63.78,1.712,80.4,51.6,0
ASSET-880675E1,2026-07-12,66.1,1.456,75.4,55.6,0
ASSET-880675E1,2026-07-13,63.28,1.339,71.0,58.0,0
ASSET-880675E1,2026-07-14,67.09,1.18,77.8,44.5,0
ASSET-880675E1,2026-07-15,64.18,1.257,76.9,58.5,0
ASSET-880675E1,2026-07-16,71.34,1.447,88.3,62.1,0
ASSET-880675E1,2026-07-17,67.53,1.464,88.3,56.1,0
ASSET-880675E1,2026-07-18,66.58,1.447,74.2,44.1,0
ASSET-880675E1,2026-07-19,63.04,1.282,75.1,62.7,0
ASSET-880675E1,2026-07-20,66.83,1.875,80.3,52.5,0
ASSET-880675E1,2026-07-21,66.39,1.294,79.5,52.2,0
ASSET-880675E1,2026-07-22,60.13,1.869,74.6,49.4,0
ASSET-880675E1,2026-07-23,62.35,1.271,85.1,44.8,0
ASSET-880675E1,2026-07-24,69.24,1.44,77.0,70.4,0
ASSET-880675E1,2026-07-25,69.32,1.469,79.1,53.0,0
ASSET-880675E1,2026-07-26,64.26,1.436,80.4,37.2,0
ASSET-880675E1,2026-07-27,66.28,1.869,82.0,25.2,0
ASSET-880675E1,2026-07-28,65.35,1.232,84.1,22.8,0
ASSET-880675E1,2026-07-29,69.38,1.559,85.2,47.9,0
ASSET-880675E1,2026-07-30,64.24,1.324,77.0,54.4,0
ASSET-880675E1,2026-07-31,68.31,1.137,86.3,37.0,0
ASSET-880675E1,2026-08-01,66.23,1.175,87.5,49.0,0
ASSET-880675E1,2026-08-02,67.13,1.237,81.2,32.0,0
ASSET-880675E1,2026-08-03,66.75,1.748,81.0,54.6,0
ASSET-880675E1,2026-08-04,64.13,1.792,82.8,47.6,0
ASSET-880675E1,2026-08-05,59.41,1.083,75.4,47.4,0
ASSET-880675E1,2026-08-06,72.84,1.185,71.0,44.9,0
ASSET-880675E1,2026-08-07,65.23,1.847,77.8,60.5,0
ASSET-880675E1,2026-08-08,62.42,1.364,84.3,61.0,0
ASSET-880675E1,2026-08-09,64.01,1.587,75.5,54.8,0
ASSET-880675E1,2026-08-10,65.45,1.05,78.0,72.8,0
ASSET-880675E1,2026-08-11,64.85,1.701,84.1,33.9,0
ASSET-880675E1,2026-08-12,70.33,1.459,75.0,45.3,0
ASSET-880675E1,2026-08-13,63.07,1.409,84.7,60.2,0
ASSET-880675E1,2026-08-14,64.48,1.717,79.3,52.5,0
ASSET-880675E1,2026-08-15,69.23,1.234,88.2,43.1,0
ASSET-880675E1,2026-08-16,66.54,1.511,74.3,42.5,0
ASSET-880675E1,2026-08-17,64.2,1.326,85.5,23.5,0
ASSET-880675E1,2026-08-18,68.44,1.522,85.3,50.7,0
ASSET-880675E1,2026-08-19,69.11,1.476,81.3,55.0,0
ASSET-880675E1,2026-08-20,62.75,1.43,88.6,62.5,0
ASSET-880675E1,2026-08-21,71.09,1.084,74.9,46.6,0
ASSET-880675E1,2026-08-22,59.06,1.389,75.5,61.4,0
ASSET-880675E1,2026-08-23,64.25,1.458,74.5,29.9,0
ASSET-880675E1,2026-08-24,65.84,1.731,70.1,65.9,0
ASSET-880675E1,2026-08-25,63.97,1.617,85.9,34.3,0
ASSET-880675E1,2026-08-26,65.66,1.042,78.5,52.8,0
ASSET-880675E1,2026-08-27,67.92,1.79,81.5,46.3,0
ASSET-880675E1,2026-08-28,65.08,1.667,86.4,61.7,0
ASSET-880675E1,2026-08-29,64.95,1.646,80.3,56.2,0
ASSET-880675E1,2026-08-30,63.07,1.653,79.0,48.2,0
ASSET-880675E1,2026-08-31,69.27,1.263,86.0,36.5,0
ASSET-880675E1,2026-09-01,62.96,1.325,86.9,57.2,0
ASSET-880675E1,2026-09-02,66.15,1.225,80.8,55.6,0
ASSET-880675E1,2026-09-03,66.24,1.491,81.0,39.8,0
ASSET-880675E1,2026-09-04,63.0,1.313,82.0,49.5,0
ASSET-880675E1,2026-09-05,67.46,1.46,76.2,65.7,0
ASSET-880675E1,2026-09-06,64.76,1.576,87.2,64.5,0
ASSET-880675E1,2026-09-07,64.0,1.224,88.3,43.5,0
ASSET-880675E1,2026-09-08,58.51,1.49,84.0,45.2,0
ASSET-880675E1,2026-09-09,66.35,1.834,82.1,56.1,0
ASSET-880675E1,2026-09-10,58.12,1.039,76.7,51.9,0
ASSET-880675E1,2026-09-11,60.91,1.567,79.5,36.4,0
ASSET-880675E1,2026-09-12,54.75,1.331,83.3,52.8,0
ASSET-880675E1,2026-09-13,70.06,1.303,77.4,58.6,0
ASSET-880675E1,2026-09-14,62.23,1.393,79.6,41.4,0
ASSET-880675E1,2026-09-15,63.08,1.434,86.2,38.6,0
ASSET-B5281626,2026-03-20,63.03,1.062,84.0,49.1,0
ASSET-B5281626,2026-03-21,62.01,1.553,71.1,51.9,0
ASSET-B5281626,2026-03-22,63.62,1.314,86.5,47.6,0
ASSET-B5281626,2026-03-23,61.13,1.681,78.8,35.3,0
ASSET-B5281626,2026-03-24,64.31,1.542,73.4,48.1,0
ASSET-B5281626,2026-03-25,63.81,1.446,75.0,45.6,0
ASSET-B5281626,2026-03-26,66.44,1.398,79.4,53.2,0
ASSET-B5281626,2026-03-27,61.41,1.585,75.5,42.0,0
ASSET-B5281626,2026-03-28,60.92,1.548,83.0,42.1,0
ASSET-B5281626,2026-03-29,67.57,1.263,78.9,60.3,0
ASSET-B5281626,2026-03-30,65.5,1.572,83.7,63.3,0
ASSET-B5281626,2026-03-31,69.29,1.287,81.1,65.6,0
ASSET-B5281626,2026-04-01,65.19,1.603,77.5,49.2,0
ASSET-B5281626,2026-04-02,65.77,1.671,79.4,51.1,0
ASSET-B5281626,2026-04-03,62.36,1.693,79.0,50.6,0
ASSET-B5281626,2026-04-04,63.74,1.619,81.7,80.6,0
ASSET-B5281626,2026-04-05,62.5,1.539,77.5,49.5,0
ASSET-B5281626,2026-04-06,63.99,1.393,77.9,41.5,0
ASSET-B5281626,2026-04-07,64.59,1.371,77.5,49.0,0
ASSET-B5281626,2026-04-08,64.59,1.413,84.6,43.4,0
ASSET-B5281626,2026-04-09,67.68,1.659,80.1,41.4,0
ASSET-B5281626,2026-04-10,68.22,1.375,86.2,46.6,0
ASSET-B5281626,2026-04-11,67.23,1.873,74.8,53.0,0
ASSET-B5281626,2026-04-12,60.57,1.611,73.0,43.5,0
ASSET-B5281626,2026-04-13,64.13,1.577,82.0,41.7,0
ASSET-B5281626,2026-04-14,60.02,1.398,79.0,62.5,0
ASSET-B5281626,2026-04-15,62.89,1.231,85.7,46.3,0
ASSET-B5281626,2026-04-16,66.93,1.432,74.7,65.9,0
ASSET-B5281626,2026-04-17,59.56,1.791,76.0,50.3,0
ASSET-B5281626,2026-04-18,64.21,1.517,89.1,60.0,0
ASSET-B5281626,2026-04-19,64.8,1.678,87.9,49.7,0
ASSET-B5281626,2026-04-20,60.97,1.151,67.6,43.8,0
ASSET-B5281626,2026-04-21,61.64,1.064,73.3,52.2,0
ASSET-B5281626,2026-04-22,67.34,1.419,82.6,50.3,0
ASSET-B5281626,2026-04-23,59.13,1.309,79.0,61.6,0
ASSET-B5281626,2026-04-24,64.72,1.729,73.4,42.7,0
ASSET-B5281626,2026-04-25,66.03,1.706,79.9,37.0,0
ASSET-B5281626,2026-04-26,60.52,1.446,79.8,56.4,0
ASSET-B5281626,2026-04-27,67.16,1.471,86.7,49.0,0
ASSET-B5281626,2026-04-28,60.98,1.78,73.2,37.1,0
ASSET-B5281626,2026-04-29,64.34,1.4,73.2,27.9,0
ASSET-B5281626,2026-04-30,66.06,1.351,87.4,65.9,0
ASSET-B5281626,2026-05-01,69.8,1.517,87.6,58.9,0
ASSET-B5281626,2026-05-02,67.06,1.424,85.2,48.3,0
ASSET-B5281626,2026-05-03,67.72,1.302,82.8,36.1,0
ASSET-B5281626,2026-05-04,64.6,1.491,70.1,36.5,0
ASSET-B5281626,2026-05-05,64.88,1.33,78.6,64.7,0
ASSET-B5281626,2026-05-06,64.57,1.796,78.1,43.6,0
ASSET-B5281626,2026-05-07,65.57,1.469,73.9,50.0,0
ASSET-B5281626,2026-05-08,64.96,1.489,90.0,66.9,0
ASSET-B5281626,2026-05-09,63.85,1.447,80.1,55.3,0
ASSET-B5281626,2026-05-10,64.08,1.693,74.8,53.7,0
ASSET-B5281626,2026-05-11,61.7,1.451,75.0,55.5,0
ASSET-B5281626,2026-05-12,63.21,1.55,80.4,23.4,0
ASSET-B5281626,2026-05-13,58.25,1.539,73.9,47.2,0
ASSET-B5281626,2026-05-14,62.39,1.278,78.3,50.8,0
ASSET-B5281626,2026-05-15,65.25,1.441,78.5,59.4,0
ASSET-B5281626,2026-05-16,68.17,1.624,91.4,52.5,0
ASSET-B5281626,2026-05-17,68.99,1.712,85.0,47.0,0
ASSET-B5281626,2026-05-18,67.57,1.668,77.7,48.9,0
ASSET-B5281626,2026-05-19,67.17,1.864,79.6,43.2,0
ASSET-B5281626,2026-05-20,58.58,1.365,73.1,26.6,0
ASSET-B5281626,2026-05-21,71.63,1.627,79.6,54.3,0
ASSET-B5281626,2026-05-22,61.68,1.373,72.5,35.6,0
ASSET-B5281626,2026-05-23,64.85,1.449,75.2,49.5,0
ASSET-B5281626,2026-05-24,61.14,1.58,85.9,37.5,0
ASSET-B5281626,2026-05-25,63.49,1.525,82.0,38.5,0
ASSET-B5281626,2026-05-26,63.41,1.607,81.9,51.1,0
ASSET-B5281626,2026-05-27,64.59,1.494,70.3,33.8,0
ASSET-B5281626,2026-05-28,62.16,1.185,82.3,52.7,0
ASSET-B5281626,2026-05-29,65.33,1.583,81.0,46.4,0
ASSET-B5281626,2026-05-30,69.78,1.621,83.7,52.2,0
ASSET-B5281626,2026-05-31,65.81,1.661,78.2,58.2,0
ASSET-B5281626,2026-06-01,67.14,1.316,71.9,61.4,0
ASSET-B5281626,2026-06-02,62.06,1.303,83.0,31.5,0
ASSET-B5281626,2026-06-03,65.08,1.062,77.6,54.5,0
ASSET-B5281626,2026-06-04,61.34,1.568,76.0,41.0,0
ASSET-B5281626,2026-06-05,67.07,1.307,76.9,45.4,0
ASSET-B5281626,2026-06-06,73.21,1.651,74.4,60.1,0
ASSET-B5281626,2026-06-07,64.1,1.517,77.2,39.7,0
ASSET-B5281626,2026-06-08,70.32,1.515,88.4,66.2,0
ASSET-B5281626,2026-06-09,62.34,1.461,85.2,34.9,0
ASSET-B5281626,2026-06-10,61.87,1.355,87.8,36.2,0
ASSET-B5281626,2026-06-11,66.7,1.799,74.1,34.0,0
ASSET-B5281626,2026-06-12,66.3,1.542,78.8,45.0,0
ASSET-B5281626,2026-06-13,69.13,1.177,70.0,53.4,0
ASSET-B5281626,2026-06-14,64.01,1.71,81.2,50.1,0
ASSET-B5281626,2026-06-15,65.62,1.735,81.6,37.9,0
ASSET-B5281626,2026-06-16,70.93,1.499,77.3,62.3,0
ASSET-B5281626,2026-06-17,63.59,1.702,79.0,34.8,0
ASSET-B5281626,2026-06-18,61.79,1.316,74.8,61.7,0
ASSET-B5281626,2026-06-19,65.63,1.798,76.7,44.6,0
ASSET-B5281626,2026-06-20,68.61,1.574,76.0,54.3,0
ASSET-B5281626,2026-06-21,63.36,1.677,88.6,61.2,0
ASSET-B5281626,2026-06-22,60.66,1.175,76.1,38.2,0
ASSET-B5281626,2026-06-23,66.9,1.29,81.3,65.1,0
ASSET-B5281626,2026-06-24,64.75,1.356,75.9,60.0,0
ASSET-B5281626,2026-06-25,63.4,1.025,77.2,39.1,0
ASSET-B5281626,2026-06-26,63.96,1.598,88.4,57.3,0
ASSET-B5281626,2026-06-27,65.37,1.702,77.0,63.0,0
ASSET-B5281626,2026-06-28,63.14,1.888,88.4,43.4,0
ASSET-B5281626,2026-06-29,61.45,1.167,84.5,52.0,0
ASSET-B5281626,2026-06-30,64.45,1.357,86.5,55.3,0
ASSET-B5281626,2026-07-01,60.43,1.184,77.8,68.9,0
ASSET-B5281626,2026-07-02,66.72,1.45,81.0,45.3,0
ASSET-B5281626,2026-07-03,63.22,1.503,78.9,47.4,0
ASSET-B5281626,2026-07-04,66.26,1.506,78.9,52.4,0
ASSET-B5281626,2026-07-05,66.91,1.354,76.8,43.8,0
ASSET-B5281626,2026-07-06,60.33,1.508,76.5,39.6,0
ASSET-B5281626,2026-07-07,63.38,1.818,78.2,37.6,0
ASSET-B5281626,2026-07-08,66.9,1.344,81.3,23.4,0
ASSET-B5281626,2026-07-09,64.49,1.628,79.7,46.7,0
ASSET-B5281626,2026-07-10,64.33,1.51,85.9,46.3,0
ASSET-B5281626,2026-07-11,65.54,1.327,86.9,38.6,0
ASSET-B5281626,2026-07-12,65.33,1.623,77.9,60.2,0
ASSET-B5281626,2026-07-13,65.76,1.422,80.7,42.5,0
ASSET-B5281626,2026-07-14,66.23,1.251,79.5,52.3,0
ASSET-B5281626,2026-07-15,66.72,1.534,80.6,50.6,0
ASSET-B5281626,2026-07-16,62.47,1.497,86.1,62.6,0
ASSET-B5281626,2026-07-17,64.11,1.243,78.1,55.0,0
ASSET-B5281626,2026-07-18,65.4,1.779,70.9,48.7,0
ASSET-B5281626,2026-07-19,62.56,1.16,80.7,51.5,0
ASSET-B5281626,2026-07-20,57.35,1.463,75.4,32.3,0
ASSET-B5281626,2026-07-21,68.38,1.593,68.3,52.0,0
ASSET-B5281626,2026-07-22,66.13,1.674,84.5,40.4,0
ASSET-B5281626,2026-07-23,64.57,1.224,83.6,49.5,0
ASSET-B5281626,2026-07-24,62.63,1.921,80.1,34.6,0
ASSET-B5281626,2026-07-25,70.3,1.319,84.9,53.6,0
ASSET-B5281626,2026-07-26,71.05,1.594,80.4,35.7,0
ASSET-B5281626,2026-07-27,60.7,1.41,87.7,47.9,0
ASSET-B5281626,2026-07-28,68.44,1.703,68.5,48.1,0
ASSET-B5281626,2026-07-29,70.73,1.496,86.7,67.8,0
ASSET-B5281626,2026-07-30,61.27,1.558,80.5,51.1,0
ASSET-B5281626,2026-07-31,62.58,1.668,88.6,50.4,0
ASSET-B5281626,2026-08-01,66.01,1.761,80.5,51.4,0
ASSET-B5281626,2026-08-02,62.17,1.413,88.0,55.3,0
ASSET-B5281626,2026-08-03,62.09,1.133,79.4,65.2,0
ASSET-B5281626,2026-08-04,62.48,1.188,80.1,65.2,0
ASSET-B5281626,2026-08-05,63.33,1.261,82.3,49.8,0
ASSET-B5281626,2026-08-06,60.03,1.676,79.5,52.3,0
ASSET-B5281626,2026-08-07,58.79,1.489,85.8,44.8,0
ASSET-B5281626,2026-08-08,60.11,1.347,81.8,59.4,0
ASSET-B5281626,2026-08-09,63.13,1.597,91.3,37.9,0
ASSET-B5281626,2026-08-10,65.9,1.851,83.0,59.9,0
ASSET-B5281626,2026-08-11,65.61,1.698,68.9,67.7,0
ASSET-B5281626,2026-08-12,65.49,1.35,81.1,50.0,0
ASSET-B5281626,2026-08-13,60.94,1.363,82.4,68.0,0
ASSET-B5281626,2026-08-14,65.73,1.244,86.0,32.2,0
ASSET-B5281626,2026-08-15,65.97,1.519,79.7,68.5,0
ASSET-B5281626,2026-08-16,65.7,1.687,83.1,41.5,0
ASSET-B5281626,2026-08-17,64.29,1.382,78.7,49.9,0
ASSET-B5281626,2026-08-18,62.44,1.394,91.9,54.4,0
ASSET-B5281626,2026-08-19,67.99,1.674,72.5,69.5,0
ASSET-B5281626,2026-08-20,67.34,1.725,78.5,59.0,0
ASSET-B5281626,2026-08-21,69.29,1.348,78.1,53.9,0
ASSET-B5281626,2026-08-22,66.75,1.328,81.4,40.6,0
ASSET-B5281626,2026-08-23,73.66,1.448,77.2,43.3,0
ASSET-B5281626,2026-08-24,63.92,1.441,79.4,44.8,0
ASSET-B5281626,2026-08-25,69.01,1.592,72.2,39.7,0
ASSET-B5281626,2026-08-26,62.2,1.583,71.4,59.6,0
ASSET-B5281626,2026-08-27,63.12,1.444,75.8,36.1,0
ASSET-B5281626,2026-08-28,64.24,1.455,77.6,45.9,0
ASSET-B5281626,2026-08-29,63.8,1.494,76.5,53.7,0
ASSET-B5281626,2026-08-30,65.74,1.718,70.5,45.8,0
ASSET-B5281626,2026-08-31,62.86,1.504,75.2,55.4,0
ASSET-B5281626,2026-09-01,65.65,1.666,70.2,52.6,0
ASSET-B5281626,2026-09-02,65.7,1.411,89.0,68.0,0
ASSET-B5281626,2026-09-03,64.33,1.235,83.8,59.1,0
ASSET-B5281626,2026-09-04,66.22,1.376,89.7,47.4,0
ASSET-B5281626,2026-09-05,71.43,1.53,83.4,31.1,0
ASSET-B5281626,2026-09-06,69.14,1.642,83.6,69.2,0
ASSET-B5281626,2026-09-07,64.81,0.974,81.2,46.8,0
ASSET-B5281626,2026-09-08,61.05,1.414,79.2,72.8,0
ASSET-B5281626,2026-09-09,70.92,1.479,83.0,50.9,0
ASSET-B5281626,2026-09-10,66.32,1.759,80.7,49.9,0
ASSET-B5281626,2026-09-11,67.69,1.323,76.7,50.1,0
ASSET-B5281626,2026-09-12,61.6,1.094,85.5,48.8,0
ASSET-B5281626,2026-09-13,67.4,1.538,81.0,40.1,0
ASSET-B5281626,2026-09-14,65.99,1.261,77.3,49.2,0
ASSET-B5281626,2026-09-15,67.4,1.597,72.1,47.0,0
ASSET-DFCB5FFB,2026-03-20,63.24,1.362,80.6,52.9,0
ASSET-DFCB5FFB,2026-03-21,68.55,1.443,79.5,22.2,0
ASSET-DFCB5FFB,2026-03-22,64.51,1.441,82.7,59.3,0
ASSET-DFCB5FFB,2026-03-23,63.18,1.582,75.9,32.0,0
ASSET-DFCB5FFB,2026-03-24,58.67,1.5,78.9,40.7,0
ASSET-DFCB5FFB,2026-03-25,65.19,1.487,80.1,43.6,0
ASSET-DFCB5FFB,2026-03-26,67.06,1.735,76.4,56.0,0
ASSET-DFCB5FFB,2026-03-27,66.38,1.822,86.9,40.3,0
ASSET-DFCB5FFB,2026-03-28,66.52,1.734,82.8,44.5,0
ASSET-DFCB5FFB,2026-03-29,67.0,1.418,75.6,56.4,0
ASSET-DFCB5FFB,2026-03-30,64.07,1.478,82.5,56.9,0
ASSET-DFCB5FFB,2026-03-31,61.13,1.372,85.3,40.5,0
ASSET-DFCB5FFB,2026-04-01,64.38,1.185,79.3,52.1,0
ASSET-DFCB5FFB,2026-04-02,65.76,1.484,77.5,48.9,0
ASSET-DFCB5FFB,2026-04-03,66.91,1.586,80.4,57.0,0
ASSET-DFCB5FFB,2026-04-04,68.35,1.377,77.4,44.9,0
ASSET-DFCB5FFB,2026-04-05,59.89,1.452,78.6,54.1,0
ASSET-DFCB5FFB,2026-04-06,64.16,1.614,77.6,37.8,0
ASSET-DFCB5FFB,2026-04-07,64.13,1.687,73.7,54.4,0
ASSET-DFCB5FFB,2026-04-08,61.6,1.367,80.5,57.8,0
ASSET-DFCB5FFB,2026-04-09,66.64,1.558,83.7,49.8,0
ASSET-DFCB5FFB,2026-04-10,65.82,1.774,86.1,35.4,0
ASSET-DFCB5FFB,2026-04-11,66.57,1.297,76.3,50.3,0
ASSET-DFCB5FFB,2026-04-12,61.43,1.619,79.8,41.5,0
ASSET-DFCB5FFB,2026-04-13,64.15,1.215,81.8,63.6,0
ASSET-DFCB5FFB,2026-04-14,63.65,1.477,74.5,68.1,0
ASSET-DFCB5FFB,2026-04-15,65.77,1.509,86.2,56.5,0
ASSET-DFCB5FFB,2026-04-16,68.33,1.567,83.6,43.0,0
ASSET-DFCB5FFB,2026-04-17,64.07,1.636,73.9,46.3,0
ASSET-DFCB5FFB,2026-04-18,60.52,1.471,91.4,51.1,0
ASSET-DFCB5FFB,2026-04-19,66.41,1.478,83.3,37.9,0
ASSET-DFCB5FFB,2026-04-20,64.22,1.263,82.4,74.3,0
ASSET-DFCB5FFB,2026-04-21,67.33,1.356,72.0,41.4,0
ASSET-DFCB5FFB,2026-04-22,64.69,1.634,81.4,36.9,0
ASSET-DFCB5FFB,2026-04-23,61.51,1.734,81.2,48.2,0
ASSET-DFCB5FFB,2026-04-24,72.83,1.464,79.8,26.9,0
ASSET-DFCB5FFB,2026-04-25,65.13,1.407,81.2,56.9,0
ASSET-DFCB5FFB,2026-04-26,64.71,1.512,73.2,47.5,0
ASSET-DFCB5FFB,2026-04-27,64.94,1.166,79.3,53.4,0
ASSET-DFCB5FFB,2026-04-28,63.91,1.983,81.4,60.4,0
ASSET-DFCB5FFB,2026-04-29,62.7,1.681,71.6,51.2,0
ASSET-DFCB5FFB,2026-04-30,63.47,1.358,85.6,37.6,0
ASSET-DFCB5FFB,2026-05-01,63.29,1.583,78.4,39.5,0
ASSET-DFCB5FFB,2026-05-02,61.13,1.51,81.5,50.3,0
ASSET-DFCB5FFB,2026-05-03,69.53,1.368,69.9,49.4,0
ASSET-DFCB5FFB,2026-05-04,61.95,1.49,76.1,38.4,0
ASSET-DFCB5FFB,2026-05-05,67.26,1.564,77.3,64.1,0
ASSET-DFCB5FFB,2026-05-06,65.85,1.725,83.7,48.5,0
ASSET-DFCB5FFB,2026-05-07,70.53,1.1,79.2,53.6,0
ASSET-DFCB5FFB,2026-05-08,67.97,1.417,78.4,49.8,0
ASSET-DFCB5FFB,2026-05-09,64.61,1.216,80.2,64.2,0
ASSET-DFCB5FFB,2026-05-10,59.26,1.511,74.8,37.4,0
ASSET-DFCB5FFB,2026-05-11,69.35,1.596,79.3,47.4,0
ASSET-DFCB5FFB,2026-05-12,62.82,1.391,79.3,46.2,0
ASSET-DFCB5FFB,2026-05-13,64.74,1.764,84.1,63.7,0
ASSET-DFCB5FFB,2026-05-14,61.27,1.691,83.5,59.2,0
ASSET-DFCB5FFB,2026-05-15,66.14,1.16,71.9,39.6,0
ASSET-DFCB5FFB,2026-05-16,64.1,1.734,75.0,47.7,0
ASSET-DFCB5FFB,2026-05-17,73.61,1.51,83.5,46.4,0
ASSET-DFCB5FFB,2026-05-18,67.02,1.277,80.2,41.4,0
ASSET-DFCB5FFB,2026-05-19,63.7,1.569,79.3,42.9,0
ASSET-DFCB5FFB,2026-05-20,61.01,1.28,69.3,53.9,0
ASSET-DFCB5FFB,2026-05-21,60.3,1.322,76.6,62.9,0
ASSET-DFCB5FFB,2026-05-22,64.91,1.461,82.0,40.5,0
ASSET-DFCB5FFB,2026-05-23,65.64,1.304,75.0,52.0,0
ASSET-DFCB5FFB,2026-05-24,67.36,1.746,80.1,42.6,0
ASSET-DFCB5FFB,2026-05-25,68.08,1.577,83.6,63.8,0
ASSET-DFCB5FFB,2026-05-26,68.66,1.639,78.7,57.7,0
ASSET-DFCB5FFB,2026-05-27,67.44,1.526,84.4,60.1,0
ASSET-DFCB5FFB,2026-05-28,65.48,1.485,84.6,47.5,0
ASSET-DFCB5FFB,2026-05-29,62.93,1.283,78.2,38.9,0
ASSET-DFCB5FFB,2026-05-30,62.46,1.821,71.4,41.8,0
ASSET-DFCB5FFB,2026-05-31,63.43,1.753,74.5,54.0,0
ASSET-DFCB5FFB,2026-06-01,68.18,1.916,84.1,41.0,0
ASSET-DFCB5FFB,2026-06-02,64.68,1.507,69.9,54.1,0
ASSET-DFCB5FFB,2026-06-03,63.22,1.501,77.7,48.6,0
ASSET-DFCB5FFB,2026-06-04,64.03,1.611,76.5,41.8,0
ASSET-DFCB5FFB,2026-06-05,71.08,1.432,73.3,45.1,0
ASSET-DFCB5FFB,2026-06-06,63.87,1.534,84.4,55.3,0
ASSET-DFCB5FFB,2026-06-07,62.68,1.423,85.6,53.9,0
ASSET-DFCB5FFB,2026-06-08,66.52,1.373,80.5,35.4,0
ASSET-DFCB5FFB,2026-06-09,61.53,1.779,81.3,54.7,0
ASSET-DFCB5FFB,2026-06-10,67.11,1.585,68.1,57.9,0
ASSET-DFCB5FFB,2026-06-11,63.9,1.785,77.2,52.8,0
ASSET-DFCB5FFB,2026-06-12,67.81,1.529,77.6,37.5,0
ASSET-DFCB5FFB,2026-06-13,61.6,1.243,77.2,53.8,0
ASSET-DFCB5FFB,2026-06-14,69.02,1.154,78.5,51.3,0
ASSET-DFCB5FFB,2026-06-15,67.08,1.508,80.2,49.7,0
ASSET-DFCB5FFB,2026-06-16,65.01,1.265,89.7,59.5,0
ASSET-DFCB5FFB,2026-06-17,66.21,1.736,84.4,58.1,0
ASSET-DFCB5FFB,2026-06-18,59.95,1.542,84.6,33.7,0
ASSET-DFCB5FFB,2026-06-19,67.68,1.404,83.8,59.8,0
ASSET-DFCB5FFB,2026-06-20,61.25,1.434,87.4,40.2,0
ASSET-DFCB5FFB,2026-06-21,67.55,1.492,74.7,42.4,0
ASSET-DFCB5FFB,2026-06-22,61.81,1.777,83.4,40.7,0
ASSET-DFCB5FFB,2026-06-23,67.56,1.932,76.3,73.4,0
ASSET-DFCB5FFB,2026-06-24,65.11,1.455,75.2,50.5,0
ASSET-DFCB5FFB,2026-06-25,59.37,1.387,84.8,46.0,0
ASSET-DFCB5FFB,2026-06-26,66.52,1.329,93.6,49.5,0
ASSET-DFCB5FFB,2026-06-27,63.57,1.737,92.0,56.5,0
ASSET-DFCB5FFB,2026-06-28,66.13,1.812,79.8,54.5,0
ASSET-DFCB5FFB,2026-06-29,63.4,1.208,73.6,50.1,0
ASSET-DFCB5FFB,2026-06-30,64.41,1.618,82.7,51.3,0
ASSET-DFCB5FFB,2026-07-01,62.56,1.725,76.9,56.7,0
ASSET-DFCB5FFB,2026-07-02,65.59,1.655,80.6,46.1,0
ASSET-DFCB5FFB,2026-07-03,59.36,1.417,83.3,43.6,0
ASSET-DFCB5FFB,2026-07-04,63.73,1.506,72.9,43.7,0
ASSET-DFCB5FFB,2026-07-05,58.67,1.971,84.1,48.2,0
ASSET-DFCB5FFB,2026-07-06,63.49,1.629,76.3,34.2,0
ASSET-DFCB5FFB,2026-07-07,63.92,1.422,86.3,39.6,0
ASSET-DFCB5FFB,2026-07-08,66.26,1.481,87.6,59.3,0
ASSET-DFCB5FFB,2026-07-09,58.05,1.482,84.6,45.9,0
ASSET-DFCB5FFB,2026-07-10,70.97,1.298,78.7,38.8,0
ASSET-DFCB5FFB,2026-07-11,66.03,1.59,78.8,42.9,0
ASSET-DFCB5FFB,2026-07-12,58.51,1.319,82.5,51.9,0
ASSET-DFCB5FFB,2026-07-13,64.38,2.096,73.3,52.5,0
ASSET-DFCB5FFB,2026-07-14,62.93,1.429,80.6,48.2,0
ASSET-DFCB5FFB,2026-07-15,67.6,1.31,84.4,55.1,0
ASSET-DFCB5FFB,2026-07-16,62.86,1.523,73.7,43.6,0
ASSET-DFCB5FFB,2026-07-17,70.61,1.309,79.1,61.3,0
ASSET-DFCB5FFB,2026-07-18,67.74,1.546,82.5,51.4,0
ASSET-DFCB5FFB,2026-07-19,65.66,1.635,86.5,45.6,0
ASSET-DFCB5FFB,2026-07-20,63.02,1.186,83.5,47.5,0
ASSET-DFCB5FFB,2026-07-21,70.59,1.147,77.0,45.9,0
ASSET-DFCB5FFB,2026-07-22,68.84,1.398,84.0,57.5,0
ASSET-DFCB5FFB,2026-07-23,62.74,1.933,83.2,52.4,0
ASSET-DFCB5FFB,2026-07-24,64.01,1.727,73.5,49.1,0
ASSET-DFCB5FFB,2026-07-25,59.9,1.367,69.2,68.9,0
ASSET-DFCB5FFB,2026-07-26,65.37,1.458,74.7,61.7,0
ASSET-DFCB5FFB,2026-07-27,65.4,1.479,77.2,65.7,0
ASSET-DFCB5FFB,2026-07-28,61.72,1.469,73.7,42.0,0
ASSET-DFCB5FFB,2026-07-29,66.69,1.215,73.3,52.1,0
ASSET-DFCB5FFB,2026-07-30,62.03,1.612,76.6,59.0,0
ASSET-DFCB5FFB,2026-07-31,62.14,1.484,84.8,55.8,0
ASSET-DFCB5FFB,2026-08-01,60.21,1.535,85.8,60.9,0
ASSET-DFCB5FFB,2026-08-02,62.07,1.656,81.0,54.3,0
ASSET-DFCB5FFB,2026-08-03,64.52,1.497,76.6,62.1,0
ASSET-DFCB5FFB,2026-08-04,60.8,1.664,80.5,48.0,0
ASSET-DFCB5FFB,2026-08-05,64.8,1.409,77.2,41.7,0
ASSET-DFCB5FFB,2026-08-06,65.72,1.381,72.5,55.9,0
ASSET-DFCB5FFB,2026-08-07,67.84,1.766,75.2,60.1,0
ASSET-DFCB5FFB,2026-08-08,63.73,0.995,73.4,59.6,0
ASSET-DFCB5FFB,2026-08-09,68.07,1.354,72.2,51.0,0
ASSET-DFCB5FFB,2026-08-10,68.07,1.461,84.4,25.6,0
ASSET-DFCB5FFB,2026-08-11,63.22,1.595,83.1,59.5,0
ASSET-DFCB5FFB,2026-08-12,63.98,1.246,85.3,57.2,0
ASSET-DFCB5FFB,2026-08-13,64.77,1.594,73.7,61.2,0
ASSET-DFCB5FFB,2026-08-14,60.21,1.132,83.3,38.1,0
ASSET-DFCB5FFB,2026-08-15,66.22,1.465,81.3,42.1,0
ASSET-DFCB5FFB,2026-08-16,66.73,1.398,81.3,46.6,0
ASSET-DFCB5FFB,2026-08-17,66.29,1.668,81.4,34.8,0
ASSET-DFCB5FFB,2026-08-18,65.92,1.562,80.0,35.7,0
ASSET-DFCB5FFB,2026-08-19,67.59,1.385,79.0,60.2,0
ASSET-DFCB5FFB,2026-08-20,66.0,1.619,82.5,54.7,0
ASSET-DFCB5FFB,2026-08-21,63.94,1.386,76.1,62.0,0
ASSET-DFCB5FFB,2026-08-22,63.81,1.715,75.2,41.8,0
ASSET-DFCB5FFB,2026-08-23,60.51,1.64,80.8,63.9,0
ASSET-DFCB5FFB,2026-08-24,61.91,1.732,71.9,35.2,0
ASSET-DFCB5FFB,2026-08-25,62.66,1.5,76.3,52.0,0
ASSET-DFCB5FFB,2026-08-26,66.93,1.277,78.7,36.6,0
ASSET-DFCB5FFB,2026-08-27,71.59,1.575,81.1,54.6,0
ASSET-DFCB5FFB,2026-08-28,65.01,1.37,80.2,70.4,0
ASSET-DFCB5FFB,2026-08-29,69.99,1.564,72.6,46.4,0
ASSET-DFCB5FFB,2026-08-30,63.01,1.231,78.8,35.6,0
ASSET-DFCB5FFB,2026-08-31,62.25,1.296,83.1,44.4,0
ASSET-DFCB5FFB,2026-09-01,67.07,1.583,89.0,60.4,0
ASSET-DFCB5FFB,2026-09-02,66.97,1.519,78.0,22.9,0
ASSET-DFCB5FFB,2026-09-03,65.29,1.535,83.2,58.9,0
ASSET-DFCB5FFB,2026-09-04,67.59,1.547,83.9,42.7,0
ASSET-DFCB5FFB,2026-09-05,65.34,1.648,90.3,57.9,0
ASSET-DFCB5FFB,2026-09-06,68.36,1.476,83.8,67.5,0
ASSET-DFCB5FFB,2026-09-07,65.0,1.738,80.3,54.8,0
ASSET-DFCB5FFB,2026-09-08,67.48,1.065,76.1,56.5,0
ASSET-DFCB5FFB,2026-09-09,65.51,1.264,76.3,49.9,0
ASSET-DFCB5FFB,2026-09-10,61.58,1.189,83.7,71.1,0
ASSET-DFCB5FFB,2026-09-11,66.14,1.612,64.0,44.8,0
ASSET-DFCB5FFB,2026-09-12,69.54,1.392,69.1,49.9,0
ASSET-DFCB5FFB,2026-09-13,67.56,1.402,77.1,36.4,0
ASSET-DFCB5FFB,2026-09-14,61.29,1.329,77.5,53.2,0
ASSET-DFCB5FFB,2026-09-15,58.69,1.371,78.6,45.1,0
ASSET-CF849136,2026-03-20,67.72,1.599,79.6,49.0,0
ASSET-CF849136,2026-03-21,70.94,1.509,76.1,49.2,0
ASSET-CF849136,2026-03-22,68.81,1.387,81.1,52.6,0
ASSET-CF849136,2026-03-23,62.51,1.315,75.7,48.4,0
ASSET-CF849136,2026-03-24,67.4,1.401,78.1,60.4,0
ASSET-CF849136,2026-03-25,60.23,1.5,84.5,62.1,0
ASSET-CF849136,2026-03-26,67.85,1.359,85.1,51.1,0
ASSET-CF849136,2026-03-27,68.82,1.051,78.2,51.4,0
ASSET-CF849136,2026-03-28,64.97,1.599,85.3,49.2,0
ASSET-CF849136,2026-03-29,58.34,1.436,78.0,47.9,0
ASSET-CF849136,2026-03-30,58.84,1.399,80.3,56.1,0
ASSET-CF849136,2026-03-31,62.18,1.672,71.5,37.3,0
ASSET-CF849136,2026-04-01,68.23,1.552,83.8,39.8,0
ASSET-CF849136,2026-04-02,64.36,1.517,79.8,51.7,0
ASSET-CF849136,2026-04-03,60.61,1.568,88.1,51.7,0
ASSET-CF849136,2026-04-04,66.63,1.54,91.5,41.5,0
ASSET-CF849136,2026-04-05,63.34,1.455,83.7,43.3,0
ASSET-CF849136,2026-04-06,59.24,1.65,79.5,41.8,0
ASSET-CF849136,2026-04-07,69.09,1.687,72.8,48.6,0
ASSET-CF849136,2026-04-08,63.18,1.214,82.3,41.9,0
ASSET-CF849136,2026-04-09,68.84,1.416,81.8,55.1,0
ASSET-CF849136,2026-04-10,60.49,1.617,84.8,40.5,0
ASSET-CF849136,2026-04-11,66.11,1.522,72.8,52.0,0
ASSET-CF849136,2026-04-12,60.84,1.353,86.3,54.3,0
ASSET-CF849136,2026-04-13,68.13,1.535,82.7,35.9,0
ASSET-CF849136,2026-04-14,63.91,1.473,86.3,53.2,0
ASSET-CF849136,2026-04-15,62.25,1.4,82.9,66.0,0
ASSET-CF849136,2026-04-16,64.91,1.12,78.2,62.4,0
ASSET-CF849136,2026-04-17,64.49,1.432,90.0,34.0,0
ASSET-CF849136,2026-04-18,62.66,1.634,84.0,37.8,0
ASSET-CF849136,2026-04-19,68.13,1.515,84.2,76.3,0
ASSET-CF849136,2026-04-20,65.42,1.536,84.6,65.0,0
ASSET-CF849136,2026-04-21,67.49,1.902,77.9,54.8,0
ASSET-CF849136,2026-04-22,61.94,1.345,77.5,56.8,0
ASSET-CF849136,2026-04-23,62.51,1.536,79.0,37.0,0
ASSET-CF849136,2026-04-24,62.57,1.822,80.8,49.2,0
ASSET-CF849136,2026-04-25,67.25,1.329,85.3,46.3,0
ASSET-CF849136,2026-04-26,61.18,1.364,74.4,50.4,0
ASSET-CF849136,2026-04-27,63.67,1.608,73.8,33.3,0
ASSET-CF849136,2026-04-28,65.01,1.601,76.8,49.2,0
ASSET-CF849136,2026-04-29,65.1,1.389,85.7,21.3,0
ASSET-CF849136,2026-04-30,63.7,1.4,77.1,53.8,0
ASSET-CF849136,2026-05-01,65.73,1.279,77.1,67.3,0
ASSET-CF849136,2026-05-02,65.66,1.268,77.7,41.6,0
ASSET-CF849136,2026-05-03,63.28,1.24,80.8,34.5,0
ASSET-CF849136,2026-05-04,65.07,1.385,79.2,55.9,0
ASSET-CF849136,2026-05-05,61.54,1.429,87.8,51.3,0
ASSET-CF849136,2026-05-06,64.8,1.57,82.2,48.1,0
ASSET-CF849136,2026-05-07,61.7,1.848,81.5,66.9,0
ASSET-CF849136,2026-05-08,70.22,1.237,73.8,66.1,0
ASSET-CF849136,2026-05-09,66.23,1.477,80.0,35.9,0
ASSET-CF849136,2026-05-10,63.9,1.383,87.3,63.3,0
ASSET-CF849136,2026-05-11,63.22,1.509,73.8,57.9,0
ASSET-CF849136,2026-05-12,65.09,1.728,74.3,40.0,0
ASSET-CF849136,2026-05-13,70.64,1.948,76.5,52.5,0
ASSET-CF849136,2026-05-14,64.15,1.364,80.5,31.8,0
ASSET-CF849136,2026-05-15,63.43,1.271,80.4,53.6,0
ASSET-CF849136,2026-05-16,64.61,1.488,79.1,42.0,0
ASSET-CF849136,2026-05-17,66.5,1.526,90.0,60.4,0
ASSET-CF849136,2026-05-18,66.83,1.737,74.0,53.2,0
ASSET-CF849136,2026-05-19,63.23,1.554,80.0,31.7,0
ASSET-CF849136,2026-05-20,71.08,1.552,69.8,50.9,0
ASSET-CF849136,2026-05-21,65.57,1.653,84.2,55.7,0
ASSET-CF849136,2026-05-22,59.32,1.437,81.5,33.8,0
ASSET-CF849136,2026-05-23,62.29,1.426,83.1,63.6,0
ASSET-CF849136,2026-05-24,66.03,1.418,82.5,41.9,0
ASSET-CF849136,2026-05-25,67.94,1.585,79.9,66.4,0
ASSET-CF849136,2026-05-26,64.83,1.322,77.0,66.5,0
ASSET-CF849136,2026-05-27,64.3,1.459,78.6,47.4,0
ASSET-CF849136,2026-05-28,61.24,2.02,78.6,44.2,0
ASSET-CF849136,2026-05-29,63.03,1.742,82.7,52.9,0
ASSET-CF849136,2026-05-30,64.62,1.38,72.6,54.8,0
ASSET-CF849136,2026-05-31,63.51,1.457,86.6,39.5,0
ASSET-CF849136,2026-06-01,66.8,1.755,74.9,57.6,0
ASSET-CF849136,2026-06-02,70.68,1.908,75.6,44.0,0
ASSET-CF849136,2026-06-03,63.39,1.629,83.3,47.4,0
ASSET-CF849136,2026-06-04,60.78,1.571,82.0,50.7,0
ASSET-CF849136,2026-06-05,64.74,1.489,79.1,62.5,0
ASSET-CF849136,2026-06-06,67.59,1.368,82.8,43.4,0
ASSET-CF849136,2026-06-07,62.79,1.29,87.0,35.9,0
ASSET-CF849136,2026-06-08,65.38,1.672,76.2,54.2,0
ASSET-CF849136,2026-06-09,60.69,1.56,81.1,46.1,0
ASSET-CF849136,2026-06-10,67.78,1.549,83.8,61.4,0
ASSET-CF849136,2026-06-11,68.99,1.877,83.8,47.5,0
ASSET-CF849136,2026-06-12,61.74,1.467,83.1,50.1,0
ASSET-CF849136,2026-06-13,60.15,1.384,79.8,45.7,0
ASSET-CF849136,2026-06-14,66.68,1.6,87.1,45.8,0
ASSET-CF849136,2026-06-15,64.56,1.11,85.2,57.9,0
ASSET-CF849136,2026-06-16,65.6,1.223,82.9,39.8,0
ASSET-CF849136,2026-06-17,62.34,1.348,84.0,45.6,0
ASSET-CF849136,2026-06-18,61.78,1.505,81.8,55.8,0
ASSET-CF849136,2026-06-19,61.31,1.696,82.0,43.5,0
ASSET-CF849136,2026-06-20,63.99,1.459,88.3,50.7,0
ASSET-CF849136,2026-06-21,59.23,1.671,77.5,40.2,0
ASSET-CF849136,2026-06-22,65.14,1.728,87.0,51.8,0
ASSET-CF849136,2026-06-23,68.37,1.626,74.4,51.4,0
ASSET-CF849136,2026-06-24,66.41,1.487,85.2,36.4,0
ASSET-CF849136,2026-06-25,68.2,1.03,89.5,41.3,0
ASSET-CF849136,2026-06-26,64.74,1.186,70.0,55.3,0
ASSET-CF849136,2026-06-27,70.16,1.205,80.8,43.9,0
ASSET-CF849136,2026-06-28,66.15,1.671,72.1,46.3,0
ASSET-CF849136,2026-06-29,61.74,1.455,83.7,52.4,0
ASSET-CF849136,2026-06-30,66.49,1.335,80.7,55.3,0
ASSET-CF849136,2026-07-01,62.02,1.57,88.0,47.9,0
ASSET-CF849136,2026-07-02,65.76,1.698,84.4,29.6,0
ASSET-CF849136,2026-07-03,62.57,1.459,67.0,38.1,0
ASSET-CF849136,2026-07-04,62.56,1.695,79.9,42.2,0
ASSET-CF849136,2026-07-05,57.76,1.301,76.7,50.6,0
ASSET-CF849136,2026-07-06,65.45,1.446,80.2,64.3,0
ASSET-CF849136,2026-07-07,61.69,1.509,78.6,51.0,0
ASSET-CF849136,2026-07-08,59.9,1.728,78.9,50.6,0
ASSET-CF849136,2026-07-09,69.56,1.669,79.5,65.1,0
ASSET-CF849136,2026-07-10,61.49,1.585,84.2,53.6,0
ASSET-CF849136,2026-07-11,71.27,1.362,79.9,40.5,0
ASSET-CF849136,2026-07-12,64.0,1.032,80.4,66.3,0
ASSET-CF849136,2026-07-13,63.01,1.561,82.5,39.0,0
ASSET-CF849136,2026-07-14,66.06,1.654,81.4,47.0,0
ASSET-CF849136,2026-07-15,65.33,1.515,71.0,52.6,0
ASSET-CF849136,2026-07-16,66.07,1.589,82.5,43.2,0
ASSET-CF849136,2026-07-17,59.84,1.612,93.0,37.9,0
ASSET-CF849136,2026-07-18,70.06,1.241,83.4,50.1,0
ASSET-CF849136,2026-07-19,64.35,1.581,85.4,62.3,0
ASSET-CF849136,2026-07-20,59.41,1.683,83.5,58.1,0
ASSET-CF849136,2026-07-21,66.89,1.525,76.7,54.7,0
ASSET-CF849136,2026-07-22,61.38,1.461,71.9,46.9,0
ASSET-CF849136,2026-07-23,64.39,1.61,83.3,42.9,0
ASSET-CF849136,2026-07-24,63.97,1.508,78.2,29.2,0
ASSET-CF849136,2026-07-25,63.19,1.648,76.9,35.5,0
ASSET-CF849136,2026-07-26,59.15,1.144,75.0,51.5,0
ASSET-CF849136,2026-07-27,65.34,1.389,84.4,57.2,0
ASSET-CF849136,2026-07-28,66.16,1.581,81.4,40.4,0
ASSET-CF849136,2026-07-29,63.88,1.747,78.5,49.6,0
ASSET-CF849136,2026-07-30,67.98,1.329,83.0,53.4,0
ASSET-CF849136,2026-07-31,66.54,1.53,87.4,54.6,0
ASSET-CF849136,2026-08-01,64.75,1.504,85.5,53.4,0
ASSET-CF849136,2026-08-02,64.71,1.634,78.2,47.4,0
ASSET-CF849136,2026-08-03,67.29,1.63,79.3,59.7,0
ASSET-CF849136,2026-08-04,66.56,1.872,72.8,58.0,0
ASSET-CF849136,2026-08-05,63.22,1.454,78.6,42.2,0
ASSET-CF849136,2026-08-06,62.23,1.708,89.7,45.9,0
ASSET-CF849136,2026-08-07,65.63,1.347,90.2,52.4,0
ASSET-CF849136,2026-08-08,59.21,1.321,77.4,42.2,0
ASSET-CF849136,2026-08-09,64.8,1.789,79.1,52.6,0
ASSET-CF849136,2026-08-10,61.7,1.874,80.5,45.0,0
ASSET-CF849136,2026-08-11,66.49,1.332,91.3,33.6,0
ASSET-CF849136,2026-08-12,61.89,1.47,86.0,40.3,0
ASSET-CF849136,2026-08-13,69.71,1.175,77.8,60.4,0
ASSET-CF849136,2026-08-14,64.33,1.324,88.4,33.1,0
ASSET-CF849136,2026-08-15,66.38,1.181,84.0,42.0,0
ASSET-CF849136,2026-08-16,68.36,1.548,69.0,46.1,0
ASSET-CF849136,2026-08-17,64.27,1.749,88.6,62.4,0
ASSET-CF849136,2026-08-18,63.9,1.035,77.6,64.8,0
ASSET-CF849136,2026-08-19,65.58,1.627,72.8,30.6,0
ASSET-CF849136,2026-08-20,62.81,1.558,80.3,39.9,0
ASSET-CF849136,2026-08-21,61.13,1.806,76.5,36.7,0
ASSET-CF849136,2026-08-22,65.81,1.733,81.2,49.1,0
ASSET-CF849136,2026-08-23,64.75,1.411,76.4,51.6,0
ASSET-CF849136,2026-08-24,62.82,1.923,81.4,50.2,0
ASSET-CF849136,2026-08-25,70.9,1.316,76.8,46.9,0
ASSET-CF849136,2026-08-26,62.88,1.746,78.6,32.7,0
ASSET-CF849136,2026-08-27,63.54,1.569,74.7,63.9,0
ASSET-CF849136,2026-08-28,60.89,1.659,80.8,48.9,0
ASSET-CF849136,2026-08-29,65.41,1.536,79.7,29.6,0
ASSET-CF849136,2026-08-30,67.69,1.851,67.5,27.2,0
ASSET-CF849136,2026-08-31,62.18,1.464,78.0,45.2,0
ASSET-CF849136,2026-09-01,61.59,1.282,84.7,69.0,0
ASSET-CF849136,2026-09-02,65.42,1.465,81.7,56.1,0
ASSET-CF849136,2026-09-03,62.54,1.22,75.2,73.4,0
ASSET-CF849136,2026-09-04,63.19,1.834,72.1,48.7,0
ASSET-CF849136,2026-09-05,65.68,1.411,78.2,44.6,0
ASSET-CF849136,2026-09-06,67.05,1.488,84.2,61.5,0
ASSET-CF849136,2026-09-07,70.0,1.36,71.7,54.7,0
ASSET-CF849136,2026-09-08,66.16,1.593,81.4,55.2,0
ASSET-CF849136,2026-09-09,59.17,1.6,82.4,53.6,0
ASSET-CF849136,2026-09-10,64.06,1.649,82.1,63.2,0
ASSET-CF849136,2026-09-11,62.69,1.643,79.8,48.8,0
ASSET-CF849136,2026-09-12,65.02,1.697,75.8,31.2,0
ASSET-CF849136,2026-09-13,70.47,1.43,85.4,47.0,0
ASSET-CF849136,2026-09-14,64.86,1.482,78.9,49.6,0
ASSET-CF849136,2026-09-15,60.93,1.769,83.8,39.6,0
ASSET-C21FC383,2026-03-20,64.65,1.662,79.5,54.9,0
ASSET-C21FC383,2026-03-21,62.81,1.263,84.5,22.2,0
ASSET-C21FC383,2026-03-22,66.1,1.81,86.8,54.4,0
ASSET-C21FC383,2026-03-23,64.72,1.58,79.9,27.5,0
ASSET-C21FC383,2026-03-24,65.28,1.336,83.3,52.6,0
ASSET-C21FC383,2026-03-25,62.52,1.723,85.5,66.0,0
ASSET-C21FC383,2026-03-26,66.24,1.603,72.1,57.7,0
ASSET-C21FC383,2026-03-27,66.91,1.655,83.5,40.1,0
ASSET-C21FC383,2026-03-28,63.61,1.414,79.0,45.9,0
ASSET-C21FC383,2026-03-29,57.75,1.542,74.5,31.6,0
ASSET-C21FC383,2026-03-30,64.25,1.799,79.4,38.1,0
ASSET-C21FC383,2026-03-31,65.71,1.715,82.0,51.2,0
ASSET-C21FC383,2026-04-01,65.6,1.634,74.7,65.4,0
ASSET-C21FC383,2026-04-02,63.49,1.337,80.5,41.7,0
ASSET-C21FC383,2026-04-03,58.71,1.653,73.7,33.2,0
ASSET-C21FC383,2026-04-04,63.64,1.297,83.3,47.6,0
ASSET-C21FC383,2026-04-05,69.09,1.472,80.8,59.0,0
ASSET-C21FC383,2026-04-06,68.2,1.606,86.9,29.7,0
ASSET-C21FC383,2026-04-07,65.35,1.344,73.3,38.5,0
ASSET-C21FC383,2026-04-08,67.34,1.042,77.6,48.0,0
ASSET-C21FC383,2026-04-09,60.38,1.402,83.8,33.4,0
ASSET-C21FC383,2026-04-10,67.42,1.556,81.0,47.3,0
ASSET-C21FC383,2026-04-11,64.67,1.809,77.6,52.2,0
ASSET-C21FC383,2026-04-12,64.92,1.701,80.1,53.6,0
ASSET-C21FC383,2026-04-13,62.44,1.725,79.1,47.2,0
ASSET-C21FC383,2026-04-14,69.02,1.622,77.7,49.8,0
ASSET-C21FC383,2026-04-15,63.5,1.609,79.0,67.5,0
ASSET-C21FC383,2026-04-16,67.13,1.283,84.0,43.1,0
ASSET-C21FC383,2026-04-17,65.44,1.197,75.3,52.0,0
ASSET-C21FC383,2026-04-18,62.19,1.321,82.3,49.3,0
ASSET-C21FC383,2026-04-19,61.07,1.646,76.5,44.8,0
ASSET-C21FC383,2026-04-20,64.55,1.479,85.6,44.2,0
ASSET-C21FC383,2026-04-21,64.02,1.614,79.1,63.4,0
ASSET-C21FC383,2026-04-22,63.19,1.748,82.1,49.5,0
ASSET-C21FC383,2026-04-23,65.28,1.459,86.2,50.2,0
ASSET-C21FC383,2026-04-24,62.63,2.031,72.5,64.2,0
ASSET-C21FC383,2026-04-25,64.59,1.679,88.5,53.8,0
ASSET-C21FC383,2026-04-26,65.29,1.233,77.8,40.8,0
ASSET-C21FC383,2026-04-27,61.67,1.197,87.1,63.6,0
ASSET-C21FC383,2026-04-28,67.61,1.347,77.8,63.7,0
ASSET-C21FC383,2026-04-29,61.19,1.678,76.3,37.1,0
ASSET-C21FC383,2026-04-30,63.43,1.257,74.9,54.4,0
ASSET-C21FC383,2026-05-01,70.82,1.446,85.7,52.0,0
ASSET-C21FC383,2026-05-02,68.29,1.713,80.2,66.4,0
ASSET-C21FC383,2026-05-03,61.8,1.539,81.8,45.2,0
ASSET-C21FC383,2026-05-04,64.14,1.138,79.6,53.4,0
ASSET-C21FC383,2026-05-05,59.57,1.434,76.0,57.0,0
ASSET-C21FC383,2026-05-06,67.06,1.847,76.4,57.4,0
ASSET-C21FC383,2026-05-07,67.51,1.557,81.3,50.9,0
ASSET-C21FC383,2026-05-08,66.83,1.492,86.7,52.9,0
ASSET-C21FC383,2026-05-09,65.53,1.743,87.9,30.8,0
ASSET-C21FC383,2026-05-10,66.61,1.321,82.6,60.6,0
ASSET-C21FC383,2026-05-11,66.83,1.663,77.8,38.8,0
ASSET-C21FC383,2026-05-12,68.29,1.606,82.4,63.8,0
ASSET-C21FC383,2026-05-13,65.63,1.604,84.9,68.1,0
ASSET-C21FC383,2026-05-14,63.53,1.048,83.2,54.4,0
ASSET-C21FC383,2026-05-15,64.07,1.508,74.9,53.4,0
ASSET-C21FC383,2026-05-16,62.58,1.576,92.0,54.1,0
ASSET-C21FC383,2026-05-17,62.44,1.5,84.4,40.8,0
ASSET-C21FC383,2026-05-18,62.33,1.537,79.7,41.0,0
ASSET-C21FC383,2026-05-19,62.92,1.433,79.8,44.2,0
ASSET-C21FC383,2026-05-20,65.21,1.723,76.5,44.7,0
ASSET-C21FC383,2026-05-21,65.65,1.799,83.5,52.0,0
ASSET-C21FC383,2026-05-22,62.44,1.504,79.2,74.7,0
ASSET-C21FC383,2026-05-23,71.53,1.68,86.1,40.6,0
ASSET-C21FC383,2026-05-24,66.12,1.677,83.6,49.5,0
ASSET-C21FC383,2026-05-25,67.02,1.657,77.4,48.3,0
ASSET-C21FC383,2026-05-26,57.85,1.752,81.1,59.9,0
ASSET-C21FC383,2026-05-27,63.55,1.801,81.4,57.2,0
ASSET-C21FC383,2026-05-28,62.35,1.148,89.5,46.3,0
ASSET-C21FC383,2026-05-29,70.62,1.55,79.4,55.1,0
ASSET-C21FC383,2026-05-30,66.59,1.124,75.5,58.1,0
ASSET-C21FC383,2026-05-31,65.51,1.178,80.9,36.9,0
ASSET-C21FC383,2026-06-01,63.0,1.388,83.1,44.4,0
ASSET-C21FC383,2026-06-02,69.61,1.508,81.2,39.2,0
ASSET-C21FC383,2026-06-03,63.66,1.126,75.7,54.4,0
ASSET-C21FC383,2026-06-04,66.37,1.275,80.5,53.8,0
ASSET-C21FC383,2026-06-05,63.91,1.345,74.3,47.2,0
ASSET-C21FC383,2026-06-06,62.67,1.495,82.9,51.5,0
ASSET-C21FC383,2026-06-07,66.62,1.614,76.6,63.7,0
ASSET-C21FC383,2026-06-08,63.24,1.378,84.1,44.1,0
ASSET-C21FC383,2026-06-09,65.92,1.381,75.8,69.6,0
ASSET-C21FC383,2026-06-10,61.16,1.615,77.8,41.5,0
ASSET-C21FC383,2026-06-11,67.55,1.462,72.9,59.5,0
ASSET-C21FC383,2026-06-12,66.39,1.621,79.4,53.1,0
ASSET-C21FC383,2026-06-13,66.48,1.596,83.2,48.8,0
ASSET-C21FC383,2026-06-14,67.62,1.514,75.5,53.8,0
ASSET-C21FC383,2026-06-15,63.52,1.255,73.3,56.0,0
ASSET-C21FC383,2026-06-16,68.07,1.072,79.4,51.4,0
ASSET-C21FC383,2026-06-17,67.77,1.176,80.5,47.3,0
ASSET-C21FC383,2026-06-18,59.03,1.367,81.5,58.0,0
ASSET-C21FC383,2026-06-19,72.68,1.57,75.2,64.3,0
ASSET-C21FC383,2026-06-20,60.36,1.434,85.3,30.4,0
ASSET-C21FC383,2026-06-21,60.57,1.665,86.3,66.5,0
ASSET-C21FC383,2026-06-22,69.24,1.572,78.4,47.2,0
ASSET-C21FC383,2026-06-23,60.15,1.574,89.1,58.2,0
ASSET-C21FC383,2026-06-24,64.96,1.437,73.7,53.1,0
ASSET-C21FC383,2026-06-25,65.01,1.584,75.1,48.5,0
ASSET-C21FC383,2026-06-26,64.14,1.458,81.4,30.4,0
ASSET-C21FC383,2026-06-27,67.64,1.632,80.7,60.6,0
ASSET-C21FC383,2026-06-28,62.96,1.691,88.1,50.3,0
ASSET-C21FC383,2026-06-29,68.78,1.426,77.4,46.8,0
ASSET-C21FC383,2026-06-30,63.81,1.558,78.9,64.5,0
ASSET-C21FC383,2026-07-01,67.98,1.506,79.5,48.8,0
ASSET-C21FC383,2026-07-02,68.92,1.121,85.1,70.2,0
ASSET-C21FC383,2026-07-03,63.95,1.718,88.4,45.0,0
ASSET-C21FC383,2026-07-04,64.66,1.459,77.4,46.7,0
ASSET-C21FC383,2026-07-05,63.16,1.686,81.5,64.4,0
ASSET-C21FC383,2026-07-06,64.36,1.942,76.3,52.8,0
ASSET-C21FC383,2026-07-07,62.03,1.515,71.9,51.4,0
ASSET-C21FC383,2026-07-08,62.13,1.38,77.8,48.5,0
ASSET-C21FC383,2026-07-09,64.61,1.585,87.5,45.9,0
ASSET-C21FC383,2026-07-10,61.37,1.691,84.2,39.0,0
ASSET-C21FC383,2026-07-11,72.84,1.544,76.9,62.9,0
ASSET-C21FC383,2026-07-12,66.69,1.395,83.9,55.3,0
ASSET-C21FC383,2026-07-13,64.94,1.676,88.4,58.4,0
ASSET-C21FC383,2026-07-14,64.57,1.766,80.0,58.4,0
ASSET-C21FC383,2026-07-15,70.01,1.536,77.2,40.6,0
ASSET-C21FC383,2026-07-16,65.23,1.109,83.7,51.2,0
ASSET-C21FC383,2026-07-17,62.37,1.626,81.3,23.8,0
ASSET-C21FC383,2026-07-18,64.47,1.543,76.0,41.7,0
ASSET-C21FC383,2026-07-19,60.23,1.222,79.0,48.0,0
ASSET-C21FC383,2026-07-20,66.91,1.624,82.2,51.4,0
ASSET-C21FC383,2026-07-21,64.83,1.382,70.9,61.7,0
ASSET-C21FC383,2026-07-22,66.34,1.56,78.6,68.5,0
ASSET-C21FC383,2026-07-23,69.39,1.14,69.2,57.9,0
ASSET-C21FC383,2026-07-24,64.59,1.645,82.4,54.5,0
ASSET-C21FC383,2026-07-25,59.22,1.462,71.3,69.4,0
ASSET-C21FC383,2026-07-26,63.53,1.294,78.4,48.8,0
ASSET-C21FC383,2026-07-27,63.12,1.476,77.2,54.9,0
ASSET-C21FC383,2026-07-28,63.01,1.224,81.3,39.4,0
ASSET-C21FC383,2026-07-29,63.91,1.561,78.3,42.2,0
ASSET-C21FC383,2026-07-30,57.58,1.919,81.8,49.5,0
ASSET-C21FC383,2026-07-31,65.2,1.797,79.1,62.3,0
ASSET-C21FC383,2026-08-01,64.96,1.242,81.8,47.0,0
ASSET-C21FC383,2026-08-02,61.58,1.152,83.2,64.9,0
ASSET-C21FC383,2026-08-03,67.91,1.205,81.1,66.6,0
ASSET-C21FC383,2026-08-04,67.32,1.774,82.5,50.0,0
ASSET-C21FC383,2026-08-05,64.62,1.387,78.5,53.1,0
ASSET-C21FC383,2026-08-06,66.06,1.263,87.5,32.0,0
ASSET-C21FC383,2026-08-07,67.06,1.275,75.5,69.0,0
ASSET-C21FC383,2026-08-08,72.8,1.581,87.3,59.9,0
ASSET-C21FC383,2026-08-09,67.0,1.434,84.9,46.7,0
ASSET-C21FC383,2026-08-10,67.02,1.532,77.6,46.0,0
ASSET-C21FC383,2026-08-11,67.55,1.809,76.6,48.1,0
ASSET-C21FC383,2026-08-12,69.13,1.689,84.7,57.5,0
ASSET-C21FC383,2026-08-13,63.21,1.73,79.2,51.0,0
ASSET-C21FC383,2026-08-14,61.49,1.167,78.5,56.4,0
ASSET-C21FC383,2026-08-15,63.53,1.468,80.5,57.7,0
ASSET-C21FC383,2026-08-16,64.28,1.615,80.8,69.9,0
ASSET-C21FC383,2026-08-17,68.64,1.584,93.1,52.4,0
ASSET-C21FC383,2026-08-18,74.0,1.421,82.6,41.4,0
ASSET-C21FC383,2026-08-19,71.72,1.593,73.2,63.1,0
ASSET-C21FC383,2026-08-20,72.31,1.735,80.6,70.7,0
ASSET-C21FC383,2026-08-21,65.06,2.022,74.8,73.2,0
ASSET-C21FC383,2026-08-22,70.19,2.178,71.8,108.1,0
ASSET-C21FC383,2026-08-23,67.41,2.168,68.4,100.8,0
ASSET-C21FC383,2026-08-24,76.48,2.597,70.1,104.1,0
ASSET-C21FC383,2026-08-25,69.67,2.147,72.8,105.7,0
ASSET-C21FC383,2026-08-26,66.52,2.438,67.4,101.4,0
ASSET-C21FC383,2026-08-27,71.08,2.704,67.3,130.3,0
ASSET-C21FC383,2026-08-28,80.94,2.925,74.1,145.2,0
ASSET-C21FC383,2026-08-29,74.9,3.084,76.5,114.2,0
ASSET-C21FC383,2026-08-30,76.11,3.195,79.5,148.6,0
ASSET-C21FC383,2026-08-31,74.01,2.506,68.4,155.1,0
ASSET-C21FC383,2026-09-01,79.84,3.292,63.8,169.0,0
ASSET-C21FC383,2026-09-02,82.05,3.491,73.6,168.3,0
ASSET-C21FC383,2026-09-03,80.78,3.615,69.8,175.1,0
ASSET-C21FC383,2026-09-04,73.17,3.286,75.0,155.6,0
ASSET-C21FC383,2026-09-05,83.11,3.343,59.7,165.9,0
ASSET-C21FC383,2026-09-06,82.66,3.265,68.9,190.3,0
ASSET-C21FC383,2026-09-07,85.49,4.281,58.5,198.3,0
ASSET-C21FC383,2026-09-08,87.66,3.756,55.4,201.9,0
ASSET-C21FC383,2026-09-09,85.93,4.719,51.1,165.5,0
ASSET-C21FC383,2026-09-10,81.4,5.204,65.8,195.7,0
ASSET-C21FC383,2026-09-11,89.75,4.236,69.0,239.1,0
ASSET-C21FC383,2026-09-12,87.25,4.453,60.6,228.2,0
ASSET-C21FC383,2026-09-13,87.57,4.15,65.8,230.8,0
ASSET-C21FC383,2026-09-14,88.52,5.782,60.3,202.2,0
ASSET-C21FC383,2026-09-15,92.52,5.443,52.9,219.1,1
ASSET-6137DA7F,2026-03-20,62.19,1.527,81.2,47.7,0
ASSET-6137DA7F,2026-03-21,67.49,1.535,76.9,29.5,0
ASSET-6137DA7F,2026-03-22,60.42,1.609,84.2,55.1,0
ASSET-6137DA7F,2026-03-23,65.66,1.47,86.4,60.4,0
ASSET-6137DA7F,2026-03-24,69.67,1.345,81.2,51.1,0
ASSET-6137DA7F,2026-03-25,60.12,1.506,83.8,54.7,0
ASSET-6137DA7F,2026-03-26,65.23,1.514,81.8,49.7,0
ASSET-6137DA7F,2026-03-27,67.77,1.411,80.4,53.9,0
ASSET-6137DA7F,2026-03-28,64.51,1.511,74.0,70.7,0
ASSET-6137DA7F,2026-03-29,64.77,1.646,80.9,55.3,0
ASSET-6137DA7F,2026-03-30,69.04,1.622,86.2,45.8,0
ASSET-6137DA7F,2026-03-31,68.69,1.614,68.2,46.7,0
ASSET-6137DA7F,2026-04-01,62.83,1.23,82.7,48.8,0
ASSET-6137DA7F,2026-04-02,63.66,1.42,80.9,45.0,0
ASSET-6137DA7F,2026-04-03,59.58,1.564,85.8,59.5,0
ASSET-6137DA7F,2026-04-04,64.9,1.742,89.7,54.8,0
ASSET-6137DA7F,2026-04-05,62.65,1.673,73.0,34.1,0
ASSET-6137DA7F,2026-04-06,67.49,1.508,85.4,52.3,0
ASSET-6137DA7F,2026-04-07,62.39,1.63,72.4,46.4,0
ASSET-6137DA7F,2026-04-08,65.05,1.355,85.4,46.7,0
ASSET-6137DA7F,2026-04-09,63.05,1.458,72.7,49.6,0
ASSET-6137DA7F,2026-04-10,65.59,1.565,83.1,40.5,0
ASSET-6137DA7F,2026-04-11,69.1,1.478,84.9,55.6,0
ASSET-6137DA7F,2026-04-12,65.76,1.472,79.0,57.9,0
ASSET-6137DA7F,2026-04-13,67.62,1.786,77.5,50.1,0
ASSET-6137DA7F,2026-04-14,63.84,1.686,82.0,29.6,0
ASSET-6137DA7F,2026-04-15,65.21,1.74,89.6,62.4,0
ASSET-6137DA7F,2026-04-16,62.0,1.471,73.3,58.0,0
ASSET-6137DA7F,2026-04-17,64.55,1.444,83.6,47.6,0
ASSET-6137DA7F,2026-04-18,67.23,1.813,84.4,44.1,0
ASSET-6137DA7F,2026-04-19,65.72,1.372,80.7,57.6,0
ASSET-6137DA7F,2026-04-20,66.05,1.499,85.4,37.5,0
ASSET-6137DA7F,2026-04-21,65.71,1.519,79.6,44.8,0
ASSET-6137DA7F,2026-04-22,67.26,1.373,73.6,56.6,0
ASSET-6137DA7F,2026-04-23,66.67,1.543,76.6,52.2,0
ASSET-6137DA7F,2026-04-24,65.66,1.415,81.4,60.3,0
ASSET-6137DA7F,2026-04-25,68.44,1.668,74.6,49.0,0
ASSET-6137DA7F,2026-04-26,67.77,1.319,81.2,47.0,0
ASSET-6137DA7F,2026-04-27,64.21,1.682,75.9,59.7,0
ASSET-6137DA7F,2026-04-28,67.66,1.512,84.4,57.5,0
ASSET-6137DA7F,2026-04-29,63.49,1.674,79.0,58.0,0
ASSET-6137DA7F,2026-04-30,67.5,1.441,77.6,63.2,0
ASSET-6137DA7F,2026-05-01,60.98,0.994,78.6,50.9,0
ASSET-6137DA7F,2026-05-02,66.42,1.373,77.8,54.2,0
ASSET-6137DA7F,2026-05-03,63.2,1.652,78.8,28.3,0
ASSET-6137DA7F,2026-05-04,63.21,1.609,82.7,31.6,0
ASSET-6137DA7F,2026-05-05,62.75,1.696,78.7,50.3,0
ASSET-6137DA7F,2026-05-06,62.92,1.413,83.1,48.5,0
ASSET-6137DA7F,2026-05-07,65.28,1.134,76.6,65.9,0
ASSET-6137DA7F,2026-05-08,65.19,1.518,82.4,56.3,0
ASSET-6137DA7F,2026-05-09,61.37,1.264,80.9,36.8,0
ASSET-6137DA7F,2026-05-10,65.34,1.647,82.6,51.5,0
ASSET-6137DA7F,2026-05-11,66.17,1.7,87.7,50.9,0
ASSET-6137DA7F,2026-05-12,70.75,1.112,76.8,58.3,0
ASSET-6137DA7F,2026-05-13,65.02,1.13,80.2,43.6,0
ASSET-6137DA7F,2026-05-14,61.06,1.453,79.3,49.7,0
ASSET-6137DA7F,2026-05-15,66.76,1.502,78.1,66.5,0
ASSET-6137DA7F,2026-05-16,69.03,1.657,85.3,40.1,0
ASSET-6137DA7F,2026-05-17,66.05,1.271,86.0,52.1,0
ASSET-6137DA7F,2026-05-18,67.05,1.02,77.2,45.3,0
ASSET-6137DA7F,2026-05-19,65.87,1.387,76.0,64.9,0
ASSET-6137DA7F,2026-05-20,69.09,2.001,79.8,42.0,0
ASSET-6137DA7F,2026-05-21,59.62,1.288,78.7,54.7,0
ASSET-6137DA7F,2026-05-22,67.03,1.457,86.9,36.6,0
ASSET-6137DA7F,2026-05-23,65.75,1.316,81.3,47.5,0
ASSET-6137DA7F,2026-05-24,65.54,1.496,81.4,60.1,0
ASSET-6137DA7F,2026-05-25,61.95,1.276,81.8,49.3,0
ASSET-6137DA7F,2026-05-26,69.25,1.504,69.0,62.6,0
ASSET-6137DA7F,2026-05-27,61.12,1.723,81.7,34.5,0
ASSET-6137DA7F,2026-05-28,62.29,1.659,81.7,43.9,0
ASSET-6137DA7F,2026-05-29,67.33,1.281,74.2,48.1,0
ASSET-6137DA7F,2026-05-30,64.41,1.428,81.1,49.4,0
ASSET-6137DA7F,2026-05-31,67.31,1.603,92.3,46.7,0
ASSET-6137DA7F,2026-06-01,68.17,1.528,76.4,45.6,0
ASSET-6137DA7F,2026-06-02,64.81,1.591,86.3,71.2,0
ASSET-6137DA7F,2026-06-03,66.73,1.369,83.4,49.0,0
ASSET-6137DA7F,2026-06-04,65.98,1.376,78.7,34.6,0
ASSET-6137DA7F,2026-06-05,67.62,1.478,79.1,53.6,0
ASSET-6137DA7F,2026-06-06,56.72,1.52,75.3,34.4,0
ASSET-6137DA7F,2026-06-07,63.96,1.713,77.9,43.2,0
ASSET-6137DA7F,2026-06-08,63.01,1.324,78.3,59.0,0
ASSET-6137DA7F,2026-06-09,67.91,1.725,78.2,30.9,0
ASSET-6137DA7F,2026-06-10,65.6,1.48,75.5,38.1,0
ASSET-6137DA7F,2026-06-11,66.85,1.498,90.1,44.7,0
ASSET-6137DA7F,2026-06-12,61.95,1.902,81.8,45.5,0
ASSET-6137DA7F,2026-06-13,67.01,1.415,84.8,57.3,0
ASSET-6137DA7F,2026-06-14,66.15,1.468,86.1,56.6,0
ASSET-6137DA7F,2026-06-15,66.85,1.501,79.6,49.1,0
ASSET-6137DA7F,2026-06-16,64.6,1.773,78.9,46.6,0
ASSET-6137DA7F,2026-06-17,66.69,1.837,79.0,47.2,0
ASSET-6137DA7F,2026-06-18,65.62,1.829,90.8,52.2,0
ASSET-6137DA7F,2026-06-19,66.05,1.632,83.2,41.9,0
ASSET-6137DA7F,2026-06-20,66.07,1.111,86.8,42.0,0
ASSET-6137DA7F,2026-06-21,68.14,1.676,77.8,43.6,0
ASSET-6137DA7F,2026-06-22,64.42,1.265,87.0,52.6,0
ASSET-6137DA7F,2026-06-23,62.91,1.758,85.6,65.3,0
ASSET-6137DA7F,2026-06-24,67.15,1.447,80.5,53.8,0
ASSET-6137DA7F,2026-06-25,68.26,1.538,80.9,46.3,0
ASSET-6137DA7F,2026-06-26,64.25,1.449,74.5,42.8,0
ASSET-6137DA7F,2026-06-27,63.99,1.469,76.9,46.1,0
ASSET-6137DA7F,2026-06-28,63.13,1.666,74.5,49.5,0
ASSET-6137DA7F,2026-06-29,64.3,1.623,82.6,39.3,0
ASSET-6137DA7F,2026-06-30,67.41,1.491,87.8,42.0,0
ASSET-6137DA7F,2026-07-01,66.13,1.197,78.0,31.5,0
ASSET-6137DA7F,2026-07-02,64.26,1.474,86.8,49.6,0
ASSET-6137DA7F,2026-07-03,66.49,1.239,76.7,68.9,0
ASSET-6137DA7F,2026-07-04,71.37,0.998,82.6,45.3,0
ASSET-6137DA7F,2026-07-05,62.44,1.577,75.0,53.8,0
ASSET-6137DA7F,2026-07-06,62.46,1.492,77.9,57.5,0
ASSET-6137DA7F,2026-07-07,67.38,1.432,84.9,49.4,0
ASSET-6137DA7F,2026-07-08,64.07,1.639,79.4,61.1,0
ASSET-6137DA7F,2026-07-09,66.64,1.687,79.9,37.5,0
ASSET-6137DA7F,2026-07-10,66.92,1.509,85.4,45.6,0
ASSET-6137DA7F,2026-07-11,64.85,1.73,79.1,41.3,0
ASSET-6137DA7F,2026-07-12,70.33,1.326,69.3,24.5,0
ASSET-6137DA7F,2026-07-13,62.83,1.467,85.3,51.9,0
ASSET-6137DA7F,2026-07-14,67.97,1.558,79.6,49.0,0
ASSET-6137DA7F,2026-07-15,65.46,1.713,73.1,51.7,0
ASSET-6137DA7F,2026-07-16,63.54,1.438,73.7,63.8,0
ASSET-6137DA7F,2026-07-17,62.09,1.821,88.4,60.0,0
ASSET-6137DA7F,2026-07-18,63.28,1.322,76.4,59.4,0
ASSET-6137DA7F,2026-07-19,65.73,1.713,83.7,52.2,0
ASSET-6137DA7F,2026-07-20,65.49,1.455,77.2,51.8,0
ASSET-6137DA7F,2026-07-21,68.78,1.461,86.6,42.2,0
ASSET-6137DA7F,2026-07-22,61.8,1.379,77.2,42.9,0
ASSET-6137DA7F,2026-07-23,65.8,1.964,80.9,58.0,0
ASSET-6137DA7F,2026-07-24,62.72,1.446,78.6,34.0,0
ASSET-6137DA7F,2026-07-25,67.37,1.757,79.2,47.9,0
ASSET-6137DA7F,2026-07-26,64.56,1.514,84.5,45.5,0
ASSET-6137DA7F,2026-07-27,60.42,1.259,81.1,42.8,0
ASSET-6137DA7F,2026-07-28,68.87,1.564,75.8,33.6,0
ASSET-6137DA7F,2026-07-29,66.5,1.257,75.6,42.2,0
ASSET-6137DA7F,2026-07-30,66.38,1.311,85.8,25.5,0
ASSET-6137DA7F,2026-07-31,66.49,1.693,72.5,37.0,0
ASSET-6137DA7F,2026-08-01,67.71,1.569,84.4,46.1,0
ASSET-6137DA7F,2026-08-02,65.87,1.916,81.9,37.1,0
ASSET-6137DA7F,2026-08-03,67.74,1.299,81.7,46.4,0
ASSET-6137DA7F,2026-08-04,60.6,1.47,80.0,58.9,0
ASSET-6137DA7F,2026-08-05,65.87,1.41,84.0,41.1,0
ASSET-6137DA7F,2026-08-06,64.0,1.619,82.3,40.1,0
ASSET-6137DA7F,2026-08-07,68.2,1.654,91.2,52.5,0
ASSET-6137DA7F,2026-08-08,67.47,1.316,74.6,41.3,0
ASSET-6137DA7F,2026-08-09,61.3,1.478,88.8,36.5,0
ASSET-6137DA7F,2026-08-10,61.98,1.067,78.3,61.8,0
ASSET-6137DA7F,2026-08-11,69.47,1.638,79.8,42.0,0
ASSET-6137DA7F,2026-08-12,67.42,1.318,74.9,43.0,0
ASSET-6137DA7F,2026-08-13,66.79,1.381,76.4,45.8,0
ASSET-6137DA7F,2026-08-14,60.38,1.14,81.2,62.4,0
ASSET-6137DA7F,2026-08-15,64.11,1.598,78.5,45.3,0
ASSET-6137DA7F,2026-08-16,63.1,1.421,84.5,52.0,0
ASSET-6137DA7F,2026-08-17,69.21,1.314,80.0,63.8,0
ASSET-6137DA7F,2026-08-18,67.44,1.599,76.1,43.3,0
ASSET-6137DA7F,2026-08-19,66.4,1.709,77.5,51.8,0
ASSET-6137DA7F,2026-08-20,64.42,1.464,81.3,37.7,0
ASSET-6137DA7F,2026-08-21,65.47,1.127,85.2,50.3,0
ASSET-6137DA7F,2026-08-22,62.4,1.135,85.4,67.8,0
ASSET-6137DA7F,2026-08-23,69.85,1.485,73.3,48.3,0
ASSET-6137DA7F,2026-08-24,64.66,1.602,81.2,45.4,0
ASSET-6137DA7F,2026-08-25,65.31,1.342,81.4,80.3,0
ASSET-6137DA7F,2026-08-26,68.39,1.372,78.4,63.7,0
ASSET-6137DA7F,2026-08-27,65.85,1.448,86.7,55.6,0
ASSET-6137DA7F,2026-08-28,67.38,1.44,75.3,59.1,0
ASSET-6137DA7F,2026-08-29,64.73,1.5,73.6,28.1,0
ASSET-6137DA7F,2026-08-30,64.3,1.495,87.3,55.6,0
ASSET-6137DA7F,2026-08-31,59.45,1.5,84.9,47.3,0
ASSET-6137DA7F,2026-09-01,61.98,1.87,86.9,35.8,0
ASSET-6137DA7F,2026-09-02,65.88,1.423,80.2,61.6,0
ASSET-6137DA7F,2026-09-03,60.03,1.267,77.4,52.7,0
ASSET-6137DA7F,2026-09-04,70.66,1.306,87.6,53.8,0
ASSET-6137DA7F,2026-09-05,64.57,1.308,88.6,40.2,0
ASSET-6137DA7F,2026-09-06,62.9,1.742,70.3,49.3,0
ASSET-6137DA7F,2026-09-07,66.03,1.427,79.0,39.8,0
ASSET-6137DA7F,2026-09-08,65.93,1.399,75.0,34.8,0
ASSET-6137DA7F,2026-09-09,64.82,1.656,78.0,60.2,0
ASSET-6137DA7F,2026-09-10,66.5,1.009,71.7,58.1,0
ASSET-6137DA7F,2026-09-11,62.31,1.491,75.2,61.1,0
ASSET-6137DA7F,2026-09-12,65.67,1.437,76.0,43.6,0
ASSET-6137DA7F,2026-09-13,67.4,1.37,81.9,60.8,0
ASSET-6137DA7F,2026-09-14,58.28,1.571,82.3,52.9,0
ASSET-6137DA7F,2026-09-15,68.33,1.608,70.2,44.2,0
ASSET-4401252C,2026-03-20,54.68,1.413,73.2,53.3,0
ASSET-4401252C,2026-03-21,60.72,1.375,76.4,54.9,0
ASSET-4401252C,2026-03-22,59.29,1.591,86.7,51.1,0
ASSET-4401252C,2026-03-23,71.14,2.05,79.2,63.3,0
ASSET-4401252C,2026-03-24,65.34,1.286,76.5,45.2,0
ASSET-4401252C,2026-03-25,65.61,1.69,72.3,46.4,0
ASSET-4401252C,2026-03-26,62.52,1.456,83.0,24.1,0
ASSET-4401252C,2026-03-27,64.31,1.327,88.4,50.7,0
ASSET-4401252C,2026-03-28,65.75,1.913,81.5,32.4,0
ASSET-4401252C,2026-03-29,61.45,1.34,80.8,59.9,0
ASSET-4401252C,2026-03-30,69.81,1.48,86.9,48.0,0
ASSET-4401252C,2026-03-31,66.66,1.243,80.9,52.7,0
ASSET-4401252C,2026-04-01,67.84,1.273,85.1,68.0,0
ASSET-4401252C,2026-04-02,63.36,1.689,86.4,46.7,0
ASSET-4401252C,2026-04-03,66.67,0.998,82.4,57.7,0
ASSET-4401252C,2026-04-04,62.74,1.939,83.2,39.5,0
ASSET-4401252C,2026-04-05,58.31,1.513,82.4,42.3,0
ASSET-4401252C,2026-04-06,69.2,1.322,86.7,34.0,0
ASSET-4401252C,2026-04-07,68.4,1.429,77.2,44.4,0
ASSET-4401252C,2026-04-08,59.34,1.251,76.1,40.8,0
ASSET-4401252C,2026-04-09,64.71,1.523,79.3,42.4,0
ASSET-4401252C,2026-04-10,62.49,1.531,85.5,44.8,0
ASSET-4401252C,2026-04-11,59.42,1.336,77.8,60.9,0
ASSET-4401252C,2026-04-12,65.5,1.597,86.5,68.9,0
ASSET-4401252C,2026-04-13,69.59,1.421,88.8,51.7,0
ASSET-4401252C,2026-04-14,68.54,1.456,71.7,48.9,0
ASSET-4401252C,2026-04-15,66.55,1.349,79.2,43.2,0
ASSET-4401252C,2026-04-16,69.92,1.612,85.2,43.8,0
ASSET-4401252C,2026-04-17,69.29,1.634,73.5,58.5,0
ASSET-4401252C,2026-04-18,65.33,1.51,79.9,51.8,0
ASSET-4401252C,2026-04-19,64.33,1.61,78.6,36.4,0
ASSET-4401252C,2026-04-20,66.06,1.251,79.1,55.7,0
ASSET-4401252C,2026-04-21,66.2,1.392,87.4,57.7,0
ASSET-4401252C,2026-04-22,61.64,1.43,82.1,62.0,0
ASSET-4401252C,2026-04-23,70.04,1.448,75.6,50.3,0
ASSET-4401252C,2026-04-24,62.74,1.757,92.1,49.6,0
ASSET-4401252C,2026-04-25,69.1,1.233,83.1,64.6,0
ASSET-4401252C,2026-04-26,65.56,1.484,81.6,45.1,0
ASSET-4401252C,2026-04-27,63.72,1.589,84.2,57.9,0
ASSET-4401252C,2026-04-28,66.17,1.436,82.4,29.9,0
ASSET-4401252C,2026-04-29,67.13,1.667,86.3,53.6,0
ASSET-4401252C,2026-04-30,65.51,1.328,77.7,55.3,0
ASSET-4401252C,2026-05-01,65.13,1.608,87.3,42.0,0
ASSET-4401252C,2026-05-02,64.34,1.638,83.6,50.0,0
ASSET-4401252C,2026-05-03,63.73,1.254,84.3,35.6,0
ASSET-4401252C,2026-05-04,66.35,1.512,76.1,76.6,0
ASSET-4401252C,2026-05-05,64.27,1.544,91.5,50.2,0
ASSET-4401252C,2026-05-06,70.93,1.483,92.1,57.7,0
ASSET-4401252C,2026-05-07,68.42,1.459,71.9,48.2,0
ASSET-4401252C,2026-05-08,63.93,1.34,76.7,42.6,0
ASSET-4401252C,2026-05-09,65.78,1.625,82.8,36.0,0
ASSET-4401252C,2026-05-10,67.75,1.554,80.6,55.8,0
ASSET-4401252C,2026-05-11,70.71,1.607,80.9,48.8,0
ASSET-4401252C,2026-05-12,65.66,1.458,84.1,44.3,0
ASSET-4401252C,2026-05-13,68.5,1.526,82.5,55.9,0
ASSET-4401252C,2026-05-14,68.04,1.497,69.3,54.4,0
ASSET-4401252C,2026-05-15,61.92,1.36,83.5,41.0,0
ASSET-4401252C,2026-05-16,64.81,1.599,80.4,61.1,0
ASSET-4401252C,2026-05-17,64.03,1.606,73.2,32.3,0
ASSET-4401252C,2026-05-18,69.41,1.77,81.2,52.1,0
ASSET-4401252C,2026-05-19,68.17,1.981,78.8,39.8,0
ASSET-4401252C,2026-05-20,62.72,1.105,78.0,55.4,0
ASSET-4401252C,2026-05-21,62.64,1.581,80.6,52.4,0
ASSET-4401252C,2026-05-22,66.02,1.054,81.4,48.0,0
ASSET-4401252C,2026-05-23,58.63,1.603,78.4,39.3,0
ASSET-4401252C,2026-05-24,67.91,1.385,76.1,40.6,0
ASSET-4401252C,2026-05-25,64.38,1.461,85.3,29.5,0
ASSET-4401252C,2026-05-26,59.78,1.592,87.6,45.0,0
ASSET-4401252C,2026-05-27,65.6,1.456,83.9,55.2,0
ASSET-4401252C,2026-05-28,61.2,1.946,77.4,55.1,0
ASSET-4401252C,2026-05-29,65.31,2.073,85.0,58.8,0
ASSET-4401252C,2026-05-30,66.46,1.176,82.2,30.2,0
ASSET-4401252C,2026-05-31,65.33,1.226,78.8,34.1,0
ASSET-4401252C,2026-06-01,67.67,1.299,76.4,27.8,0
ASSET-4401252C,2026-06-02,66.36,1.362,81.3,50.7,0
ASSET-4401252C,2026-06-03,64.13,1.572,81.0,45.5,0
ASSET-4401252C,2026-06-04,60.79,1.946,73.3,60.8,0
ASSET-4401252C,2026-06-05,61.71,1.501,78.0,48.5,0
ASSET-4401252C,2026-06-06,62.24,1.238,81.8,61.7,0
ASSET-4401252C,2026-06-07,65.6,1.537,86.9,63.2,0
ASSET-4401252C,2026-06-08,67.98,1.665,71.9,59.8,0
ASSET-4401252C,2026-06-09,62.29,1.818,86.6,41.9,0
ASSET-4401252C,2026-06-10,68.46,1.547,76.5,51.2,0
ASSET-4401252C,2026-06-11,67.93,1.473,73.8,43.3,0
ASSET-4401252C,2026-06-12,66.58,1.871,80.5,40.0,0
ASSET-4401252C,2026-06-13,64.74,1.62,83.3,41.8,0
ASSET-4401252C,2026-06-14,64.72,1.392,82.2,50.8,0
ASSET-4401252C,2026-06-15,69.87,1.377,76.2,69.5,0
ASSET-4401252C,2026-06-16,64.93,1.431,86.3,50.0,0
ASSET-4401252C,2026-06-17,68.4,1.453,82.0,48.8,0
ASSET-4401252C,2026-06-18,67.63,1.385,76.0,62.7,0
ASSET-4401252C,2026-06-19,63.72,1.618,87.0,55.6,0
ASSET-4401252C,2026-06-20,66.06,1.405,73.7,34.7,0
ASSET-4401252C,2026-06-21,59.45,1.464,79.4,62.2,0
ASSET-4401252C,2026-06-22,65.33,1.428,75.9,49.6,0
ASSET-4401252C,2026-06-23,65.35,1.701,78.0,48.2,0
ASSET-4401252C,2026-06-24,63.51,1.273,87.0,50.1,0
ASSET-4401252C,2026-06-25,62.62,1.653,81.9,46.6,0
ASSET-4401252C,2026-06-26,65.85,1.852,85.6,39.8,0
ASSET-4401252C,2026-06-27,64.45,1.629,80.3,39.8,0
ASSET-4401252C,2026-06-28,65.78,1.414,74.9,41.0,0
ASSET-4401252C,2026-06-29,63.52,1.476,77.7,42.8,0
ASSET-4401252C,2026-06-30,65.97,1.455,80.1,56.8,0
ASSET-4401252C,2026-07-01,60.39,1.572,75.6,58.2,0
ASSET-4401252C,2026-07-02,63.33,1.758,74.6,37.3,0
ASSET-4401252C,2026-07-03,68.44,1.578,74.6,57.7,0
ASSET-4401252C,2026-07-04,62.02,1.609,76.0,47.9,0
ASSET-4401252C,2026-07-05,63.07,1.144,77.6,40.9,0
ASSET-4401252C,2026-07-06,64.22,1.355,79.6,39.4,0
ASSET-4401252C,2026-07-07,66.47,1.302,83.2,64.6,0
ASSET-4401252C,2026-07-08,69.97,1.485,75.7,43.9,0
ASSET-4401252C,2026-07-09,69.86,1.57,88.6,45.0,0
ASSET-4401252C,2026-07-10,68.62,1.538,82.5,47.2,0
ASSET-4401252C,2026-07-11,63.27,1.596,77.6,53.9,0
ASSET-4401252C,2026-07-12,73.72,1.758,73.6,44.1,0
ASSET-4401252C,2026-07-13,66.29,1.488,77.2,55.7,0
ASSET-4401252C,2026-07-14,64.26,1.748,76.5,43.3,0
ASSET-4401252C,2026-07-15,65.57,1.514,75.1,68.7,0
ASSET-4401252C,2026-07-16,63.84,1.305,82.7,46.0,0
ASSET-4401252C,2026-07-17,68.42,2.054,83.4,43.7,0
ASSET-4401252C,2026-07-18,61.26,1.963,77.3,34.8,0
ASSET-4401252C,2026-07-19,65.97,1.837,71.7,45.8,0
ASSET-4401252C,2026-07-20,60.92,1.625,83.9,49.2,0
ASSET-4401252C,2026-07-21,61.24,1.47,78.0,48.2,0
ASSET-4401252C,2026-07-22,63.83,1.616,83.4,68.5,0
ASSET-4401252C,2026-07-23,62.76,1.404,77.1,46.9,0
ASSET-4401252C,2026-07-24,61.93,1.438,81.0,41.5,0
ASSET-4401252C,2026-07-25,66.52,1.561,91.5,51.3,0
ASSET-4401252C,2026-07-26,63.53,1.786,75.0,50.9,0
ASSET-4401252C,2026-07-27,64.75,1.246,75.2,44.2,0
ASSET-4401252C,2026-07-28,67.86,1.149,78.4,43.5,0
ASSET-4401252C,2026-07-29,66.77,1.919,70.4,22.8,0
ASSET-4401252C,2026-07-30,62.98,1.514,72.7,58.3,0
ASSET-4401252C,2026-07-31,65.57,1.31,74.2,63.7,0
ASSET-4401252C,2026-08-01,66.01,1.418,81.8,42.0,0
ASSET-4401252C,2026-08-02,64.59,1.643,79.5,62.8,0
ASSET-4401252C,2026-08-03,62.83,1.198,77.6,56.6,0
ASSET-4401252C,2026-08-04,65.52,1.245,85.0,56.1,0
ASSET-4401252C,2026-08-05,66.17,1.607,82.4,59.4,0
ASSET-4401252C,2026-08-06,71.25,0.897,82.4,35.7,0
ASSET-4401252C,2026-08-07,64.6,1.195,83.5,41.7,0
ASSET-4401252C,2026-08-08,64.99,1.634,79.1,47.4,0
ASSET-4401252C,2026-08-09,63.81,1.658,76.2,56.6,0
ASSET-4401252C,2026-08-10,60.47,1.497,81.8,62.1,0
ASSET-4401252C,2026-08-11,57.81,1.638,70.2,52.6,0
ASSET-4401252C,2026-08-12,64.72,1.419,81.9,52.7,0
ASSET-4401252C,2026-08-13,67.96,1.522,84.7,61.7,0
ASSET-4401252C,2026-08-14,64.95,1.46,73.7,41.6,0
ASSET-4401252C,2026-08-15,64.63,1.437,80.0,45.6,0
ASSET-4401252C,2026-08-16,62.15,1.618,71.6,58.9,0
ASSET-4401252C,2026-08-17,71.53,1.426,71.1,56.4,0
ASSET-4401252C,2026-08-18,61.8,1.119,74.9,49.8,0
ASSET-4401252C,2026-08-19,67.59,1.34,71.8,42.5,0
ASSET-4401252C,2026-08-20,68.64,1.509,82.6,51.7,0
ASSET-4401252C,2026-08-21,61.7,1.763,84.9,58.8,0
ASSET-4401252C,2026-08-22,66.23,1.67,80.1,42.0,0
ASSET-4401252C,2026-08-23,66.23,1.622,84.8,34.5,0
ASSET-4401252C,2026-08-24,65.42,1.831,76.7,51.5,0
ASSET-4401252C,2026-08-25,71.07,1.782,77.3,43.6,0
ASSET-4401252C,2026-08-26,68.13,1.359,66.1,48.5,0
ASSET-4401252C,2026-08-27,64.05,1.583,82.3,48.6,0
ASSET-4401252C,2026-08-28,60.83,1.525,88.2,61.2,0
ASSET-4401252C,2026-08-29,62.32,1.325,76.3,26.2,0
ASSET-4401252C,2026-08-30,66.62,1.387,82.0,39.3,0
ASSET-4401252C,2026-08-31,68.7,1.883,70.2,57.2,0
ASSET-4401252C,2026-09-01,72.85,1.312,73.6,48.3,0
ASSET-4401252C,2026-09-02,67.83,1.325,77.7,51.3,0
ASSET-4401252C,2026-09-03,60.96,1.536,89.1,48.9,0
ASSET-4401252C,2026-09-04,67.58,1.431,75.9,62.9,0
ASSET-4401252C,2026-09-05,66.92,1.647,81.6,60.0,0
ASSET-4401252C,2026-09-06,63.3,1.492,80.6,41.2,0
ASSET-4401252C,2026-09-07,57.44,1.573,80.2,54.6,0
ASSET-4401252C,2026-09-08,67.81,1.76,77.0,56.6,0
ASSET-4401252C,2026-09-09,63.35,1.497,63.0,52.6,0
ASSET-4401252C,2026-09-10,61.37,1.605,76.6,54.5,0
ASSET-4401252C,2026-09-11,62.89,1.383,80.0,62.1,0
ASSET-4401252C,2026-09-12,73.23,1.46,83.7,39.9,0
ASSET-4401252C,2026-09-13,60.89,1.629,74.2,58.4,0
ASSET-4401252C,2026-09-14,64.47,1.667,75.4,52.3,0
ASSET-4401252C,2026-09-15,65.0,1.679,78.8,61.5,0
ASSET-9979D72F,2026-03-20,69.22,1.158,76.9,62.3,0
ASSET-9979D72F,2026-03-21,65.91,1.527,86.8,46.5,0
ASSET-9979D72F,2026-03-22,66.43,1.08,79.5,49.7,0
ASSET-9979D72F,2026-03-23,65.04,1.462,84.2,61.5,0
ASSET-9979D72F,2026-03-24,65.97,1.237,79.1,49.6,0
ASSET-9979D72F,2026-03-25,61.19,1.566,86.5,51.8,0
ASSET-9979D72F,2026-03-26,64.57,1.262,86.7,62.9,0
ASSET-9979D72F,2026-03-27,62.91,1.286,79.3,57.2,0
ASSET-9979D72F,2026-03-28,65.72,1.122,78.5,43.7,0
ASSET-9979D72F,2026-03-29,60.38,1.628,70.8,38.8,0
ASSET-9979D72F,2026-03-30,66.69,1.104,93.9,53.7,0
ASSET-9979D72F,2026-03-31,69.23,1.372,79.9,50.5,0
ASSET-9979D72F,2026-04-01,68.6,1.773,75.3,42.2,0
ASSET-9979D72F,2026-04-02,68.38,1.455,81.1,43.9,0
ASSET-9979D72F,2026-04-03,65.88,1.46,84.4,59.9,0
ASSET-9979D72F,2026-04-04,62.24,1.403,70.0,48.4,0
ASSET-9979D72F,2026-04-05,62.44,1.06,84.8,49.0,0
ASSET-9979D72F,2026-04-06,62.38,1.016,88.1,62.4,0
ASSET-9979D72F,2026-04-07,68.08,1.523,66.0,63.0,0
ASSET-9979D72F,2026-04-08,63.56,1.798,80.1,52.4,0
ASSET-9979D72F,2026-04-09,64.77,1.725,87.2,60.4,0
ASSET-9979D72F,2026-04-10,66.1,1.122,76.4,48.3,0
ASSET-9979D72F,2026-04-11,67.13,1.632,81.8,48.3,0
ASSET-9979D72F,2026-04-12,65.84,1.076,75.2,60.0,0
ASSET-9979D72F,2026-04-13,61.1,1.233,81.7,52.7,0
ASSET-9979D72F,2026-04-14,64.02,1.553,82.1,38.0,0
ASSET-9979D72F,2026-04-15,62.89,1.464,82.3,68.8,0
ASSET-9979D72F,2026-04-16,65.94,1.628,81.5,48.3,0
ASSET-9979D72F,2026-04-17,69.31,1.786,88.2,54.4,0
ASSET-9979D72F,2026-04-18,63.67,1.177,80.1,45.3,0
ASSET-9979D72F,2026-04-19,62.63,1.747,81.2,48.4,0
ASSET-9979D72F,2026-04-20,67.35,1.745,79.0,39.7,0
ASSET-9979D72F,2026-04-21,67.24,1.354,81.4,40.1,0
ASSET-9979D72F,2026-04-22,66.51,1.593,85.3,55.3,0
ASSET-9979D72F,2026-04-23,61.56,1.205,75.8,29.8,0
ASSET-9979D72F,2026-04-24,67.42,1.154,86.7,51.2,0
ASSET-9979D72F,2026-04-25,67.48,1.22,80.6,37.2,0
ASSET-9979D72F,2026-04-26,64.46,1.616,87.2,38.6,0
ASSET-9979D72F,2026-04-27,69.75,1.355,87.6,37.6,0
ASSET-9979D72F,2026-04-28,65.07,1.394,85.7,40.7,0
ASSET-9979D72F,2026-04-29,68.86,1.375,76.0,62.9,0
ASSET-9979D72F,2026-04-30,66.21,1.108,70.9,54.5,0
ASSET-9979D72F,2026-05-01,61.18,1.486,91.8,45.9,0
ASSET-9979D72F,2026-05-02,65.51,1.606,94.3,42.5,0
ASSET-9979D72F,2026-05-03,66.19,1.503,71.0,31.0,0
ASSET-9979D72F,2026-05-04,61.71,1.797,75.0,67.7,0
ASSET-9979D72F,2026-05-05,63.37,1.409,81.5,34.1,0
ASSET-9979D72F,2026-05-06,64.56,1.731,87.7,47.7,0
ASSET-9979D72F,2026-05-07,67.56,1.28,69.2,42.9,0
ASSET-9979D72F,2026-05-08,61.85,1.624,78.8,52.8,0
ASSET-9979D72F,2026-05-09,61.01,1.552,77.3,20.4,0
ASSET-9979D72F,2026-05-10,66.68,1.583,79.2,32.8,0
ASSET-9979D72F,2026-05-11,63.13,1.213,87.8,38.4,0
ASSET-9979D72F,2026-05-12,68.04,1.639,76.5,38.3,0
ASSET-9979D72F,2026-05-13,66.91,1.461,78.5,42.9,0
ASSET-9979D72F,2026-05-14,58.98,1.47,82.2,42.9,0
ASSET-9979D72F,2026-05-15,61.45,1.375,89.0,59.1,0
ASSET-9979D72F,2026-05-16,67.21,1.385,82.6,59.1,0
ASSET-9979D72F,2026-05-17,67.2,1.644,76.7,43.0,0
ASSET-9979D72F,2026-05-18,63.71,1.6,78.1,52.9,0
ASSET-9979D72F,2026-05-19,63.31,1.495,76.1,14.3,0
ASSET-9979D72F,2026-05-20,65.18,1.345,81.6,50.1,0
ASSET-9979D72F,2026-05-21,59.56,1.862,78.7,47.9,0
ASSET-9979D72F,2026-05-22,65.12,1.375,82.0,51.3,0
ASSET-9979D72F,2026-05-23,65.15,1.416,86.9,39.8,0
ASSET-9979D72F,2026-05-24,61.19,1.342,71.9,43.6,0
ASSET-9979D72F,2026-05-25,64.71,1.594,85.7,49.6,0
ASSET-9979D72F,2026-05-26,62.15,1.307,73.4,47.4,0
ASSET-9979D72F,2026-05-27,66.98,1.351,81.0,63.3,0
ASSET-9979D72F,2026-05-28,65.44,1.737,75.8,41.2,0
ASSET-9979D72F,2026-05-29,67.79,1.211,82.1,44.4,0
ASSET-9979D72F,2026-05-30,69.47,1.771,81.7,58.9,0
ASSET-9979D72F,2026-05-31,66.01,1.481,81.3,50.5,0
ASSET-9979D72F,2026-06-01,67.7,1.441,79.8,26.1,0
ASSET-9979D72F,2026-06-02,65.3,1.388,82.1,42.9,0
ASSET-9979D72F,2026-06-03,60.84,1.308,80.2,33.8,0
ASSET-9979D72F,2026-06-04,64.6,1.499,79.4,40.4,0
ASSET-9979D72F,2026-06-05,67.76,1.341,89.9,46.0,0
ASSET-9979D72F,2026-06-06,65.68,1.427,85.4,45.3,0
ASSET-9979D72F,2026-06-07,64.5,1.628,81.6,40.0,0
ASSET-9979D72F,2026-06-08,64.7,1.45,76.3,37.0,0
ASSET-9979D72F,2026-06-09,62.21,1.615,78.6,66.7,0
ASSET-9979D72F,2026-06-10,66.39,1.364,82.8,33.6,0
ASSET-9979D72F,2026-06-11,65.18,1.31,81.9,33.5,0
ASSET-9979D72F,2026-06-12,71.87,1.906,83.7,50.7,0
ASSET-9979D72F,2026-06-13,63.38,1.258,82.2,51.1,0
ASSET-9979D72F,2026-06-14,64.98,1.436,70.4,36.8,0
ASSET-9979D72F,2026-06-15,61.99,1.329,78.7,43.8,0
ASSET-9979D72F,2026-06-16,68.19,1.562,77.3,40.7,0
ASSET-9979D72F,2026-06-17,62.61,1.666,74.3,49.4,0
ASSET-9979D72F,2026-06-18,71.33,1.552,74.3,55.8,0
ASSET-9979D72F,2026-06-19,69.64,1.437,79.2,49.6,0
ASSET-9979D72F,2026-06-20,66.57,1.548,81.1,64.5,0
ASSET-9979D72F,2026-06-21,61.85,1.604,79.8,46.7,0
ASSET-9979D72F,2026-06-22,63.03,1.391,82.4,53.4,0
ASSET-9979D72F,2026-06-23,64.44,1.686,71.9,46.7,0
ASSET-9979D72F,2026-06-24,67.02,1.775,83.9,46.4,0
ASSET-9979D72F,2026-06-25,70.14,1.588,81.0,57.4,0
ASSET-9979D72F,2026-06-26,68.71,1.654,84.8,49.2,0
ASSET-9979D72F,2026-06-27,64.19,1.192,82.9,32.3,0
ASSET-9979D72F,2026-06-28,61.59,1.403,84.9,55.7,0
ASSET-9979D72F,2026-06-29,67.63,1.803,79.8,43.7,0
ASSET-9979D72F,2026-06-30,65.27,1.729,75.1,29.3,0
ASSET-9979D72F,2026-07-01,68.47,1.321,79.4,43.4,0
ASSET-9979D72F,2026-07-02,63.38,1.544,78.3,58.5,0
ASSET-9979D72F,2026-07-03,66.99,1.763,81.9,47.2,0
ASSET-9979D72F,2026-07-04,67.93,1.806,90.8,50.8,0
ASSET-9979D72F,2026-07-05,63.22,1.504,74.8,43.9,0
ASSET-9979D72F,2026-07-06,65.98,1.447,77.9,51.7,0
ASSET-9979D72F,2026-07-07,63.08,1.647,90.5,44.8,0
ASSET-9979D72F,2026-07-08,58.72,1.503,85.3,68.2,0
ASSET-9979D72F,2026-07-09,69.74,1.66,83.2,73.5,0
ASSET-9979D72F,2026-07-10,64.87,1.285,80.9,44.1,0
ASSET-9979D72F,2026-07-11,67.99,1.362,87.6,52.8,0
ASSET-9979D72F,2026-07-12,68.68,1.636,77.0,68.2,0
ASSET-9979D72F,2026-07-13,63.71,1.347,80.0,49.7,0
ASSET-9979D72F,2026-07-14,63.88,1.399,73.6,46.2,0
ASSET-9979D72F,2026-07-15,67.84,1.551,77.5,50.3,0
ASSET-9979D72F,2026-07-16,61.88,1.519,79.3,60.4,0
ASSET-9979D72F,2026-07-17,63.33,1.347,86.0,52.8,0
ASSET-9979D72F,2026-07-18,67.5,1.511,79.9,44.3,0
ASSET-9979D72F,2026-07-19,61.34,1.603,75.1,57.9,0
ASSET-9979D72F,2026-07-20,70.92,1.791,68.5,57.3,0
ASSET-9979D72F,2026-07-21,62.16,1.458,76.1,45.5,0
ASSET-9979D72F,2026-07-22,65.52,1.426,85.1,53.2,0
ASSET-9979D72F,2026-07-23,67.12,1.837,83.1,45.7,0
ASSET-9979D72F,2026-07-24,67.74,1.423,70.0,50.7,0
ASSET-9979D72F,2026-07-25,67.01,1.083,85.6,57.3,0
ASSET-9979D72F,2026-07-26,67.81,1.658,84.8,51.5,0
ASSET-9979D72F,2026-07-27,65.54,1.44,75.3,60.1,0
ASSET-9979D72F,2026-07-28,59.79,1.55,82.9,40.9,0
ASSET-9979D72F,2026-07-29,66.24,1.542,80.6,41.1,0
ASSET-9979D72F,2026-07-30,65.42,1.216,84.7,49.7,0
ASSET-9979D72F,2026-07-31,61.74,1.593,79.0,47.8,0
ASSET-9979D72F,2026-08-01,61.23,1.572,74.8,54.6,0
ASSET-9979D72F,2026-08-02,67.45,1.332,80.4,42.8,0
ASSET-9979D72F,2026-08-03,64.13,1.473,79.8,46.3,0
ASSET-9979D72F,2026-08-04,66.71,1.433,75.2,37.4,0
ASSET-9979D72F,2026-08-05,63.63,1.443,75.4,26.7,0
ASSET-9979D72F,2026-08-06,60.3,1.331,78.0,58.1,0
ASSET-9979D72F,2026-08-07,67.91,1.634,76.6,51.0,0
ASSET-9979D72F,2026-08-08,64.71,1.462,73.0,61.4,0
ASSET-9979D72F,2026-08-09,63.82,1.418,82.1,42.5,0
ASSET-9979D72F,2026-08-10,68.93,1.25,77.3,53.6,0
ASSET-9979D72F,2026-08-11,62.14,1.605,79.9,61.6,0
ASSET-9979D72F,2026-08-12,63.8,1.665,86.6,42.2,0
ASSET-9979D72F,2026-08-13,66.74,1.268,84.9,45.0,0
ASSET-9979D72F,2026-08-14,61.64,1.448,74.2,40.8,0
ASSET-9979D72F,2026-08-15,63.34,1.445,85.0,28.1,0
ASSET-9979D72F,2026-08-16,60.39,1.768,87.6,48.9,0
ASSET-9979D72F,2026-08-17,62.95,1.627,84.2,50.4,0
ASSET-9979D72F,2026-08-18,65.26,1.496,90.4,48.0,0
ASSET-9979D72F,2026-08-19,60.96,1.689,80.3,41.2,0
ASSET-9979D72F,2026-08-20,67.71,1.42,74.2,43.7,0
ASSET-9979D72F,2026-08-21,66.16,1.429,79.8,37.2,0
ASSET-9979D72F,2026-08-22,69.02,1.55,84.6,52.4,0
ASSET-9979D72F,2026-08-23,61.83,1.743,78.7,58.8,0
ASSET-9979D72F,2026-08-24,61.9,1.42,84.2,41.7,0
ASSET-9979D72F,2026-08-25,65.27,1.458,80.2,78.5,0
ASSET-9979D72F,2026-08-26,61.77,1.397,71.4,51.6,0
ASSET-9979D72F,2026-08-27,64.44,1.447,81.4,41.0,0
ASSET-9979D72F,2026-08-28,67.42,1.59,73.1,52.0,0
ASSET-9979D72F,2026-08-29,69.06,1.513,78.0,56.9,0
ASSET-9979D72F,2026-08-30,62.89,1.322,79.9,55.1,0
ASSET-9979D72F,2026-08-31,59.86,1.491,85.3,42.8,0
ASSET-9979D72F,2026-09-01,63.31,1.489,83.8,52.7,0
ASSET-9979D72F,2026-09-02,66.31,1.519,80.0,49.9,0
ASSET-9979D72F,2026-09-03,64.34,1.506,84.2,54.3,0
ASSET-9979D72F,2026-09-04,62.48,1.475,86.4,51.4,0
ASSET-9979D72F,2026-09-05,63.83,1.393,82.6,45.7,0
ASSET-9979D72F,2026-09-06,63.88,1.452,81.8,46.9,0
ASSET-9979D72F,2026-09-07,67.34,1.533,82.6,53.5,0
ASSET-9979D72F,2026-09-08,68.42,1.536,78.3,56.3,0
ASSET-9979D72F,2026-09-09,61.35,1.383,79.2,39.1,0
ASSET-9979D72F,2026-09-10,64.97,1.19,81.4,36.1,0
ASSET-9979D72F,2026-09-11,65.32,1.484,81.5,47.1,0
ASSET-9979D72F,2026-09-12,65.43,1.57,86.6,47.6,0
ASSET-9979D72F,2026-09-13,64.55,1.626,87.2,56.3,0
ASSET-9979D72F,2026-09-14,64.25,1.68,75.9,48.8,0
ASSET-9979D72F,2026-09-15,65.29,1.657,82.6,44.0,0
ASSET-55D4E8AA,2026-03-20,61.75,1.462,75.7,57.0,0
ASSET-55D4E8AA,2026-03-21,66.73,1.453,86.8,53.5,0
ASSET-55D4E8AA,2026-03-22,57.88,2.112,73.2,58.0,0
ASSET-55D4E8AA,2026-03-23,64.91,1.548,79.4,58.6,0
ASSET-55D4E8AA,2026-03-24,63.57,1.481,84.0,34.2,0
ASSET-55D4E8AA,2026-03-25,66.94,1.464,75.4,40.5,0
ASSET-55D4E8AA,2026-03-26,65.85,1.389,80.8,36.4,0
ASSET-55D4E8AA,2026-03-27,62.49,1.45,86.2,48.1,0
ASSET-55D4E8AA,2026-03-28,64.16,1.705,80.0,49.3,0
ASSET-55D4E8AA,2026-03-29,66.07,1.61,86.2,29.9,0
ASSET-55D4E8AA,2026-03-30,69.19,1.282,88.6,70.8,0
ASSET-55D4E8AA,2026-03-31,70.71,1.407,73.9,53.4,0
ASSET-55D4E8AA,2026-04-01,64.17,1.565,76.4,45.5,0
ASSET-55D4E8AA,2026-04-02,61.49,1.152,77.3,37.5,0
ASSET-55D4E8AA,2026-04-03,66.82,1.564,85.4,58.2,0
ASSET-55D4E8AA,2026-04-04,65.79,1.394,81.0,48.4,0
ASSET-55D4E8AA,2026-04-05,65.37,1.597,70.6,53.3,0
ASSET-55D4E8AA,2026-04-06,63.11,1.246,80.9,36.4,0
ASSET-55D4E8AA,2026-04-07,62.56,1.517,83.1,57.3,0
ASSET-55D4E8AA,2026-04-08,59.94,1.944,79.9,31.8,0
ASSET-55D4E8AA,2026-04-09,63.7,1.687,77.3,50.7,0
ASSET-55D4E8AA,2026-04-10,66.21,1.534,86.2,49.5,0
ASSET-55D4E8AA,2026-04-11,59.8,1.59,93.5,56.3,0
ASSET-55D4E8AA,2026-04-12,67.07,1.585,86.8,46.3,0
ASSET-55D4E8AA,2026-04-13,66.93,1.269,75.1,56.7,0
ASSET-55D4E8AA,2026-04-14,68.71,1.167,78.7,43.1,0
ASSET-55D4E8AA,2026-04-15,67.08,1.354,80.7,59.2,0
ASSET-55D4E8AA,2026-04-16,60.58,1.872,82.2,42.9,0
ASSET-55D4E8AA,2026-04-17,55.13,1.404,82.7,29.7,0
ASSET-55D4E8AA,2026-04-18,64.19,1.577,77.3,60.0,0
ASSET-55D4E8AA,2026-04-19,61.89,1.204,77.6,26.3,0
ASSET-55D4E8AA,2026-04-20,64.13,1.543,78.1,49.9,0
ASSET-55D4E8AA,2026-04-21,66.37,1.48,74.6,39.7,0
ASSET-55D4E8AA,2026-04-22,67.16,1.388,78.9,59.4,0
ASSET-55D4E8AA,2026-04-23,65.27,1.552,82.4,34.1,0
ASSET-55D4E8AA,2026-04-24,63.33,1.485,77.6,53.1,0
ASSET-55D4E8AA,2026-04-25,64.9,1.616,80.3,53.3,0
ASSET-55D4E8AA,2026-04-26,63.21,1.447,82.5,33.0,0
ASSET-55D4E8AA,2026-04-27,62.97,1.621,79.9,46.6,0
ASSET-55D4E8AA,2026-04-28,63.33,1.857,84.6,43.4,0
ASSET-55D4E8AA,2026-04-29,62.2,1.481,79.7,50.2,0
ASSET-55D4E8AA,2026-04-30,65.51,1.277,78.5,27.8,0
ASSET-55D4E8AA,2026-05-01,64.9,1.66,85.5,51.7,0
ASSET-55D4E8AA,2026-05-02,69.64,1.672,81.8,55.8,0
ASSET-55D4E8AA,2026-05-03,65.33,1.718,85.3,60.2,0
ASSET-55D4E8AA,2026-05-04,66.27,1.437,81.4,47.5,0
ASSET-55D4E8AA,2026-05-05,67.03,1.384,80.8,55.6,0
ASSET-55D4E8AA,2026-05-06,63.26,1.512,79.8,38.3,0
ASSET-55D4E8AA,2026-05-07,59.96,1.447,78.6,44.6,0
ASSET-55D4E8AA,2026-05-08,64.59,1.317,86.3,51.0,0
ASSET-55D4E8AA,2026-05-09,68.2,1.335,83.5,53.3,0
ASSET-55D4E8AA,2026-05-10,63.26,1.553,76.0,48.3,0
ASSET-55D4E8AA,2026-05-11,66.52,1.669,75.5,40.7,0
ASSET-55D4E8AA,2026-05-12,66.78,1.61,83.9,41.8,0
ASSET-55D4E8AA,2026-05-13,63.65,1.524,86.0,43.0,0
ASSET-55D4E8AA,2026-05-14,68.35,1.526,75.0,57.4,0
ASSET-55D4E8AA,2026-05-15,65.95,1.393,88.6,31.5,0
ASSET-55D4E8AA,2026-05-16,64.44,1.786,76.3,45.1,0
ASSET-55D4E8AA,2026-05-17,66.08,2.025,74.9,48.5,0
ASSET-55D4E8AA,2026-05-18,62.72,1.77,81.4,51.4,0
ASSET-55D4E8AA,2026-05-19,60.4,1.589,74.6,39.0,0
ASSET-55D4E8AA,2026-05-20,66.03,1.624,74.4,45.9,0
ASSET-55D4E8AA,2026-05-21,67.36,1.267,78.2,49.8,0
ASSET-55D4E8AA,2026-05-22,68.39,1.694,73.0,40.6,0
ASSET-55D4E8AA,2026-05-23,65.3,1.309,80.5,27.0,0
ASSET-55D4E8AA,2026-05-24,64.79,1.656,76.9,50.9,0
ASSET-55D4E8AA,2026-05-25,61.33,1.615,80.0,53.6,0
ASSET-55D4E8AA,2026-05-26,69.27,1.507,74.8,51.2,0
ASSET-55D4E8AA,2026-05-27,66.54,1.388,79.8,51.7,0
ASSET-55D4E8AA,2026-05-28,65.82,1.322,77.1,57.5,0
ASSET-55D4E8AA,2026-05-29,69.49,1.773,79.5,56.7,0
ASSET-55D4E8AA,2026-05-30,69.24,1.513,77.3,43.9,0
ASSET-55D4E8AA,2026-05-31,64.1,1.433,79.1,58.3,0
ASSET-55D4E8AA,2026-06-01,69.28,1.47,76.8,55.8,0
ASSET-55D4E8AA,2026-06-02,66.09,1.576,76.7,61.7,0
ASSET-55D4E8AA,2026-06-03,71.14,1.635,70.0,55.1,0
ASSET-55D4E8AA,2026-06-04,70.44,1.325,89.4,62.0,0
ASSET-55D4E8AA,2026-06-05,68.04,1.654,79.2,53.0,0
ASSET-55D4E8AA,2026-06-06,68.88,1.315,85.6,49.0,0
ASSET-55D4E8AA,2026-06-07,67.83,1.657,70.7,63.3,0
ASSET-55D4E8AA,2026-06-08,71.11,1.165,80.8,50.0,0
ASSET-55D4E8AA,2026-06-09,62.09,1.413,77.0,61.6,0
ASSET-55D4E8AA,2026-06-10,58.98,1.666,78.0,51.3,0
ASSET-55D4E8AA,2026-06-11,69.09,1.247,77.3,47.0,0
ASSET-55D4E8AA,2026-06-12,64.34,1.158,74.8,55.8,0
ASSET-55D4E8AA,2026-06-13,64.11,1.522,79.1,53.4,0
ASSET-55D4E8AA,2026-06-14,69.04,1.425,79.4,58.0,0
ASSET-55D4E8AA,2026-06-15,66.55,1.77,87.7,45.0,0
ASSET-55D4E8AA,2026-06-16,66.92,1.481,82.3,46.4,0
ASSET-55D4E8AA,2026-06-17,64.87,1.525,74.5,55.5,0
ASSET-55D4E8AA,2026-06-18,62.43,1.514,77.0,66.4,0
ASSET-55D4E8AA,2026-06-19,63.72,1.335,77.8,57.8,0
ASSET-55D4E8AA,2026-06-20,64.26,1.551,75.7,48.5,0
ASSET-55D4E8AA,2026-06-21,60.36,1.288,91.2,47.1,0
ASSET-55D4E8AA,2026-06-22,67.2,1.467,80.0,55.2,0
ASSET-55D4E8AA,2026-06-23,67.84,1.545,77.3,56.2,0
ASSET-55D4E8AA,2026-06-24,62.99,1.626,80.1,50.8,0
ASSET-55D4E8AA,2026-06-25,68.65,1.185,81.7,58.1,0
ASSET-55D4E8AA,2026-06-26,67.1,1.144,83.8,46.8,0
ASSET-55D4E8AA,2026-06-27,66.56,1.329,81.1,47.8,0
ASSET-55D4E8AA,2026-06-28,65.28,1.245,75.7,53.2,0
ASSET-55D4E8AA,2026-06-29,66.02,1.324,86.3,56.5,0
ASSET-55D4E8AA,2026-06-30,62.14,1.46,79.3,76.2,0
ASSET-55D4E8AA,2026-07-01,63.52,1.687,75.6,41.1,0
ASSET-55D4E8AA,2026-07-02,65.99,1.888,74.1,33.6,0
ASSET-55D4E8AA,2026-07-03,66.24,1.357,82.1,66.6,0
ASSET-55D4E8AA,2026-07-04,63.9,1.4,78.4,61.2,0
ASSET-55D4E8AA,2026-07-05,66.57,1.517,81.4,54.5,0
ASSET-55D4E8AA,2026-07-06,67.77,1.5,78.5,63.2,0
ASSET-55D4E8AA,2026-07-07,62.5,1.669,76.7,50.8,0
ASSET-55D4E8AA,2026-07-08,67.25,1.509,77.5,54.2,0
ASSET-55D4E8AA,2026-07-09,63.27,1.382,79.0,46.4,0
ASSET-55D4E8AA,2026-07-10,64.76,1.263,82.6,67.0,0
ASSET-55D4E8AA,2026-07-11,64.01,1.364,81.4,55.8,0
ASSET-55D4E8AA,2026-07-12,64.62,1.473,84.0,59.2,0
ASSET-55D4E8AA,2026-07-13,64.7,1.638,79.4,52.0,0
ASSET-55D4E8AA,2026-07-14,63.72,1.032,86.8,53.1,0
ASSET-55D4E8AA,2026-07-15,65.52,1.56,84.6,74.9,0
ASSET-55D4E8AA,2026-07-16,62.5,1.817,85.1,40.6,0
ASSET-55D4E8AA,2026-07-17,65.45,1.231,77.8,51.8,0
ASSET-55D4E8AA,2026-07-18,66.8,1.44,74.7,48.0,0
ASSET-55D4E8AA,2026-07-19,64.96,1.324,69.6,42.4,0
ASSET-55D4E8AA,2026-07-20,66.73,1.617,82.1,55.3,0
ASSET-55D4E8AA,2026-07-21,65.56,1.67,75.2,51.7,0
ASSET-55D4E8AA,2026-07-22,66.08,1.666,77.2,41.2,0
ASSET-55D4E8AA,2026-07-23,68.37,1.192,75.2,60.6,0
ASSET-55D4E8AA,2026-07-24,62.17,1.806,76.3,57.5,0
ASSET-55D4E8AA,2026-07-25,67.39,1.562,77.8,45.9,0
ASSET-55D4E8AA,2026-07-26,65.51,1.43,80.8,57.6,0
ASSET-55D4E8AA,2026-07-27,62.83,1.486,81.3,42.8,0
ASSET-55D4E8AA,2026-07-28,67.27,1.71,77.1,56.4,0
ASSET-55D4E8AA,2026-07-29,69.83,1.481,77.4,31.7,0
ASSET-55D4E8AA,2026-07-30,61.95,1.463,85.1,54.1,0
ASSET-55D4E8AA,2026-07-31,63.98,1.436,80.5,44.8,0
ASSET-55D4E8AA,2026-08-01,64.94,1.601,84.9,40.8,0
ASSET-55D4E8AA,2026-08-02,68.64,1.536,85.6,48.3,0
ASSET-55D4E8AA,2026-08-03,68.67,1.306,76.4,61.8,0
ASSET-55D4E8AA,2026-08-04,67.8,1.614,86.2,46.3,0
ASSET-55D4E8AA,2026-08-05,62.39,1.523,85.5,60.5,0
ASSET-55D4E8AA,2026-08-06,66.21,1.365,68.6,39.2,0
ASSET-55D4E8AA,2026-08-07,64.24,1.254,80.2,45.1,0
ASSET-55D4E8AA,2026-08-08,67.54,1.367,77.3,38.4,0
ASSET-55D4E8AA,2026-08-09,67.79,1.492,78.1,57.6,0
ASSET-55D4E8AA,2026-08-10,65.14,1.656,75.6,46.1,0
ASSET-55D4E8AA,2026-08-11,62.24,1.487,78.7,53.7,0
ASSET-55D4E8AA,2026-08-12,65.53,1.533,73.4,49.5,0
ASSET-55D4E8AA,2026-08-13,64.8,1.425,78.0,58.9,0
ASSET-55D4E8AA,2026-08-14,66.91,1.471,86.9,53.2,0
ASSET-55D4E8AA,2026-08-15,68.2,1.364,87.7,36.0,0
ASSET-55D4E8AA,2026-08-16,69.07,1.531,88.3,43.2,0
ASSET-55D4E8AA,2026-08-17,68.21,1.889,83.8,46.3,0
ASSET-55D4E8AA,2026-08-18,66.45,1.439,74.4,47.0,0
ASSET-55D4E8AA,2026-08-19,62.13,1.683,78.2,56.4,0
ASSET-55D4E8AA,2026-08-20,62.84,1.654,80.8,45.5,0
ASSET-55D4E8AA,2026-08-21,62.89,1.727,76.3,44.5,0
ASSET-55D4E8AA,2026-08-22,66.78,1.446,82.4,40.7,0
ASSET-55D4E8AA,2026-08-23,63.31,1.367,84.7,34.1,0
ASSET-55D4E8AA,2026-08-24,63.81,1.105,82.1,56.2,0
ASSET-55D4E8AA,2026-08-25,61.12,1.64,73.3,43.4,0
ASSET-55D4E8AA,2026-08-26,63.69,1.92,71.6,57.3,0
ASSET-55D4E8AA,2026-08-27,66.15,1.29,79.1,47.7,0
ASSET-55D4E8AA,2026-08-28,68.82,1.408,79.2,57.7,0
ASSET-55D4E8AA,2026-08-29,62.45,1.605,84.8,62.3,0
ASSET-55D4E8AA,2026-08-30,68.08,1.674,80.5,55.1,0
ASSET-55D4E8AA,2026-08-31,62.62,1.622,82.1,55.8,0
ASSET-55D4E8AA,2026-09-01,69.35,1.8,82.7,63.3,0
ASSET-55D4E8AA,2026-09-02,68.19,1.762,74.8,54.6,0
ASSET-55D4E8AA,2026-09-03,63.69,2.061,86.9,41.9,0
ASSET-55D4E8AA,2026-09-04,66.18,1.64,79.2,43.5,0
ASSET-55D4E8AA,2026-09-05,66.86,1.46,87.8,35.9,0
ASSET-55D4E8AA,2026-09-06,61.41,1.644,71.5,43.2,0
ASSET-55D4E8AA,2026-09-07,66.52,1.487,79.0,58.3,0
ASSET-55D4E8AA,2026-09-08,61.67,1.451,82.2,45.9,0
ASSET-55D4E8AA,2026-09-09,64.74,1.865,84.9,43.2,0
ASSET-55D4E8AA,2026-09-10,65.7,1.484,84.3,35.8,0
ASSET-55D4E8AA,2026-09-11,67.3,1.119,85.2,48.7,0
ASSET-55D4E8AA,2026-09-12,66.48,1.811,66.9,54.5,0
ASSET-55D4E8AA,2026-09-13,69.86,1.79,84.9,45.3,0
ASSET-55D4E8AA,2026-09-14,62.81,1.483,75.5,73.0,0
ASSET-55D4E8AA,2026-09-15,66.47,1.59,88.2,42.0,0
ASSET-F0F5BD9D,2026-03-20,59.71,1.673,75.8,69.6,0
ASSET-F0F5BD9D,2026-03-21,68.09,1.712,81.2,51.5,0
ASSET-F0F5BD9D,2026-03-22,61.87,1.593,81.4,34.3,0
ASSET-F0F5BD9D,2026-03-23,63.11,1.662,87.7,57.8,0
ASSET-F0F5BD9D,2026-03-24,63.74,1.2,87.1,63.4,0
ASSET-F0F5BD9D,2026-03-25,67.98,1.333,78.5,55.8,0
ASSET-F0F5BD9D,2026-03-26,63.05,1.397,75.3,38.7,0
ASSET-F0F5BD9D,2026-03-27,69.18,1.41,68.8,40.0,0
ASSET-F0F5BD9D,2026-03-28,61.68,1.622,72.1,46.2,0
ASSET-F0F5BD9D,2026-03-29,69.02,1.146,77.1,48.6,0
ASSET-F0F5BD9D,2026-03-30,67.62,1.601,86.3,39.7,0
ASSET-F0F5BD9D,2026-03-31,66.83,1.543,75.1,62.3,0
ASSET-F0F5BD9D,2026-04-01,70.43,1.401,78.2,62.3,0
ASSET-F0F5BD9D,2026-04-02,67.97,1.388,87.3,53.7,0
ASSET-F0F5BD9D,2026-04-03,67.8,1.45,77.2,55.7,0
ASSET-F0F5BD9D,2026-04-04,64.13,1.368,76.2,48.6,0
ASSET-F0F5BD9D,2026-04-05,69.44,1.445,65.0,62.2,0
ASSET-F0F5BD9D,2026-04-06,63.9,1.207,77.8,57.8,0
ASSET-F0F5BD9D,2026-04-07,64.24,1.169,82.1,50.9,0
ASSET-F0F5BD9D,2026-04-08,68.73,1.217,76.5,57.5,0
ASSET-F0F5BD9D,2026-04-09,67.49,1.578,77.7,53.8,0
ASSET-F0F5BD9D,2026-04-10,58.27,1.777,82.7,52.4,0
ASSET-F0F5BD9D,2026-04-11,63.76,1.423,85.9,47.3,0
ASSET-F0F5BD9D,2026-04-12,62.2,1.76,79.0,54.3,0
ASSET-F0F5BD9D,2026-04-13,63.88,1.31,78.9,43.9,0
ASSET-F0F5BD9D,2026-04-14,56.66,1.501,80.2,35.6,0
ASSET-F0F5BD9D,2026-04-15,71.68,1.307,81.2,45.9,0
ASSET-F0F5BD9D,2026-04-16,60.29,1.253,84.1,52.0,0
ASSET-F0F5BD9D,2026-04-17,63.72,1.781,80.2,64.2,0
ASSET-F0F5BD9D,2026-04-18,66.72,1.641,74.7,55.5,0
ASSET-F0F5BD9D,2026-04-19,69.35,1.332,69.1,44.3,0
ASSET-F0F5BD9D,2026-04-20,63.8,1.363,81.0,46.0,0
ASSET-F0F5BD9D,2026-04-21,65.51,1.537,79.3,61.0,0
ASSET-F0F5BD9D,2026-04-22,59.02,1.652,78.2,64.1,0
ASSET-F0F5BD9D,2026-04-23,71.3,1.293,84.2,57.5,0
ASSET-F0F5BD9D,2026-04-24,63.56,1.439,88.3,48.8,0
ASSET-F0F5BD9D,2026-04-25,61.81,1.665,88.2,43.5,0
ASSET-F0F5BD9D,2026-04-26,67.82,1.491,77.3,39.4,0
ASSET-F0F5BD9D,2026-04-27,63.94,0.921,82.7,35.7,0
ASSET-F0F5BD9D,2026-04-28,62.26,1.33,84.3,49.0,0
ASSET-F0F5BD9D,2026-04-29,64.69,1.235,78.5,48.8,0
ASSET-F0F5BD9D,2026-04-30,62.48,1.586,75.7,49.9,0
ASSET-F0F5BD9D,2026-05-01,62.64,1.53,78.8,50.2,0
ASSET-F0F5BD9D,2026-05-02,67.39,1.313,70.3,39.3,0
ASSET-F0F5BD9D,2026-05-03,70.98,1.774,90.1,72.0,0
ASSET-F0F5BD9D,2026-05-04,67.62,1.446,77.5,44.1,0
ASSET-F0F5BD9D,2026-05-05,66.12,1.755,76.7,72.9,0
ASSET-F0F5BD9D,2026-05-06,65.97,1.601,83.2,54.6,0
ASSET-F0F5BD9D,2026-05-07,66.0,1.816,81.6,44.0,0
ASSET-F0F5BD9D,2026-05-08,71.24,1.267,73.5,63.5,0
ASSET-F0F5BD9D,2026-05-09,63.03,1.438,72.9,50.2,0
ASSET-F0F5BD9D,2026-05-10,63.86,1.635,78.7,44.5,0
ASSET-F0F5BD9D,2026-05-11,70.43,1.458,82.2,56.3,0
ASSET-F0F5BD9D,2026-05-12,60.96,1.446,78.5,64.3,0
ASSET-F0F5BD9D,2026-05-13,69.16,1.271,71.8,62.8,0
ASSET-F0F5BD9D,2026-05-14,67.53,1.277,78.7,46.5,0
ASSET-F0F5BD9D,2026-05-15,64.44,1.556,82.3,37.9,0
ASSET-F0F5BD9D,2026-05-16,66.18,1.464,83.7,50.1,0
ASSET-F0F5BD9D,2026-05-17,63.97,1.192,78.2,67.2,0
ASSET-F0F5BD9D,2026-05-18,66.67,2.007,81.9,35.0,0
ASSET-F0F5BD9D,2026-05-19,69.22,1.614,80.6,55.9,0
ASSET-F0F5BD9D,2026-05-20,69.32,1.51,79.9,29.6,0
ASSET-F0F5BD9D,2026-05-21,60.29,1.739,71.1,41.2,0
ASSET-F0F5BD9D,2026-05-22,63.19,1.907,82.1,49.2,0
ASSET-F0F5BD9D,2026-05-23,60.53,1.459,80.1,55.4,0
ASSET-F0F5BD9D,2026-05-24,64.8,1.505,80.9,49.7,0
ASSET-F0F5BD9D,2026-05-25,64.84,1.414,83.3,38.0,0
ASSET-F0F5BD9D,2026-05-26,64.3,1.691,78.1,36.9,0
ASSET-F0F5BD9D,2026-05-27,63.22,1.428,81.8,50.8,0
ASSET-F0F5BD9D,2026-05-28,67.14,1.481,78.1,42.5,0
ASSET-F0F5BD9D,2026-05-29,67.4,1.669,74.1,50.9,0
ASSET-F0F5BD9D,2026-05-30,61.81,1.543,80.1,50.0,0
ASSET-F0F5BD9D,2026-05-31,63.16,2.084,87.4,47.7,0
ASSET-F0F5BD9D,2026-06-01,62.5,1.638,74.6,50.6,0
ASSET-F0F5BD9D,2026-06-02,64.79,1.264,86.3,34.6,0
ASSET-F0F5BD9D,2026-06-03,59.13,1.288,82.8,54.3,0
ASSET-F0F5BD9D,2026-06-04,69.46,1.311,81.4,55.9,0
ASSET-F0F5BD9D,2026-06-05,68.33,1.785,90.5,62.3,0
ASSET-F0F5BD9D,2026-06-06,63.75,1.386,82.8,36.3,0
ASSET-F0F5BD9D,2026-06-07,64.17,1.178,83.2,49.8,0
ASSET-F0F5BD9D,2026-06-08,62.43,1.14,79.0,37.2,0
ASSET-F0F5BD9D,2026-06-09,68.05,1.058,82.4,41.8,0
ASSET-F0F5BD9D,2026-06-10,63.47,1.714,84.4,52.4,0
ASSET-F0F5BD9D,2026-06-11,65.36,1.322,82.0,52.0,0
ASSET-F0F5BD9D,2026-06-12,62.61,1.612,76.0,58.3,0
ASSET-F0F5BD9D,2026-06-13,70.33,1.47,79.5,39.9,0
ASSET-F0F5BD9D,2026-06-14,67.75,1.382,82.2,54.1,0
ASSET-F0F5BD9D,2026-06-15,63.2,1.528,79.0,29.8,0
ASSET-F0F5BD9D,2026-06-16,63.16,1.724,65.3,42.6,0
ASSET-F0F5BD9D,2026-06-17,65.23,1.67,77.0,60.3,0
ASSET-F0F5BD9D,2026-06-18,69.53,1.277,79.2,47.3,0
ASSET-F0F5BD9D,2026-06-19,65.22,1.386,87.4,50.9,0
ASSET-F0F5BD9D,2026-06-20,64.85,1.661,75.6,58.2,0
ASSET-F0F5BD9D,2026-06-21,64.43,1.57,87.0,47.7,0
ASSET-F0F5BD9D,2026-06-22,66.06,1.364,81.7,57.4,0
ASSET-F0F5BD9D,2026-06-23,64.59,1.329,84.2,44.1,0
ASSET-F0F5BD9D,2026-06-24,68.62,1.652,78.9,52.1,0
ASSET-F0F5BD9D,2026-06-25,61.82,1.884,77.2,47.1,0
ASSET-F0F5BD9D,2026-06-26,65.0,1.356,78.1,33.1,0
ASSET-F0F5BD9D,2026-06-27,62.65,1.506,74.6,57.4,0
ASSET-F0F5BD9D,2026-06-28,66.13,1.31,75.7,49.5,0
ASSET-F0F5BD9D,2026-06-29,67.5,1.206,76.3,60.3,0
ASSET-F0F5BD9D,2026-06-30,66.85,1.532,82.1,55.1,0
ASSET-F0F5BD9D,2026-07-01,62.38,1.35,86.1,40.7,0
ASSET-F0F5BD9D,2026-07-02,67.9,1.64,82.5,60.0,0
ASSET-F0F5BD9D,2026-07-03,65.99,0.864,69.3,55.4,0
ASSET-F0F5BD9D,2026-07-04,65.24,1.388,80.2,55.3,0
ASSET-F0F5BD9D,2026-07-05,64.43,1.981,82.5,60.5,0
ASSET-F0F5BD9D,2026-07-06,67.37,1.535,80.6,40.1,0
ASSET-F0F5BD9D,2026-07-07,65.14,1.452,78.5,69.2,0
ASSET-F0F5BD9D,2026-07-08,62.75,1.745,75.2,84.0,0
ASSET-F0F5BD9D,2026-07-09,65.27,1.239,84.9,41.2,0
ASSET-F0F5BD9D,2026-07-10,62.42,1.673,79.3,58.9,0
ASSET-F0F5BD9D,2026-07-11,71.73,1.639,74.0,43.5,0
ASSET-F0F5BD9D,2026-07-12,67.5,1.502,80.7,47.9,0
ASSET-F0F5BD9D,2026-07-13,65.06,1.592,70.0,48.3,0
ASSET-F0F5BD9D,2026-07-14,64.48,1.639,79.6,50.6,0
ASSET-F0F5BD9D,2026-07-15,62.94,1.607,86.7,70.7,0
ASSET-F0F5BD9D,2026-07-16,64.88,1.433,84.3,49.8,0
ASSET-F0F5BD9D,2026-07-17,68.99,1.879,83.6,46.1,0
ASSET-F0F5BD9D,2026-07-18,62.15,1.473,84.0,43.6,0
ASSET-F0F5BD9D,2026-07-19,62.68,1.572,87.2,28.1,0
ASSET-F0F5BD9D,2026-07-20,59.19,1.781,71.1,43.9,0
ASSET-F0F5BD9D,2026-07-21,67.0,1.444,77.8,44.6,0
ASSET-F0F5BD9D,2026-07-22,63.73,1.555,81.8,58.0,0
ASSET-F0F5BD9D,2026-07-23,65.64,1.212,91.8,43.0,0
ASSET-F0F5BD9D,2026-07-24,67.33,1.399,84.0,57.0,0
ASSET-F0F5BD9D,2026-07-25,65.89,1.221,76.6,57.3,0
ASSET-F0F5BD9D,2026-07-26,68.62,1.075,75.6,52.8,0
ASSET-F0F5BD9D,2026-07-27,65.18,1.51,79.5,42.8,0
ASSET-F0F5BD9D,2026-07-28,64.99,1.39,79.5,45.1,0
ASSET-F0F5BD9D,2026-07-29,63.19,1.524,76.5,47.0,0
ASSET-F0F5BD9D,2026-07-30,57.0,1.177,81.0,56.3,0
ASSET-F0F5BD9D,2026-07-31,61.13,1.293,76.0,51.1,0
ASSET-F0F5BD9D,2026-08-01,70.92,1.606,78.8,53.0,0
ASSET-F0F5BD9D,2026-08-02,68.91,1.518,83.0,54.1,0
ASSET-F0F5BD9D,2026-08-03,61.87,1.836,77.4,38.2,0
ASSET-F0F5BD9D,2026-08-04,64.65,1.438,83.0,64.9,0
ASSET-F0F5BD9D,2026-08-05,65.05,1.187,82.7,54.2,0
ASSET-F0F5BD9D,2026-08-06,59.57,1.722,80.4,37.5,0
ASSET-F0F5BD9D,2026-08-07,63.82,1.503,80.3,58.3,0
ASSET-F0F5BD9D,2026-08-08,65.83,1.232,75.7,75.6,0
ASSET-F0F5BD9D,2026-08-09,63.99,1.748,74.4,59.4,0
ASSET-F0F5BD9D,2026-08-10,63.65,1.524,83.7,61.9,0
ASSET-F0F5BD9D,2026-08-11,65.72,1.778,78.0,54.4,0
ASSET-F0F5BD9D,2026-08-12,64.17,1.526,81.0,60.1,0
ASSET-F0F5BD9D,2026-08-13,64.18,1.45,80.6,55.1,0
ASSET-F0F5BD9D,2026-08-14,61.63,1.317,84.4,58.6,0
ASSET-F0F5BD9D,2026-08-15,68.91,1.507,76.1,28.4,0
ASSET-F0F5BD9D,2026-08-16,66.94,1.558,81.6,42.6,0
ASSET-F0F5BD9D,2026-08-17,69.0,1.372,79.7,63.5,0
ASSET-F0F5BD9D,2026-08-18,63.37,1.546,74.5,67.8,0
ASSET-F0F5BD9D,2026-08-19,64.73,1.388,80.7,68.8,0
ASSET-F0F5BD9D,2026-08-20,66.06,1.517,73.4,49.8,0
ASSET-F0F5BD9D,2026-08-21,61.77,1.388,79.5,55.0,0
ASSET-F0F5BD9D,2026-08-22,65.7,1.611,74.4,39.9,0
ASSET-F0F5BD9D,2026-08-23,65.13,1.506,84.2,48.1,0
ASSET-F0F5BD9D,2026-08-24,64.58,1.425,81.9,40.7,0
ASSET-F0F5BD9D,2026-08-25,66.55,1.966,83.6,61.3,0
ASSET-F0F5BD9D,2026-08-26,66.92,1.439,79.0,68.0,0
ASSET-F0F5BD9D,2026-08-27,63.13,1.599,72.3,49.2,0
ASSET-F0F5BD9D,2026-08-28,65.85,1.888,81.4,54.9,0
ASSET-F0F5BD9D,2026-08-29,66.56,1.259,78.5,50.3,0
ASSET-F0F5BD9D,2026-08-30,63.22,1.745,74.6,52.0,0
ASSET-F0F5BD9D,2026-08-31,63.65,1.288,76.4,34.0,0
ASSET-F0F5BD9D,2026-09-01,67.19,1.652,79.6,45.4,0
ASSET-F0F5BD9D,2026-09-02,60.65,1.216,78.6,66.1,0
ASSET-F0F5BD9D,2026-09-03,68.82,1.431,71.6,55.5,0
ASSET-F0F5BD9D,2026-09-04,63.5,1.666,80.6,48.1,0
ASSET-F0F5BD9D,2026-09-05,66.16,1.333,81.2,47.8,0
ASSET-F0F5BD9D,2026-09-06,64.52,1.458,83.2,45.0,0
ASSET-F0F5BD9D,2026-09-07,61.53,1.927,80.5,54.5,0
ASSET-F0F5BD9D,2026-09-08,66.9,1.366,76.4,34.0,0
ASSET-F0F5BD9D,2026-09-09,62.21,1.681,71.3,73.0,0
ASSET-F0F5BD9D,2026-09-10,65.88,1.45,88.2,44.3,0
ASSET-F0F5BD9D,2026-09-11,70.3,1.062,82.3,40.0,0
ASSET-F0F5BD9D,2026-09-12,64.78,1.712,80.5,33.5,0
ASSET-F0F5BD9D,2026-09-13,69.89,1.502,89.1,46.2,0
ASSET-F0F5BD9D,2026-09-14,70.39,1.67,69.9,41.7,0
ASSET-F0F5BD9D,2026-09-15,70.58,1.554,88.9,50.7,0
ASSET-8C3D360E,2026-03-20,65.46,1.236,86.1,49.8,0
ASSET-8C3D360E,2026-03-21,70.81,1.42,75.5,60.0,0
ASSET-8C3D360E,2026-03-22,66.66,1.886,77.3,38.8,0
ASSET-8C3D360E,2026-03-23,64.95,1.357,80.5,62.0,0
ASSET-8C3D360E,2026-03-24,69.72,1.868,70.1,43.8,0
ASSET-8C3D360E,2026-03-25,65.17,1.375,75.9,44.5,0
ASSET-8C3D360E,2026-03-26,61.16,1.627,80.0,61.7,0
ASSET-8C3D360E,2026-03-27,63.59,1.313,77.3,26.0,0
ASSET-8C3D360E,2026-03-28,64.49,1.601,74.9,43.8,0
ASSET-8C3D360E,2026-03-29,69.77,0.879,82.6,52.7,0
ASSET-8C3D360E,2026-03-30,69.21,1.586,79.0,35.8,0
ASSET-8C3D360E,2026-03-31,66.38,1.323,78.9,33.3,0
ASSET-8C3D360E,2026-04-01,70.85,1.98,80.6,33.3,0
ASSET-8C3D360E,2026-04-02,65.12,1.704,83.1,43.9,0
ASSET-8C3D360E,2026-04-03,65.25,1.65,82.7,57.0,0
ASSET-8C3D360E,2026-04-04,65.02,1.502,87.5,45.3,0
ASSET-8C3D360E,2026-04-05,64.82,1.163,75.6,49.0,0
ASSET-8C3D360E,2026-04-06,61.5,1.67,75.1,46.8,0
ASSET-8C3D360E,2026-04-07,67.63,1.407,83.5,37.5,0
ASSET-8C3D360E,2026-04-08,61.04,1.604,77.7,52.4,0
ASSET-8C3D360E,2026-04-09,64.12,1.37,77.4,50.1,0
ASSET-8C3D360E,2026-04-10,65.29,1.501,86.1,44.2,0
ASSET-8C3D360E,2026-04-11,63.77,1.517,92.4,37.3,0
ASSET-8C3D360E,2026-04-12,68.08,1.307,77.7,46.4,0
ASSET-8C3D360E,2026-04-13,64.73,1.459,85.4,54.1,0
ASSET-8C3D360E,2026-04-14,63.66,1.387,80.5,70.1,0
ASSET-8C3D360E,2026-04-15,65.75,1.049,86.4,39.9,0
ASSET-8C3D360E,2026-04-16,62.6,1.565,75.2,61.6,0
ASSET-8C3D360E,2026-04-17,68.56,1.616,74.2,55.9,0
ASSET-8C3D360E,2026-04-18,63.78,1.764,81.5,52.9,0
ASSET-8C3D360E,2026-04-19,57.28,1.535,80.7,52.2,0
ASSET-8C3D360E,2026-04-20,65.08,1.357,80.9,64.2,0
ASSET-8C3D360E,2026-04-21,64.03,1.46,78.6,50.1,0
ASSET-8C3D360E,2026-04-22,68.13,1.536,76.7,51.0,0
ASSET-8C3D360E,2026-04-23,68.5,1.33,73.2,48.2,0
ASSET-8C3D360E,2026-04-24,64.41,1.65,79.9,65.6,0
ASSET-8C3D360E,2026-04-25,64.36,1.485,84.5,35.3,0
ASSET-8C3D360E,2026-04-26,63.94,1.579,85.0,62.0,0
ASSET-8C3D360E,2026-04-27,64.97,1.437,79.5,48.5,0
ASSET-8C3D360E,2026-04-28,65.28,1.554,75.2,50.1,0
ASSET-8C3D360E,2026-04-29,67.38,1.245,88.1,51.8,0
ASSET-8C3D360E,2026-04-30,60.03,1.168,75.3,45.8,0
ASSET-8C3D360E,2026-05-01,62.47,1.836,72.3,62.4,0
ASSET-8C3D360E,2026-05-02,65.18,1.397,87.0,56.5,0
ASSET-8C3D360E,2026-05-03,67.24,1.539,70.8,51.0,0
ASSET-8C3D360E,2026-05-04,64.73,1.66,73.0,50.4,0
ASSET-8C3D360E,2026-05-05,64.56,1.78,75.5,49.9,0
ASSET-8C3D360E,2026-05-06,63.75,1.421,84.8,69.0,0
ASSET-8C3D360E,2026-05-07,67.18,1.641,83.6,54.5,0
ASSET-8C3D360E,2026-05-08,62.43,1.535,76.2,64.3,0
ASSET-8C3D360E,2026-05-09,60.53,1.18,85.5,49.5,0
ASSET-8C3D360E,2026-05-10,65.93,0.981,74.9,39.3,0
ASSET-8C3D360E,2026-05-11,64.0,1.568,71.2,55.5,0
ASSET-8C3D360E,2026-05-12,61.3,1.632,81.0,39.0,0
ASSET-8C3D360E,2026-05-13,65.77,1.53,81.8,41.8,0
ASSET-8C3D360E,2026-05-14,64.13,1.408,78.4,51.1,0
ASSET-8C3D360E,2026-05-15,58.01,1.487,79.4,40.6,0
ASSET-8C3D360E,2026-05-16,66.8,1.825,84.2,58.0,0
ASSET-8C3D360E,2026-05-17,69.58,1.528,84.7,67.7,0
ASSET-8C3D360E,2026-05-18,66.44,1.246,83.2,53.0,0
ASSET-8C3D360E,2026-05-19,62.76,1.473,81.3,53.3,0
ASSET-8C3D360E,2026-05-20,65.09,1.323,82.1,50.0,0
ASSET-8C3D360E,2026-05-21,65.29,1.538,77.6,42.8,0
ASSET-8C3D360E,2026-05-22,60.46,1.762,81.9,60.1,0
ASSET-8C3D360E,2026-05-23,63.82,1.507,88.6,48.5,0
ASSET-8C3D360E,2026-05-24,61.01,1.348,76.4,39.6,0
ASSET-8C3D360E,2026-05-25,62.69,1.865,85.9,44.0,0
ASSET-8C3D360E,2026-05-26,68.03,1.37,79.6,43.9,0
ASSET-8C3D360E,2026-05-27,66.87,1.45,81.1,41.8,0
ASSET-8C3D360E,2026-05-28,63.77,1.21,82.5,43.3,0
ASSET-8C3D360E,2026-05-29,64.01,1.411,72.1,48.9,0
ASSET-8C3D360E,2026-05-30,68.3,1.533,84.9,62.1,0
ASSET-8C3D360E,2026-05-31,62.7,1.83,70.3,42.2,0
ASSET-8C3D360E,2026-06-01,62.08,1.772,83.0,53.5,0
ASSET-8C3D360E,2026-06-02,64.02,1.297,84.4,43.0,0
ASSET-8C3D360E,2026-06-03,64.62,1.205,76.4,47.3,0
ASSET-8C3D360E,2026-06-04,67.9,1.652,84.9,53.2,0
ASSET-8C3D360E,2026-06-05,65.37,1.301,74.2,51.7,0
ASSET-8C3D360E,2026-06-06,66.88,1.138,66.5,41.3,0
ASSET-8C3D360E,2026-06-07,58.1,1.47,77.5,46.0,0
ASSET-8C3D360E,2026-06-08,63.4,1.376,80.5,62.3,0
ASSET-8C3D360E,2026-06-09,65.9,1.461,90.6,46.6,0
ASSET-8C3D360E,2026-06-10,60.32,1.409,82.3,55.9,0
ASSET-8C3D360E,2026-06-11,60.24,1.616,82.7,46.5,0
ASSET-8C3D360E,2026-06-12,64.1,1.264,85.4,37.9,0
ASSET-8C3D360E,2026-06-13,65.35,1.477,85.6,51.0,0
ASSET-8C3D360E,2026-06-14,61.39,1.74,71.0,36.6,0
ASSET-8C3D360E,2026-06-15,70.0,1.524,82.1,60.3,0
ASSET-8C3D360E,2026-06-16,68.52,1.599,82.1,48.0,0
ASSET-8C3D360E,2026-06-17,62.6,1.86,81.3,53.0,0
ASSET-8C3D360E,2026-06-18,63.62,1.488,82.5,40.9,0
ASSET-8C3D360E,2026-06-19,65.99,1.684,78.2,63.8,0
ASSET-8C3D360E,2026-06-20,67.33,1.658,79.6,62.7,0
ASSET-8C3D360E,2026-06-21,65.01,1.399,80.8,45.0,0
ASSET-8C3D360E,2026-06-22,63.58,1.105,73.1,47.6,0
ASSET-8C3D360E,2026-06-23,68.29,1.58,78.8,64.0,0
ASSET-8C3D360E,2026-06-24,69.63,1.262,83.6,47.6,0
ASSET-8C3D360E,2026-06-25,63.29,1.533,86.8,56.0,0
ASSET-8C3D360E,2026-06-26,65.34,1.685,72.8,41.5,0
ASSET-8C3D360E,2026-06-27,68.47,1.749,80.0,57.4,0
ASSET-8C3D360E,2026-06-28,67.94,1.158,85.5,49.1,0
ASSET-8C3D360E,2026-06-29,68.32,1.933,82.7,51.2,0
ASSET-8C3D360E,2026-06-30,68.49,1.464,76.3,51.5,0
ASSET-8C3D360E,2026-07-01,64.45,1.295,87.0,48.8,0
ASSET-8C3D360E,2026-07-02,65.68,1.339,78.1,57.4,0
ASSET-8C3D360E,2026-07-03,58.93,1.606,78.5,47.1,0
ASSET-8C3D360E,2026-07-04,67.33,1.786,78.8,47.5,0
ASSET-8C3D360E,2026-07-05,66.22,1.475,71.6,45.4,0
ASSET-8C3D360E,2026-07-06,66.77,1.604,81.1,50.7,0
ASSET-8C3D360E,2026-07-07,67.91,1.591,74.9,68.5,0
ASSET-8C3D360E,2026-07-08,68.33,1.096,85.8,64.6,0
ASSET-8C3D360E,2026-07-09,70.63,1.775,79.9,53.7,0
ASSET-8C3D360E,2026-07-10,61.12,1.468,73.3,52.4,0
ASSET-8C3D360E,2026-07-11,67.7,1.165,88.8,76.5,0
ASSET-8C3D360E,2026-07-12,68.73,1.641,87.0,54.0,0
ASSET-8C3D360E,2026-07-13,65.61,1.467,88.8,39.6,0
ASSET-8C3D360E,2026-07-14,64.15,1.472,77.3,57.0,0
ASSET-8C3D360E,2026-07-15,63.35,1.066,83.4,54.8,0
ASSET-8C3D360E,2026-07-16,63.83,1.157,83.6,50.2,0
ASSET-8C3D360E,2026-07-17,68.03,1.797,83.8,47.6,0
ASSET-8C3D360E,2026-07-18,65.67,1.445,84.0,51.8,0
ASSET-8C3D360E,2026-07-19,62.78,1.673,70.6,47.1,0
ASSET-8C3D360E,2026-07-20,63.42,1.608,89.0,48.7,0
ASSET-8C3D360E,2026-07-21,63.68,1.503,78.2,52.9,0
ASSET-8C3D360E,2026-07-22,65.35,1.668,83.5,54.3,0
ASSET-8C3D360E,2026-07-23,64.77,1.263,82.9,71.7,0
ASSET-8C3D360E,2026-07-24,66.27,1.477,77.3,60.6,0
ASSET-8C3D360E,2026-07-25,62.53,1.624,71.2,46.0,0
ASSET-8C3D360E,2026-07-26,59.62,1.589,84.8,48.0,0
ASSET-8C3D360E,2026-07-27,63.26,1.471,78.8,58.4,0
ASSET-8C3D360E,2026-07-28,65.26,1.515,72.1,48.1,0
ASSET-8C3D360E,2026-07-29,65.98,1.457,74.6,52.3,0
ASSET-8C3D360E,2026-07-30,66.59,1.656,76.0,25.0,0
ASSET-8C3D360E,2026-07-31,62.9,1.835,82.8,28.7,0
ASSET-8C3D360E,2026-08-01,61.93,1.595,85.0,47.3,0
ASSET-8C3D360E,2026-08-02,63.73,1.516,82.3,43.1,0
ASSET-8C3D360E,2026-08-03,64.88,1.393,86.0,32.7,0
ASSET-8C3D360E,2026-08-04,62.74,1.517,81.8,51.8,0
ASSET-8C3D360E,2026-08-05,67.5,1.433,83.0,60.1,0
ASSET-8C3D360E,2026-08-06,68.77,1.438,73.5,47.7,0
ASSET-8C3D360E,2026-08-07,65.97,1.654,80.3,57.3,0
ASSET-8C3D360E,2026-08-08,61.94,1.424,73.3,60.8,0
ASSET-8C3D360E,2026-08-09,70.04,1.6,81.9,46.8,0
ASSET-8C3D360E,2026-08-10,63.97,1.96,73.5,54.1,0
ASSET-8C3D360E,2026-08-11,61.88,1.598,80.8,43.3,0
ASSET-8C3D360E,2026-08-12,65.62,1.325,85.7,57.8,0
ASSET-8C3D360E,2026-08-13,58.81,1.627,82.8,70.7,0
ASSET-8C3D360E,2026-08-14,64.36,1.342,81.5,42.1,0
ASSET-8C3D360E,2026-08-15,63.69,1.486,74.2,41.6,0
ASSET-8C3D360E,2026-08-16,66.94,1.413,83.7,42.8,0
ASSET-8C3D360E,2026-08-17,60.85,1.513,82.5,60.7,0
ASSET-8C3D360E,2026-08-18,62.4,1.697,75.6,37.8,0
ASSET-8C3D360E,2026-08-19,68.88,1.386,85.1,59.8,0
ASSET-8C3D360E,2026-08-20,62.12,0.98,74.3,54.3,0
ASSET-8C3D360E,2026-08-21,64.74,1.688,68.5,40.8,0
ASSET-8C3D360E,2026-08-22,66.83,1.806,85.0,37.8,0
ASSET-8C3D360E,2026-08-23,69.82,1.651,71.6,47.2,0
ASSET-8C3D360E,2026-08-24,64.68,1.308,76.7,55.5,0
ASSET-8C3D360E,2026-08-25,60.9,1.451,83.5,45.5,0
ASSET-8C3D360E,2026-08-26,66.1,1.592,84.2,64.4,0
ASSET-8C3D360E,2026-08-27,64.5,1.612,81.9,58.0,0
ASSET-8C3D360E,2026-08-28,69.09,1.856,82.7,37.6,0
ASSET-8C3D360E,2026-08-29,62.9,1.193,78.4,63.6,0
ASSET-8C3D360E,2026-08-30,64.96,1.385,74.7,67.7,0
ASSET-8C3D360E,2026-08-31,66.7,1.643,77.8,39.2,0
ASSET-8C3D360E,2026-09-01,64.57,1.577,79.2,40.4,0
ASSET-8C3D360E,2026-09-02,67.67,1.558,73.9,44.2,0
ASSET-8C3D360E,2026-09-03,63.19,1.721,78.4,53.2,0
ASSET-8C3D360E,2026-09-04,68.63,1.553,80.3,35.0,0
ASSET-8C3D360E,2026-09-05,66.21,1.55,88.0,71.1,0
ASSET-8C3D360E,2026-09-06,64.05,1.198,78.6,62.0,0
ASSET-8C3D360E,2026-09-07,57.94,1.4,84.3,61.4,0
ASSET-8C3D360E,2026-09-08,66.37,1.691,68.7,43.9,0
ASSET-8C3D360E,2026-09-09,61.88,1.44,86.2,64.6,0
ASSET-8C3D360E,2026-09-10,63.46,1.674,83.8,32.3,0
ASSET-8C3D360E,2026-09-11,63.55,1.54,76.8,78.1,0
ASSET-8C3D360E,2026-09-12,62.82,1.483,74.1,54.7,0
ASSET-8C3D360E,2026-09-13,64.95,1.489,81.4,42.1,0
ASSET-8C3D360E,2026-09-14,64.52,1.432,83.2,48.1,0
ASSET-8C3D360E,2026-09-15,61.91,1.437,78.8,55.6,0
ASSET-683C9A62,2026-03-20,63.13,1.608,75.0,33.7,0
ASSET-683C9A62,2026-03-21,64.05,1.485,80.1,40.3,0
ASSET-683C9A62,2026-03-22,70.34,1.111,71.8,55.0,0
ASSET-683C9A62,2026-03-23,68.82,1.573,84.9,57.2,0
ASSET-683C9A62,2026-03-24,60.89,1.43,76.9,52.0,0
ASSET-683C9A62,2026-03-25,63.73,1.549,89.3,46.8,0
ASSET-683C9A62,2026-03-26,64.86,1.52,76.0,45.2,0
ASSET-683C9A62,2026-03-27,68.05,1.565,86.8,50.0,0
ASSET-683C9A62,2026-03-28,62.32,1.389,80.4,23.6,0
ASSET-683C9A62,2026-03-29,63.73,1.386,73.8,52.6,0
ASSET-683C9A62,2026-03-30,63.91,1.538,82.9,60.3,0
ASSET-683C9A62,2026-03-31,62.94,1.543,79.6,41.3,0
ASSET-683C9A62,2026-04-01,61.04,1.221,75.8,53.9,0
ASSET-683C9A62,2026-04-02,61.09,1.334,85.2,66.4,0
ASSET-683C9A62,2026-04-03,71.52,1.297,76.8,40.5,0
ASSET-683C9A62,2026-04-04,61.88,1.365,78.2,58.0,0
ASSET-683C9A62,2026-04-05,65.18,1.346,83.3,51.3,0
ASSET-683C9A62,2026-04-06,59.73,1.209,77.7,59.9,0
ASSET-683C9A62,2026-04-07,62.72,1.402,77.3,67.7,0
ASSET-683C9A62,2026-04-08,63.86,1.372,80.2,58.6,0
ASSET-683C9A62,2026-04-09,64.17,1.681,82.2,55.4,0
ASSET-683C9A62,2026-04-10,64.6,1.482,78.9,36.0,0
ASSET-683C9A62,2026-04-11,62.71,1.741,77.1,35.5,0
ASSET-683C9A62,2026-04-12,66.33,1.193,84.7,47.8,0
ASSET-683C9A62,2026-04-13,65.33,1.645,70.7,25.9,0
ASSET-683C9A62,2026-04-14,64.23,1.455,76.2,67.3,0
ASSET-683C9A62,2026-04-15,69.49,1.227,80.4,58.6,0
ASSET-683C9A62,2026-04-16,70.13,1.445,80.4,38.1,0
ASSET-683C9A62,2026-04-17,63.52,1.186,79.8,50.0,0
ASSET-683C9A62,2026-04-18,57.53,1.506,80.9,37.8,0
ASSET-683C9A62,2026-04-19,61.94,1.542,77.2,58.2,0
ASSET-683C9A62,2026-04-20,64.85,1.493,79.6,59.6,0
ASSET-683C9A62,2026-04-21,65.22,1.543,78.2,51.4,0
ASSET-683C9A62,2026-04-22,67.25,1.36,89.4,31.2,0
ASSET-683C9A62,2026-04-23,66.26,1.3,76.7,43.7,0
ASSET-683C9A62,2026-04-24,67.53,1.513,77.5,45.5,0
ASSET-683C9A62,2026-04-25,66.91,1.268,88.1,56.5,0
ASSET-683C9A62,2026-04-26,67.39,1.598,79.9,45.8,0
ASSET-683C9A62,2026-04-27,64.29,1.469,77.0,55.1,0
ASSET-683C9A62,2026-04-28,60.12,1.211,73.9,45.9,0
ASSET-683C9A62,2026-04-29,61.57,1.158,88.8,42.3,0
ASSET-683C9A62,2026-04-30,65.52,1.485,79.5,48.8,0
ASSET-683C9A62,2026-05-01,67.98,1.471,84.6,52.0,0
ASSET-683C9A62,2026-05-02,73.61,1.197,70.8,49.7,0
ASSET-683C9A62,2026-05-03,63.17,1.077,76.8,48.8,0
ASSET-683C9A62,2026-05-04,61.38,1.91,82.0,46.4,0
ASSET-683C9A62,2026-05-05,64.21,1.61,76.2,55.6,0
ASSET-683C9A62,2026-05-06,66.09,1.177,83.1,41.0,0
ASSET-683C9A62,2026-05-07,65.92,1.582,73.2,38.5,0
ASSET-683C9A62,2026-05-08,61.73,1.806,85.3,36.8,0
ASSET-683C9A62,2026-05-09,67.03,1.312,75.9,29.3,0
ASSET-683C9A62,2026-05-10,63.23,1.788,84.6,59.8,0
ASSET-683C9A62,2026-05-11,62.22,1.301,77.2,62.6,0
ASSET-683C9A62,2026-05-12,59.44,1.287,78.3,45.3,0
ASSET-683C9A62,2026-05-13,64.05,1.266,78.2,39.5,0
ASSET-683C9A62,2026-05-14,60.07,1.635,69.3,59.9,0
ASSET-683C9A62,2026-05-15,68.15,1.426,70.4,57.6,0
ASSET-683C9A62,2026-05-16,68.57,1.538,81.8,38.3,0
ASSET-683C9A62,2026-05-17,64.86,1.61,85.6,52.5,0
ASSET-683C9A62,2026-05-18,62.18,1.73,78.1,40.4,0
ASSET-683C9A62,2026-05-19,64.35,1.561,81.4,60.7,0
ASSET-683C9A62,2026-05-20,66.13,1.807,89.8,59.4,0
ASSET-683C9A62,2026-05-21,65.68,1.807,86.0,48.2,0
ASSET-683C9A62,2026-05-22,69.05,1.477,80.6,39.3,0
ASSET-683C9A62,2026-05-23,66.93,1.506,77.4,46.5,0
ASSET-683C9A62,2026-05-24,65.97,1.275,76.0,46.8,0
ASSET-683C9A62,2026-05-25,66.8,1.596,89.0,61.9,0
ASSET-683C9A62,2026-05-26,64.52,1.363,74.7,63.6,0
ASSET-683C9A62,2026-05-27,64.41,1.593,86.0,34.2,0
ASSET-683C9A62,2026-05-28,67.99,1.509,77.0,50.6,0
ASSET-683C9A62,2026-05-29,68.84,1.568,86.1,51.0,0
ASSET-683C9A62,2026-05-30,60.44,1.663,80.4,34.3,0
ASSET-683C9A62,2026-05-31,68.53,1.599,69.2,48.5,0
ASSET-683C9A62,2026-06-01,64.87,1.41,80.5,45.6,0
ASSET-683C9A62,2026-06-02,70.88,1.529,76.7,47.7,0
ASSET-683C9A62,2026-06-03,63.35,1.56,76.2,63.3,0
ASSET-683C9A62,2026-06-04,69.88,1.634,78.6,51.4,0
ASSET-683C9A62,2026-06-05,66.22,1.547,80.1,51.3,0
ASSET-683C9A62,2026-06-06,70.13,1.753,86.4,35.7,0
ASSET-683C9A62,2026-06-07,63.93,1.803,76.0,39.4,0
ASSET-683C9A62,2026-06-08,64.38,1.74,80.4,47.0,0
ASSET-683C9A62,2026-06-09,60.76,1.366,85.5,57.9,0
ASSET-683C9A62,2026-06-10,65.71,1.453,84.2,39.9,0
ASSET-683C9A62,2026-06-11,64.51,1.495,79.8,67.8,0
ASSET-683C9A62,2026-06-12,65.52,1.528,75.4,52.4,0
ASSET-683C9A62,2026-06-13,68.13,1.527,87.2,42.7,0
ASSET-683C9A62,2026-06-14,64.64,1.533,81.0,74.3,0
ASSET-683C9A62,2026-06-15,68.01,1.614,75.1,51.0,0
ASSET-683C9A62,2026-06-16,64.55,1.287,82.8,47.2,0
ASSET-683C9A62,2026-06-17,66.1,1.475,75.1,51.4,0
ASSET-683C9A62,2026-06-18,63.59,1.465,92.3,41.1,0
ASSET-683C9A62,2026-06-19,59.51,1.449,82.1,44.4,0
ASSET-683C9A62,2026-06-20,61.53,1.772,76.7,49.6,0
ASSET-683C9A62,2026-06-21,67.62,1.582,84.0,63.7,0
ASSET-683C9A62,2026-06-22,69.3,1.452,81.2,60.9,0
ASSET-683C9A62,2026-06-23,65.92,1.417,84.6,50.1,0
ASSET-683C9A62,2026-06-24,69.49,1.591,94.2,60.7,0
ASSET-683C9A62,2026-06-25,67.52,1.524,79.9,46.4,0
ASSET-683C9A62,2026-06-26,67.71,1.406,78.7,48.0,0
ASSET-683C9A62,2026-06-27,65.85,1.356,81.9,63.8,0
ASSET-683C9A62,2026-06-28,65.7,1.909,85.7,55.0,0
ASSET-683C9A62,2026-06-29,63.86,1.228,82.4,59.7,0
ASSET-683C9A62,2026-06-30,65.73,1.414,89.4,50.6,0
ASSET-683C9A62,2026-07-01,61.0,1.027,79.0,45.2,0
ASSET-683C9A62,2026-07-02,68.54,1.223,85.8,61.6,0
ASSET-683C9A62,2026-07-03,65.18,1.757,78.8,60.2,0
ASSET-683C9A62,2026-07-04,65.31,1.575,78.4,62.1,0
ASSET-683C9A62,2026-07-05,65.5,1.355,90.0,53.5,0
ASSET-683C9A62,2026-07-06,71.05,1.275,76.7,50.8,0
ASSET-683C9A62,2026-07-07,65.09,1.384,77.7,50.1,0
ASSET-683C9A62,2026-07-08,64.82,1.729,82.6,60.7,0
ASSET-683C9A62,2026-07-09,66.68,1.25,76.8,52.6,0
ASSET-683C9A62,2026-07-10,64.76,1.663,82.4,25.0,0
ASSET-683C9A62,2026-07-11,69.9,1.535,83.2,55.7,0
ASSET-683C9A62,2026-07-12,62.1,1.503,79.3,60.1,0
ASSET-683C9A62,2026-07-13,62.73,1.234,85.2,52.4,0
ASSET-683C9A62,2026-07-14,64.14,1.666,74.9,38.7,0
ASSET-683C9A62,2026-07-15,67.61,1.515,75.2,31.0,0
ASSET-683C9A62,2026-07-16,65.66,1.634,79.2,55.0,0
ASSET-683C9A62,2026-07-17,65.21,1.53,92.7,47.3,0
ASSET-683C9A62,2026-07-18,65.79,1.425,80.8,59.6,0
ASSET-683C9A62,2026-07-19,63.55,1.303,69.2,43.7,0
ASSET-683C9A62,2026-07-20,68.73,1.524,83.9,50.4,0
ASSET-683C9A62,2026-07-21,65.64,1.366,72.3,44.5,0
ASSET-683C9A62,2026-07-22,64.41,1.99,77.9,35.9,0
ASSET-683C9A62,2026-07-23,72.05,1.649,73.5,53.5,0
ASSET-683C9A62,2026-07-24,66.55,1.583,80.0,64.2,0
ASSET-683C9A62,2026-07-25,67.01,1.306,83.5,53.0,0
ASSET-683C9A62,2026-07-26,65.49,1.495,71.0,39.2,0
ASSET-683C9A62,2026-07-27,68.84,1.714,74.4,56.3,0
ASSET-683C9A62,2026-07-28,67.6,1.479,95.3,43.2,0
ASSET-683C9A62,2026-07-29,65.55,1.159,74.5,26.4,0
ASSET-683C9A62,2026-07-30,66.27,1.277,89.6,40.5,0
ASSET-683C9A62,2026-07-31,64.56,1.539,90.5,69.0,0
ASSET-683C9A62,2026-08-01,63.05,1.317,84.3,52.3,0
ASSET-683C9A62,2026-08-02,63.98,1.677,81.2,62.6,0
ASSET-683C9A62,2026-08-03,66.16,1.52,75.0,55.3,0
ASSET-683C9A62,2026-08-04,62.84,1.539,78.4,51.8,0
ASSET-683C9A62,2026-08-05,63.9,1.155,84.6,50.3,0
ASSET-683C9A62,2026-08-06,64.58,1.67,81.0,58.0,0
ASSET-683C9A62,2026-08-07,67.95,1.465,87.5,50.8,0
ASSET-683C9A62,2026-08-08,63.24,1.617,78.2,49.8,0
ASSET-683C9A62,2026-08-09,65.67,1.7,86.3,39.6,0
ASSET-683C9A62,2026-08-10,60.47,1.281,75.7,65.3,0
ASSET-683C9A62,2026-08-11,58.42,1.692,82.2,46.3,0
ASSET-683C9A62,2026-08-12,63.22,1.389,78.0,36.3,0
ASSET-683C9A62,2026-08-13,70.52,1.442,84.3,34.8,0
ASSET-683C9A62,2026-08-14,67.21,1.743,73.2,68.3,0
ASSET-683C9A62,2026-08-15,60.98,1.968,86.7,63.2,0
ASSET-683C9A62,2026-08-16,62.31,1.619,84.9,45.6,0
ASSET-683C9A62,2026-08-17,62.73,1.39,78.0,27.8,0
ASSET-683C9A62,2026-08-18,65.29,1.782,78.8,34.5,0
ASSET-683C9A62,2026-08-19,60.93,1.729,79.8,52.4,0
ASSET-683C9A62,2026-08-20,68.94,1.478,78.3,47.9,0
ASSET-683C9A62,2026-08-21,60.86,1.568,82.9,43.6,0
ASSET-683C9A62,2026-08-22,66.72,1.68,79.4,60.9,0
ASSET-683C9A62,2026-08-23,65.23,1.643,88.0,64.4,0
ASSET-683C9A62,2026-08-24,68.52,1.509,84.8,47.8,0
ASSET-683C9A62,2026-08-25,61.45,1.568,83.8,57.6,0
ASSET-683C9A62,2026-08-26,64.92,1.395,84.9,37.1,0
ASSET-683C9A62,2026-08-27,64.94,1.482,78.3,61.7,0
ASSET-683C9A62,2026-08-28,64.92,1.575,83.1,44.9,0
ASSET-683C9A62,2026-08-29,63.7,1.55,79.2,50.3,0
ASSET-683C9A62,2026-08-30,68.53,1.477,79.7,24.6,0
ASSET-683C9A62,2026-08-31,67.15,1.426,82.4,47.3,0
ASSET-683C9A62,2026-09-01,67.32,1.896,80.4,62.6,0
ASSET-683C9A62,2026-09-02,70.09,1.501,83.1,53.4,0
ASSET-683C9A62,2026-09-03,67.9,1.53,86.0,59.1,0
ASSET-683C9A62,2026-09-04,69.53,1.538,76.1,50.1,0
ASSET-683C9A62,2026-09-05,61.67,1.364,73.4,44.2,0
ASSET-683C9A62,2026-09-06,61.73,1.354,70.7,49.7,0
ASSET-683C9A62,2026-09-07,64.06,1.034,67.7,64.4,0
ASSET-683C9A62,2026-09-08,61.8,1.652,91.8,67.9,0
ASSET-683C9A62,2026-09-09,57.87,1.776,76.5,54.3,0
ASSET-683C9A62,2026-09-10,68.84,1.746,73.6,59.5,0
ASSET-683C9A62,2026-09-11,63.11,1.498,76.7,57.1,0
ASSET-683C9A62,2026-09-12,70.08,1.56,81.6,47.1,0
ASSET-683C9A62,2026-09-13,61.44,1.863,87.8,37.6,0
ASSET-683C9A62,2026-09-14,69.11,1.455,84.8,52.5,0
ASSET-683C9A62,2026-09-15,67.93,1.586,75.2,58.2,0
ASSET-B74C9C36,2026-03-20,61.81,1.528,73.7,33.2,0
ASSET-B74C9C36,2026-03-21,69.88,1.758,74.7,47.1,0
ASSET-B74C9C36,2026-03-22,62.79,1.741,81.8,34.7,0
ASSET-B74C9C36,2026-03-23,60.65,1.193,85.3,55.0,0
ASSET-B74C9C36,2026-03-24,66.08,1.515,73.6,54.4,0
ASSET-B74C9C36,2026-03-25,61.4,1.621,81.9,25.1,0
ASSET-B74C9C36,2026-03-26,67.33,1.644,74.0,48.9,0
ASSET-B74C9C36,2026-03-27,63.73,1.351,89.4,22.5,0
ASSET-B74C9C36,2026-03-28,63.79,1.567,80.0,46.1,0
ASSET-B74C9C36,2026-03-29,58.5,1.377,78.0,37.0,0
ASSET-B74C9C36,2026-03-30,67.22,1.493,78.8,57.8,0
ASSET-B74C9C36,2026-03-31,64.26,1.386,84.0,51.8,0
ASSET-B74C9C36,2026-04-01,63.97,1.468,80.4,61.8,0
ASSET-B74C9C36,2026-04-02,62.91,1.311,84.0,46.9,0
ASSET-B74C9C36,2026-04-03,62.92,1.63,84.7,34.1,0
ASSET-B74C9C36,2026-04-04,65.25,1.356,72.8,37.8,0
ASSET-B74C9C36,2026-04-05,63.75,1.681,87.0,49.1,0
ASSET-B74C9C36,2026-04-06,67.2,1.721,84.7,62.8,0
ASSET-B74C9C36,2026-04-07,69.96,1.31,81.7,32.9,0
ASSET-B74C9C36,2026-04-08,57.12,1.658,76.9,51.5,0
ASSET-B74C9C36,2026-04-09,68.66,1.555,90.1,65.8,0
ASSET-B74C9C36,2026-04-10,66.62,1.259,80.8,44.2,0
ASSET-B74C9C36,2026-04-11,64.08,1.164,85.5,43.1,0
ASSET-B74C9C36,2026-04-12,65.42,1.49,90.1,30.6,0
ASSET-B74C9C36,2026-04-13,71.66,0.952,82.6,47.0,0
ASSET-B74C9C36,2026-04-14,70.31,0.971,78.9,38.6,0
ASSET-B74C9C36,2026-04-15,65.88,1.602,75.4,27.6,0
ASSET-B74C9C36,2026-04-16,58.42,1.545,87.0,22.8,0
ASSET-B74C9C36,2026-04-17,66.42,1.209,77.7,43.3,0
ASSET-B74C9C36,2026-04-18,65.9,1.335,72.4,47.6,0
ASSET-B74C9C36,2026-04-19,68.04,1.56,83.7,52.1,0
ASSET-B74C9C36,2026-04-20,64.64,1.444,89.5,50.1,0
ASSET-B74C9C36,2026-04-21,64.94,1.559,85.7,46.1,0
ASSET-B74C9C36,2026-04-22,66.74,1.611,86.2,55.2,0
ASSET-B74C9C36,2026-04-23,61.79,1.519,92.0,45.6,0
ASSET-B74C9C36,2026-04-24,66.94,1.641,77.1,44.4,0
ASSET-B74C9C36,2026-04-25,59.54,1.765,77.7,29.7,0
ASSET-B74C9C36,2026-04-26,61.97,1.476,73.8,54.3,0
ASSET-B74C9C36,2026-04-27,67.1,1.424,77.9,53.1,0
ASSET-B74C9C36,2026-04-28,67.16,1.643,85.2,54.7,0
ASSET-B74C9C36,2026-04-29,65.35,1.623,74.1,32.2,0
ASSET-B74C9C36,2026-04-30,62.67,1.332,87.0,50.1,0
ASSET-B74C9C36,2026-05-01,69.02,1.515,79.7,56.0,0
ASSET-B74C9C36,2026-05-02,64.24,1.833,82.7,51.4,0
ASSET-B74C9C36,2026-05-03,63.7,1.391,82.8,56.0,0
ASSET-B74C9C36,2026-05-04,66.05,1.298,74.5,56.0,0
ASSET-B74C9C36,2026-05-05,63.74,1.418,79.9,47.5,0
ASSET-B74C9C36,2026-05-06,66.75,1.023,80.6,38.7,0
ASSET-B74C9C36,2026-05-07,65.34,1.427,84.0,70.6,0
ASSET-B74C9C36,2026-05-08,69.45,1.52,80.6,50.7,0
ASSET-B74C9C36,2026-05-09,64.11,1.647,71.8,50.5,0
ASSET-B74C9C36,2026-05-10,67.81,2.013,82.2,53.7,0
ASSET-B74C9C36,2026-05-11,65.92,1.411,80.0,57.1,0
ASSET-B74C9C36,2026-05-12,70.2,1.166,81.4,61.1,0
ASSET-B74C9C36,2026-05-13,63.14,1.608,73.3,56.7,0
ASSET-B74C9C36,2026-05-14,66.83,1.347,88.1,64.7,0
ASSET-B74C9C36,2026-05-15,66.14,1.395,77.2,53.8,0
ASSET-B74C9C36,2026-05-16,64.85,1.505,79.7,47.0,0
ASSET-B74C9C36,2026-05-17,66.78,1.602,88.6,37.0,0
ASSET-B74C9C36,2026-05-18,61.13,1.341,83.4,42.2,0
ASSET-B74C9C36,2026-05-19,65.34,1.284,84.0,38.8,0
ASSET-B74C9C36,2026-05-20,61.37,1.017,79.4,55.4,0
ASSET-B74C9C36,2026-05-21,65.18,1.698,82.7,58.0,0
ASSET-B74C9C36,2026-05-22,64.11,1.735,83.3,37.6,0
ASSET-B74C9C36,2026-05-23,63.4,1.619,81.2,49.5,0
ASSET-B74C9C36,2026-05-24,66.04,1.275,71.9,56.7,0
ASSET-B74C9C36,2026-05-25,64.8,1.677,79.2,43.8,0
ASSET-B74C9C36,2026-05-26,61.48,1.575,78.8,50.0,0
ASSET-B74C9C36,2026-05-27,65.06,1.148,84.3,59.5,0
ASSET-B74C9C36,2026-05-28,63.13,1.165,75.1,38.4,0
ASSET-B74C9C36,2026-05-29,61.16,1.469,76.9,56.4,0
ASSET-B74C9C36,2026-05-30,63.63,1.308,82.2,57.1,0
ASSET-B74C9C36,2026-05-31,66.86,1.429,76.9,48.2,0
ASSET-B74C9C36,2026-06-01,64.71,1.53,76.7,58.1,0
ASSET-B74C9C36,2026-06-02,65.76,1.437,78.0,53.2,0
ASSET-B74C9C36,2026-06-03,66.69,1.887,78.3,44.3,0
ASSET-B74C9C36,2026-06-04,66.04,1.787,73.5,70.5,0
ASSET-B74C9C36,2026-06-05,63.38,1.598,84.9,40.0,0
ASSET-B74C9C36,2026-06-06,64.23,1.314,77.8,47.3,0
ASSET-B74C9C36,2026-06-07,62.36,1.966,85.3,62.1,0
ASSET-B74C9C36,2026-06-08,64.9,1.256,83.8,44.0,0
ASSET-B74C9C36,2026-06-09,63.45,1.311,76.4,58.4,0
ASSET-B74C9C36,2026-06-10,61.75,1.134,74.4,41.5,0
ASSET-B74C9C36,2026-06-11,62.57,1.583,84.5,74.6,0
ASSET-B74C9C36,2026-06-12,66.42,1.29,83.7,38.7,0
ASSET-B74C9C36,2026-06-13,66.32,1.537,75.8,54.0,0
ASSET-B74C9C36,2026-06-14,69.66,1.042,82.7,45.2,0
ASSET-B74C9C36,2026-06-15,64.75,1.413,79.1,40.8,0
ASSET-B74C9C36,2026-06-16,69.88,1.504,79.0,54.6,0
ASSET-B74C9C36,2026-06-17,65.53,1.323,96.6,38.5,0
ASSET-B74C9C36,2026-06-18,64.5,1.602,85.2,57.9,0
ASSET-B74C9C36,2026-06-19,67.76,1.358,84.3,49.0,0
ASSET-B74C9C36,2026-06-20,64.55,1.569,80.3,62.5,0
ASSET-B74C9C36,2026-06-21,56.86,1.565,83.2,37.6,0
ASSET-B74C9C36,2026-06-22,69.13,1.611,73.3,46.6,0
ASSET-B74C9C36,2026-06-23,66.55,2.009,80.3,39.8,0
ASSET-B74C9C36,2026-06-24,66.35,1.793,80.4,57.9,0
ASSET-B74C9C36,2026-06-25,64.18,1.612,83.2,41.6,0
ASSET-B74C9C36,2026-06-26,63.86,1.923,73.0,48.5,0
ASSET-B74C9C36,2026-06-27,68.31,1.517,79.1,47.4,0
ASSET-B74C9C36,2026-06-28,73.48,1.525,78.5,55.6,0
ASSET-B74C9C36,2026-06-29,62.48,1.216,82.9,54.3,0
ASSET-B74C9C36,2026-06-30,67.02,1.648,72.3,53.0,0
ASSET-B74C9C36,2026-07-01,63.34,1.948,68.5,41.8,0
ASSET-B74C9C36,2026-07-02,65.71,1.668,85.3,49.4,0
ASSET-B74C9C36,2026-07-03,59.96,1.08,79.9,61.2,0
ASSET-B74C9C36,2026-07-04,64.64,1.294,83.5,40.4,0
ASSET-B74C9C36,2026-07-05,67.78,1.726,86.7,42.1,0
ASSET-B74C9C36,2026-07-06,62.17,1.412,81.9,43.6,0
ASSET-B74C9C36,2026-07-07,63.25,1.602,69.2,46.7,0
ASSET-B74C9C36,2026-07-08,69.29,1.54,76.4,48.4,0
ASSET-B74C9C36,2026-07-09,60.72,1.468,77.6,68.9,0
ASSET-B74C9C36,2026-07-10,63.7,1.542,79.0,53.4,0
ASSET-B74C9C36,2026-07-11,61.22,1.436,86.6,60.9,0
ASSET-B74C9C36,2026-07-12,62.49,1.48,79.6,48.4,0
ASSET-B74C9C36,2026-07-13,63.18,1.675,82.3,44.5,0
ASSET-B74C9C36,2026-07-14,64.12,1.704,85.2,67.2,0
ASSET-B74C9C36,2026-07-15,64.96,1.559,78.3,59.6,0
ASSET-B74C9C36,2026-07-16,60.84,1.203,66.9,65.9,0
ASSET-B74C9C36,2026-07-17,68.88,1.339,76.3,61.6,0
ASSET-B74C9C36,2026-07-18,67.02,1.428,76.9,55.2,0
ASSET-B74C9C36,2026-07-19,68.46,1.636,81.4,41.8,0
ASSET-B74C9C36,2026-07-20,64.6,1.564,86.5,50.4,0
ASSET-B74C9C36,2026-07-21,64.27,1.685,82.7,49.9,0
ASSET-B74C9C36,2026-07-22,64.3,1.342,75.4,36.0,0
ASSET-B74C9C36,2026-07-23,69.75,1.583,73.9,57.0,0
ASSET-B74C9C36,2026-07-24,64.9,1.735,76.1,56.2,0
ASSET-B74C9C36,2026-07-25,69.86,1.614,85.7,41.5,0
ASSET-B74C9C36,2026-07-26,64.56,1.306,74.3,27.7,0
ASSET-B74C9C36,2026-07-27,65.24,1.714,80.9,42.0,0
ASSET-B74C9C36,2026-07-28,65.32,1.464,77.7,51.0,0
ASSET-B74C9C36,2026-07-29,64.58,1.416,77.7,50.5,0
ASSET-B74C9C36,2026-07-30,66.34,1.416,90.5,51.5,0
ASSET-B74C9C36,2026-07-31,67.94,1.418,77.3,47.2,0
ASSET-B74C9C36,2026-08-01,58.55,1.506,82.2,37.5,0
ASSET-B74C9C36,2026-08-02,66.26,1.417,82.2,55.0,0
ASSET-B74C9C36,2026-08-03,64.47,1.491,80.0,48.7,0
ASSET-B74C9C36,2026-08-04,65.33,1.275,77.3,53.5,0
ASSET-B74C9C36,2026-08-05,65.22,1.404,76.6,49.2,0
ASSET-B74C9C36,2026-08-06,66.15,1.778,74.1,47.4,0
ASSET-B74C9C36,2026-08-07,66.78,1.852,88.8,54.2,0
ASSET-B74C9C36,2026-08-08,67.37,1.465,79.3,46.6,0
ASSET-B74C9C36,2026-08-09,67.24,1.328,87.1,47.4,0
ASSET-B74C9C36,2026-08-10,67.85,1.384,81.1,46.0,0
ASSET-B74C9C36,2026-08-11,58.62,1.193,86.7,56.4,0
ASSET-B74C9C36,2026-08-12,60.28,1.396,84.1,54.3,0
ASSET-B74C9C36,2026-08-13,69.34,1.504,68.4,53.1,0
ASSET-B74C9C36,2026-08-14,65.3,1.616,81.0,44.2,0
ASSET-B74C9C36,2026-08-15,60.83,1.602,81.0,37.5,0
ASSET-B74C9C36,2026-08-16,61.53,1.151,88.7,62.3,0
ASSET-B74C9C36,2026-08-17,66.57,1.377,81.6,44.5,0
ASSET-B74C9C36,2026-08-18,71.19,1.818,82.0,48.2,0
ASSET-B74C9C36,2026-08-19,68.64,1.411,87.0,59.9,0
ASSET-B74C9C36,2026-08-20,69.01,1.762,76.0,82.1,0
ASSET-B74C9C36,2026-08-21,65.86,1.944,75.5,94.8,0
ASSET-B74C9C36,2026-08-22,66.27,2.076,81.9,71.6,0
ASSET-B74C9C36,2026-08-23,65.84,2.431,70.3,106.5,0
ASSET-B74C9C36,2026-08-24,67.16,2.472,72.3,71.9,0
ASSET-B74C9C36,2026-08-25,74.4,2.2,77.7,102.0,0
ASSET-B74C9C36,2026-08-26,66.42,2.774,71.2,99.0,0
ASSET-B74C9C36,2026-08-27,73.58,2.416,70.0,123.0,0
ASSET-B74C9C36,2026-08-28,71.75,2.677,71.1,130.6,0
ASSET-B74C9C36,2026-08-29,81.43,2.085,70.1,137.5,0
ASSET-B74C9C36,2026-08-30,74.26,3.359,77.6,141.0,0
ASSET-B74C9C36,2026-08-31,74.74,3.22,68.5,154.1,0
ASSET-B74C9C36,2026-09-01,72.5,3.556,69.6,137.5,0
ASSET-B74C9C36,2026-09-02,83.73,3.533,70.8,156.8,0
ASSET-B74C9C36,2026-09-03,83.13,3.752,65.6,184.0,0
ASSET-B74C9C36,2026-09-04,82.93,3.839,69.2,181.8,0
ASSET-B74C9C36,2026-09-05,80.09,3.947,65.2,170.3,0
ASSET-B74C9C36,2026-09-06,80.72,3.856,55.3,167.5,0
ASSET-B74C9C36,2026-09-07,82.46,3.295,62.3,196.6,0
ASSET-B74C9C36,2026-09-08,81.39,3.915,59.9,209.0,0
ASSET-B74C9C36,2026-09-09,84.47,5.074,67.0,211.8,0
ASSET-B74C9C36,2026-09-10,83.26,4.401,65.3,238.5,0
ASSET-B74C9C36,2026-09-11,83.99,4.37,59.0,212.8,0
ASSET-B74C9C36,2026-09-12,91.26,4.781,42.9,156.9,0
ASSET-B74C9C36,2026-09-13,84.06,4.068,47.2,256.1,0
ASSET-B74C9C36,2026-09-14,89.95,4.449,58.8,234.6,0
ASSET-B74C9C36,2026-09-15,84.24,5.286,52.4,228.8,1
ASSET-DDC4D1AD,2026-03-20,64.38,1.382,80.1,27.2,0
ASSET-DDC4D1AD,2026-03-21,64.36,1.304,70.9,59.6,0
ASSET-DDC4D1AD,2026-03-22,69.29,1.433,76.2,50.1,0
ASSET-DDC4D1AD,2026-03-23,68.31,1.433,85.1,37.9,0
ASSET-DDC4D1AD,2026-03-24,66.5,1.548,75.3,52.8,0
ASSET-DDC4D1AD,2026-03-25,61.32,1.519,76.0,52.6,0
ASSET-DDC4D1AD,2026-03-26,66.68,1.209,76.3,54.6,0
ASSET-DDC4D1AD,2026-03-27,59.14,1.628,87.9,49.4,0
ASSET-DDC4D1AD,2026-03-28,63.42,1.55,78.7,57.3,0
ASSET-DDC4D1AD,2026-03-29,64.33,1.235,68.5,41.4,0
ASSET-DDC4D1AD,2026-03-30,66.53,1.338,89.3,61.7,0
ASSET-DDC4D1AD,2026-03-31,63.6,1.67,80.9,50.8,0
ASSET-DDC4D1AD,2026-04-01,67.69,1.466,81.0,60.1,0
ASSET-DDC4D1AD,2026-04-02,64.08,1.707,81.3,49.9,0
ASSET-DDC4D1AD,2026-04-03,65.6,1.332,85.5,47.0,0
ASSET-DDC4D1AD,2026-04-04,66.85,1.354,74.1,55.7,0
ASSET-DDC4D1AD,2026-04-05,71.07,1.447,77.8,45.4,0
ASSET-DDC4D1AD,2026-04-06,67.51,1.378,83.4,44.6,0
ASSET-DDC4D1AD,2026-04-07,68.28,1.47,84.3,57.0,0
ASSET-DDC4D1AD,2026-04-08,61.98,1.204,76.8,45.3,0
ASSET-DDC4D1AD,2026-04-09,57.17,1.617,78.2,33.4,0
ASSET-DDC4D1AD,2026-04-10,66.34,1.918,79.1,49.4,0
ASSET-DDC4D1AD,2026-04-11,66.43,1.587,73.7,41.7,0
ASSET-DDC4D1AD,2026-04-12,61.68,1.054,86.3,56.0,0
ASSET-DDC4D1AD,2026-04-13,64.82,1.567,75.5,42.4,0
ASSET-DDC4D1AD,2026-04-14,65.05,1.582,84.4,33.6,0
ASSET-DDC4D1AD,2026-04-15,62.55,1.444,81.2,54.6,0
ASSET-DDC4D1AD,2026-04-16,64.88,1.96,80.5,34.0,0
ASSET-DDC4D1AD,2026-04-17,64.98,1.064,92.3,56.3,0
ASSET-DDC4D1AD,2026-04-18,71.39,1.604,86.5,75.2,0
ASSET-DDC4D1AD,2026-04-19,67.01,1.615,79.7,62.5,0
ASSET-DDC4D1AD,2026-04-20,70.34,1.475,75.9,34.0,0
ASSET-DDC4D1AD,2026-04-21,66.62,1.805,78.1,58.6,0
ASSET-DDC4D1AD,2026-04-22,62.52,1.453,81.8,51.5,0
ASSET-DDC4D1AD,2026-04-23,65.94,1.286,71.4,49.0,0
ASSET-DDC4D1AD,2026-04-24,64.92,1.573,78.1,50.4,0
ASSET-DDC4D1AD,2026-04-25,64.43,1.412,81.3,46.2,0
ASSET-DDC4D1AD,2026-04-26,65.77,1.323,71.1,34.0,0
ASSET-DDC4D1AD,2026-04-27,66.33,1.298,89.8,59.8,0
ASSET-DDC4D1AD,2026-04-28,62.58,1.49,78.3,43.2,0
ASSET-DDC4D1AD,2026-04-29,67.09,1.436,86.1,60.3,0
ASSET-DDC4D1AD,2026-04-30,65.33,1.418,85.3,49.7,0
ASSET-DDC4D1AD,2026-05-01,66.23,1.698,91.4,45.4,0
ASSET-DDC4D1AD,2026-05-02,65.15,1.338,82.0,47.0,0
ASSET-DDC4D1AD,2026-05-03,65.55,1.419,76.8,42.4,0
ASSET-DDC4D1AD,2026-05-04,67.13,1.681,81.5,27.0,0
ASSET-DDC4D1AD,2026-05-05,60.04,1.367,80.9,42.0,0
ASSET-DDC4D1AD,2026-05-06,66.07,1.649,88.1,39.6,0
ASSET-DDC4D1AD,2026-05-07,65.68,1.565,79.6,31.9,0
ASSET-DDC4D1AD,2026-05-08,65.44,1.634,88.8,57.9,0
ASSET-DDC4D1AD,2026-05-09,66.11,1.512,84.7,50.4,0
ASSET-DDC4D1AD,2026-05-10,62.37,1.44,80.9,35.6,0
ASSET-DDC4D1AD,2026-05-11,63.91,1.54,76.8,47.7,0
ASSET-DDC4D1AD,2026-05-12,62.59,1.377,71.4,26.7,0
ASSET-DDC4D1AD,2026-05-13,62.04,1.888,80.9,55.6,0
ASSET-DDC4D1AD,2026-05-14,67.02,1.198,78.2,43.5,0
ASSET-DDC4D1AD,2026-05-15,65.06,1.117,74.6,41.2,0
ASSET-DDC4D1AD,2026-05-16,61.97,1.465,73.2,44.3,0
ASSET-DDC4D1AD,2026-05-17,65.25,1.538,76.5,55.8,0
ASSET-DDC4D1AD,2026-05-18,66.93,1.712,73.6,54.1,0
ASSET-DDC4D1AD,2026-05-19,62.05,1.209,84.7,49.1,0
ASSET-DDC4D1AD,2026-05-20,67.58,1.362,89.5,47.3,0
ASSET-DDC4D1AD,2026-05-21,67.03,1.436,77.4,38.2,0
ASSET-DDC4D1AD,2026-05-22,73.87,1.528,85.2,33.2,0
ASSET-DDC4D1AD,2026-05-23,68.83,1.327,76.8,50.4,0
ASSET-DDC4D1AD,2026-05-24,63.67,1.604,82.6,46.8,0
ASSET-DDC4D1AD,2026-05-25,62.85,1.646,76.2,49.4,0
ASSET-DDC4D1AD,2026-05-26,65.45,1.22,87.4,57.5,0
ASSET-DDC4D1AD,2026-05-27,63.57,1.681,79.0,52.5,0
ASSET-DDC4D1AD,2026-05-28,67.37,1.594,88.9,43.1,0
ASSET-DDC4D1AD,2026-05-29,62.62,1.176,82.0,59.6,0
ASSET-DDC4D1AD,2026-05-30,68.21,1.474,79.8,64.6,0
ASSET-DDC4D1AD,2026-05-31,68.36,1.647,76.9,28.7,0
ASSET-DDC4D1AD,2026-06-01,64.03,1.278,83.1,37.7,0
ASSET-DDC4D1AD,2026-06-02,66.54,1.437,77.2,62.4,0
ASSET-DDC4D1AD,2026-06-03,65.12,1.327,74.4,52.3,0
ASSET-DDC4D1AD,2026-06-04,65.67,1.417,75.4,80.3,0
ASSET-DDC4D1AD,2026-06-05,66.42,1.173,81.8,34.2,0
ASSET-DDC4D1AD,2026-06-06,64.78,1.432,76.8,34.4,0
ASSET-DDC4D1AD,2026-06-07,67.2,1.575,77.5,49.6,0
ASSET-DDC4D1AD,2026-06-08,62.1,1.493,79.4,63.1,0
ASSET-DDC4D1AD,2026-06-09,64.62,1.593,90.7,39.0,0
ASSET-DDC4D1AD,2026-06-10,65.84,1.402,81.0,50.2,0
ASSET-DDC4D1AD,2026-06-11,65.34,1.339,73.2,47.2,0
ASSET-DDC4D1AD,2026-06-12,70.11,1.534,88.4,49.4,0
ASSET-DDC4D1AD,2026-06-13,61.97,1.246,82.5,56.4,0
ASSET-DDC4D1AD,2026-06-14,65.36,1.129,83.2,45.5,0
ASSET-DDC4D1AD,2026-06-15,67.16,1.22,79.3,52.8,0
ASSET-DDC4D1AD,2026-06-16,66.18,1.537,76.4,51.4,0
ASSET-DDC4D1AD,2026-06-17,64.02,0.944,80.8,41.1,0
ASSET-DDC4D1AD,2026-06-18,64.28,1.179,79.0,63.6,0
ASSET-DDC4D1AD,2026-06-19,66.89,1.482,75.7,40.2,0
ASSET-DDC4D1AD,2026-06-20,65.59,1.626,72.6,42.8,0
ASSET-DDC4D1AD,2026-06-21,68.0,1.314,78.9,40.1,0
ASSET-DDC4D1AD,2026-06-22,64.08,1.373,80.2,43.7,0
ASSET-DDC4D1AD,2026-06-23,65.55,1.015,81.9,82.5,0
ASSET-DDC4D1AD,2026-06-24,69.93,1.581,79.3,38.1,0
ASSET-DDC4D1AD,2026-06-25,65.2,1.308,77.9,52.4,0
ASSET-DDC4D1AD,2026-06-26,63.43,1.462,87.7,60.5,0
ASSET-DDC4D1AD,2026-06-27,63.75,1.439,74.9,40.9,0
ASSET-DDC4D1AD,2026-06-28,66.14,1.503,83.0,47.3,0
ASSET-DDC4D1AD,2026-06-29,65.44,1.702,75.0,49.6,0
ASSET-DDC4D1AD,2026-06-30,66.9,1.316,72.2,47.9,0
ASSET-DDC4D1AD,2026-07-01,68.62,1.813,81.4,37.4,0
ASSET-DDC4D1AD,2026-07-02,66.63,1.394,87.0,58.7,0
ASSET-DDC4D1AD,2026-07-03,62.54,1.565,88.1,63.4,0
ASSET-DDC4D1AD,2026-07-04,70.78,1.588,80.1,47.7,0
ASSET-DDC4D1AD,2026-07-05,59.76,1.196,76.9,37.1,0
ASSET-DDC4D1AD,2026-07-06,62.07,1.813,78.2,53.2,0
ASSET-DDC4D1AD,2026-07-07,71.17,1.856,80.9,28.4,0
ASSET-DDC4D1AD,2026-07-08,61.51,1.567,83.9,56.4,0
ASSET-DDC4D1AD,2026-07-09,63.73,1.597,83.6,28.1,0
ASSET-DDC4D1AD,2026-07-10,67.1,1.416,67.0,43.6,0
ASSET-DDC4D1AD,2026-07-11,63.36,1.219,74.9,36.5,0
ASSET-DDC4D1AD,2026-07-12,66.56,1.668,78.7,35.3,0
ASSET-DDC4D1AD,2026-07-13,63.93,1.428,88.2,51.2,0
ASSET-DDC4D1AD,2026-07-14,71.76,1.492,70.0,47.2,0
ASSET-DDC4D1AD,2026-07-15,65.18,1.56,76.1,45.2,0
ASSET-DDC4D1AD,2026-07-16,62.89,1.638,78.3,43.7,0
ASSET-DDC4D1AD,2026-07-17,67.21,1.464,80.3,59.1,0
ASSET-DDC4D1AD,2026-07-18,63.34,1.417,73.8,34.3,0
ASSET-DDC4D1AD,2026-07-19,57.88,1.822,78.9,48.2,0
ASSET-DDC4D1AD,2026-07-20,63.22,1.204,85.7,52.1,0
ASSET-DDC4D1AD,2026-07-21,67.03,1.425,79.2,44.3,0
ASSET-DDC4D1AD,2026-07-22,64.89,1.447,87.9,48.7,0
ASSET-DDC4D1AD,2026-07-23,69.21,1.279,85.8,47.6,0
ASSET-DDC4D1AD,2026-07-24,64.44,1.602,88.7,57.9,0
ASSET-DDC4D1AD,2026-07-25,64.97,1.569,81.6,40.2,0
ASSET-DDC4D1AD,2026-07-26,66.76,1.571,76.5,44.0,0
ASSET-DDC4D1AD,2026-07-27,65.18,1.688,69.2,58.4,0
ASSET-DDC4D1AD,2026-07-28,65.09,1.459,76.4,34.3,0
ASSET-DDC4D1AD,2026-07-29,64.69,1.373,80.1,34.2,0
ASSET-DDC4D1AD,2026-07-30,66.5,1.713,72.4,50.6,0
ASSET-DDC4D1AD,2026-07-31,62.67,1.793,78.1,67.7,0
ASSET-DDC4D1AD,2026-08-01,67.62,1.152,76.8,54.0,0
ASSET-DDC4D1AD,2026-08-02,64.26,1.416,80.4,35.8,0
ASSET-DDC4D1AD,2026-08-03,63.47,1.383,84.1,54.8,0
ASSET-DDC4D1AD,2026-08-04,60.56,1.672,71.4,57.4,0
ASSET-DDC4D1AD,2026-08-05,65.52,1.589,76.1,62.4,0
ASSET-DDC4D1AD,2026-08-06,64.98,1.567,82.0,37.1,0
ASSET-DDC4D1AD,2026-08-07,65.19,1.89,78.9,52.6,0
ASSET-DDC4D1AD,2026-08-08,67.88,1.338,79.9,42.0,0
ASSET-DDC4D1AD,2026-08-09,64.18,1.543,85.4,47.4,0
ASSET-DDC4D1AD,2026-08-10,58.39,1.239,73.6,44.2,0
ASSET-DDC4D1AD,2026-08-11,63.53,1.46,84.4,64.3,0
ASSET-DDC4D1AD,2026-08-12,62.15,1.758,77.5,33.4,0
ASSET-DDC4D1AD,2026-08-13,66.99,1.666,87.4,31.5,0
ASSET-DDC4D1AD,2026-08-14,71.85,1.552,78.3,30.7,0
ASSET-DDC4D1AD,2026-08-15,66.98,1.401,82.3,43.2,0
ASSET-DDC4D1AD,2026-08-16,65.32,1.399,73.0,60.2,0
ASSET-DDC4D1AD,2026-08-17,60.4,1.36,77.1,56.7,0
ASSET-DDC4D1AD,2026-08-18,67.05,1.528,74.4,46.4,0
ASSET-DDC4D1AD,2026-08-19,60.13,1.682,80.5,52.3,0
ASSET-DDC4D1AD,2026-08-20,73.69,1.561,80.5,37.6,0
ASSET-DDC4D1AD,2026-08-21,61.02,1.46,78.4,43.9,0
ASSET-DDC4D1AD,2026-08-22,63.15,1.728,80.5,47.2,0
ASSET-DDC4D1AD,2026-08-23,69.88,1.433,78.4,39.9,0
ASSET-DDC4D1AD,2026-08-24,64.09,1.359,82.9,48.5,0
ASSET-DDC4D1AD,2026-08-25,58.45,1.489,82.1,36.6,0
ASSET-DDC4D1AD,2026-08-26,65.99,1.368,72.5,32.8,0
ASSET-DDC4D1AD,2026-08-27,71.03,1.659,77.2,36.7,0
ASSET-DDC4D1AD,2026-08-28,62.12,1.306,76.4,47.6,0
ASSET-DDC4D1AD,2026-08-29,66.19,1.387,87.9,39.3,0
ASSET-DDC4D1AD,2026-08-30,63.81,1.245,84.9,49.3,0
ASSET-DDC4D1AD,2026-08-31,64.73,1.649,80.0,53.3,0
ASSET-DDC4D1AD,2026-09-01,62.38,1.611,74.0,64.1,0
ASSET-DDC4D1AD,2026-09-02,63.65,1.652,83.8,50.3,0
ASSET-DDC4D1AD,2026-09-03,70.15,1.136,80.0,49.0,0
ASSET-DDC4D1AD,2026-09-04,66.26,1.55,87.6,57.6,0
ASSET-DDC4D1AD,2026-09-05,62.56,1.362,79.4,66.3,0
ASSET-DDC4D1AD,2026-09-06,63.6,1.719,88.5,52.2,0
ASSET-DDC4D1AD,2026-09-07,62.03,1.757,88.5,59.8,0
ASSET-DDC4D1AD,2026-09-08,64.15,0.976,79.1,55.9,0
ASSET-DDC4D1AD,2026-09-09,63.67,1.77,84.5,46.4,0
ASSET-DDC4D1AD,2026-09-10,65.07,1.534,72.8,38.5,0
ASSET-DDC4D1AD,2026-09-11,61.15,1.552,72.1,47.0,0
ASSET-DDC4D1AD,2026-09-12,65.53,1.069,85.8,44.9,0
ASSET-DDC4D1AD,2026-09-13,63.35,1.747,79.8,29.7,0
ASSET-DDC4D1AD,2026-09-14,66.5,1.244,75.7,34.6,0
ASSET-DDC4D1AD,2026-09-15,59.4,1.45,83.4,49.4,0
ASSET-44CA9BF7,2026-03-20,65.09,1.264,78.0,42.0,0
ASSET-44CA9BF7,2026-03-21,61.09,1.865,85.2,58.6,0
ASSET-44CA9BF7,2026-03-22,62.02,1.4,80.1,45.4,0
ASSET-44CA9BF7,2026-03-23,68.61,1.14,79.8,49.3,0
ASSET-44CA9BF7,2026-03-24,67.64,1.525,77.4,53.6,0
ASSET-44CA9BF7,2026-03-25,66.42,1.543,78.0,54.1,0
ASSET-44CA9BF7,2026-03-26,65.68,1.193,76.8,32.7,0
ASSET-44CA9BF7,2026-03-27,64.56,1.276,86.9,51.5,0
ASSET-44CA9BF7,2026-03-28,62.63,1.708,86.6,58.8,0
ASSET-44CA9BF7,2026-03-29,64.73,1.422,84.1,52.5,0
ASSET-44CA9BF7,2026-03-30,66.4,1.311,74.4,48.5,0
ASSET-44CA9BF7,2026-03-31,68.89,1.869,73.7,52.9,0
ASSET-44CA9BF7,2026-04-01,63.13,1.33,89.0,57.5,0
ASSET-44CA9BF7,2026-04-02,65.1,1.45,81.8,48.1,0
ASSET-44CA9BF7,2026-04-03,63.58,1.714,89.2,52.4,0
ASSET-44CA9BF7,2026-04-04,65.66,1.761,78.6,51.2,0
ASSET-44CA9BF7,2026-04-05,60.4,1.897,79.4,47.7,0
ASSET-44CA9BF7,2026-04-06,73.2,1.791,84.5,52.8,0
ASSET-44CA9BF7,2026-04-07,62.3,1.564,85.1,33.5,0
ASSET-44CA9BF7,2026-04-08,67.69,1.432,72.6,58.6,0
ASSET-44CA9BF7,2026-04-09,57.83,1.532,76.1,51.6,0
ASSET-44CA9BF7,2026-04-10,61.19,1.554,83.3,59.4,0
ASSET-44CA9BF7,2026-04-11,59.07,1.885,72.4,66.0,0
ASSET-44CA9BF7,2026-04-12,64.92,1.46,73.1,47.0,0
ASSET-44CA9BF7,2026-04-13,66.54,1.474,84.3,62.9,0
ASSET-44CA9BF7,2026-04-14,68.71,1.719,88.3,41.2,0
ASSET-44CA9BF7,2026-04-15,63.11,1.374,78.4,46.2,0
ASSET-44CA9BF7,2026-04-16,64.9,1.67,78.7,52.8,0
ASSET-44CA9BF7,2026-04-17,61.06,1.707,77.4,28.4,0
ASSET-44CA9BF7,2026-04-18,68.97,1.748,81.8,44.0,0
ASSET-44CA9BF7,2026-04-19,59.7,1.403,72.1,60.6,0
ASSET-44CA9BF7,2026-04-20,67.37,1.427,81.3,42.0,0
ASSET-44CA9BF7,2026-04-21,57.99,1.102,78.3,52.0,0
ASSET-44CA9BF7,2026-04-22,63.74,1.781,75.8,25.6,0
ASSET-44CA9BF7,2026-04-23,65.25,1.441,85.2,48.7,0
ASSET-44CA9BF7,2026-04-24,64.65,1.434,83.3,54.6,0
ASSET-44CA9BF7,2026-04-25,65.93,1.593,75.6,69.2,0
ASSET-44CA9BF7,2026-04-26,59.82,1.683,79.2,46.0,0
ASSET-44CA9BF7,2026-04-27,63.65,1.514,82.1,55.1,0
ASSET-44CA9BF7,2026-04-28,68.04,1.207,84.9,52.8,0
ASSET-44CA9BF7,2026-04-29,64.07,1.44,82.3,49.7,0
ASSET-44CA9BF7,2026-04-30,62.87,1.739,76.6,48.6,0
ASSET-44CA9BF7,2026-05-01,68.76,1.567,81.3,54.7,0
ASSET-44CA9BF7,2026-05-02,63.19,1.576,84.2,53.9,0
ASSET-44CA9BF7,2026-05-03,61.88,1.007,72.3,59.8,0
ASSET-44CA9BF7,2026-05-04,67.11,1.711,79.5,46.3,0
ASSET-44CA9BF7,2026-05-05,64.29,1.205,77.7,56.8,0
ASSET-44CA9BF7,2026-05-06,67.77,1.374,79.8,45.6,0
ASSET-44CA9BF7,2026-05-07,62.59,1.915,84.1,53.3,0
ASSET-44CA9BF7,2026-05-08,68.13,1.201,79.9,69.5,0
ASSET-44CA9BF7,2026-05-09,65.96,1.279,76.0,55.1,0
ASSET-44CA9BF7,2026-05-10,70.67,1.758,76.1,35.6,0
ASSET-44CA9BF7,2026-05-11,68.35,1.764,83.8,52.1,0
ASSET-44CA9BF7,2026-05-12,64.57,1.06,80.4,33.6,0
ASSET-44CA9BF7,2026-05-13,66.78,1.503,83.5,31.9,0
ASSET-44CA9BF7,2026-05-14,65.71,1.32,77.9,33.2,0
ASSET-44CA9BF7,2026-05-15,62.04,1.744,77.4,64.5,0
ASSET-44CA9BF7,2026-05-16,68.17,1.49,73.3,42.5,0
ASSET-44CA9BF7,2026-05-17,62.18,1.74,79.2,60.2,0
ASSET-44CA9BF7,2026-05-18,60.99,1.857,82.8,40.0,0
ASSET-44CA9BF7,2026-05-19,65.08,1.751,78.2,46.8,0
ASSET-44CA9BF7,2026-05-20,62.06,1.316,79.0,51.3,0
ASSET-44CA9BF7,2026-05-21,68.67,1.759,81.9,46.6,0
ASSET-44CA9BF7,2026-05-22,65.82,1.37,74.6,27.2,0
ASSET-44CA9BF7,2026-05-23,64.35,1.358,78.9,45.9,0
ASSET-44CA9BF7,2026-05-24,61.99,1.555,84.7,77.7,0
ASSET-44CA9BF7,2026-05-25,67.17,1.278,83.9,47.1,0
ASSET-44CA9BF7,2026-05-26,68.16,1.452,77.0,40.9,0
ASSET-44CA9BF7,2026-05-27,65.16,1.692,78.9,64.6,0
ASSET-44CA9BF7,2026-05-28,61.88,1.512,83.4,38.4,0
ASSET-44CA9BF7,2026-05-29,59.81,1.325,78.1,57.9,0
ASSET-44CA9BF7,2026-05-30,69.02,1.697,75.3,49.9,0
ASSET-44CA9BF7,2026-05-31,73.38,1.869,77.5,56.3,0
ASSET-44CA9BF7,2026-06-01,63.52,1.69,79.8,36.9,0
ASSET-44CA9BF7,2026-06-02,67.29,1.494,83.2,46.9,0
ASSET-44CA9BF7,2026-06-03,58.7,1.104,78.9,43.0,0
ASSET-44CA9BF7,2026-06-04,63.32,1.537,84.4,37.5,0
ASSET-44CA9BF7,2026-06-05,59.48,1.712,82.1,51.1,0
ASSET-44CA9BF7,2026-06-06,66.7,1.251,84.1,48.0,0
ASSET-44CA9BF7,2026-06-07,68.74,1.358,77.1,46.2,0
ASSET-44CA9BF7,2026-06-08,64.14,1.487,79.3,60.5,0
ASSET-44CA9BF7,2026-06-09,66.76,1.266,76.4,65.9,0
ASSET-44CA9BF7,2026-06-10,64.58,1.344,87.3,46.2,0
ASSET-44CA9BF7,2026-06-11,67.46,1.313,80.5,49.4,0
ASSET-44CA9BF7,2026-06-12,71.16,1.288,81.6,34.7,0
ASSET-44CA9BF7,2026-06-13,69.25,1.684,73.9,49.8,0
ASSET-44CA9BF7,2026-06-14,66.36,1.413,83.1,54.6,0
ASSET-44CA9BF7,2026-06-15,61.5,1.467,88.7,57.7,0
ASSET-44CA9BF7,2026-06-16,69.2,1.564,72.7,42.4,0
ASSET-44CA9BF7,2026-06-17,64.15,1.974,80.2,49.9,0
ASSET-44CA9BF7,2026-06-18,65.8,1.518,84.2,43.5,0
ASSET-44CA9BF7,2026-06-19,66.76,1.576,81.5,68.6,0
ASSET-44CA9BF7,2026-06-20,61.62,1.416,77.7,65.5,0
ASSET-44CA9BF7,2026-06-21,62.84,1.937,85.9,34.2,0
ASSET-44CA9BF7,2026-06-22,68.91,1.407,80.8,59.4,0
ASSET-44CA9BF7,2026-06-23,69.27,1.634,79.2,68.0,0
ASSET-44CA9BF7,2026-06-24,68.79,1.464,77.5,43.0,0
ASSET-44CA9BF7,2026-06-25,65.07,1.705,75.9,55.2,0
ASSET-44CA9BF7,2026-06-26,69.11,1.722,79.7,60.9,0
ASSET-44CA9BF7,2026-06-27,64.75,1.441,70.8,55.6,0
ASSET-44CA9BF7,2026-06-28,61.83,1.498,85.1,48.8,0
ASSET-44CA9BF7,2026-06-29,65.52,1.399,76.5,60.2,0
ASSET-44CA9BF7,2026-06-30,66.74,1.165,83.4,35.3,0
ASSET-44CA9BF7,2026-07-01,68.49,1.549,83.8,53.2,0
ASSET-44CA9BF7,2026-07-02,64.79,1.362,79.8,83.1,0
ASSET-44CA9BF7,2026-07-03,60.82,1.49,86.9,43.7,0
ASSET-44CA9BF7,2026-07-04,62.32,1.622,87.0,53.8,0
ASSET-44CA9BF7,2026-07-05,65.21,1.708,75.8,45.8,0
ASSET-44CA9BF7,2026-07-06,58.59,1.69,76.5,68.2,0
ASSET-44CA9BF7,2026-07-07,62.43,1.806,80.6,34.2,0
ASSET-44CA9BF7,2026-07-08,64.13,1.513,83.5,60.1,0
ASSET-44CA9BF7,2026-07-09,62.52,1.732,80.5,53.4,0
ASSET-44CA9BF7,2026-07-10,66.88,1.7,76.9,44.9,0
ASSET-44CA9BF7,2026-07-11,66.83,1.643,87.3,34.2,0
ASSET-44CA9BF7,2026-07-12,66.07,1.421,75.5,56.2,0
ASSET-44CA9BF7,2026-07-13,66.13,1.45,81.0,36.0,0
ASSET-44CA9BF7,2026-07-14,65.27,1.415,73.0,28.8,0
ASSET-44CA9BF7,2026-07-15,64.33,1.418,79.8,42.6,0
ASSET-44CA9BF7,2026-07-16,60.59,1.508,76.3,50.4,0
ASSET-44CA9BF7,2026-07-17,68.26,1.62,80.1,38.1,0
ASSET-44CA9BF7,2026-07-18,62.74,1.457,78.5,53.5,0
ASSET-44CA9BF7,2026-07-19,63.7,1.768,79.6,50.6,0
ASSET-44CA9BF7,2026-07-20,63.72,1.762,85.4,58.1,0
ASSET-44CA9BF7,2026-07-21,64.1,1.209,78.6,58.3,0
ASSET-44CA9BF7,2026-07-22,66.91,1.539,81.0,50.3,0
ASSET-44CA9BF7,2026-07-23,64.57,1.841,79.7,61.7,0
ASSET-44CA9BF7,2026-07-24,65.32,1.16,78.1,50.6,0
ASSET-44CA9BF7,2026-07-25,59.75,1.423,76.2,51.7,0
ASSET-44CA9BF7,2026-07-26,61.53,1.41,81.4,50.7,0
ASSET-44CA9BF7,2026-07-27,65.56,1.66,73.9,47.7,0
ASSET-44CA9BF7,2026-07-28,63.08,1.756,74.9,57.5,0
ASSET-44CA9BF7,2026-07-29,66.06,1.967,74.5,44.4,0
ASSET-44CA9BF7,2026-07-30,61.11,1.26,76.0,40.1,0
ASSET-44CA9BF7,2026-07-31,66.01,1.362,84.9,41.3,0
ASSET-44CA9BF7,2026-08-01,62.87,1.39,83.8,50.8,0
ASSET-44CA9BF7,2026-08-02,64.65,1.506,70.0,49.5,0
ASSET-44CA9BF7,2026-08-03,64.01,1.478,77.6,46.6,0
ASSET-44CA9BF7,2026-08-04,63.56,1.351,80.0,38.6,0
ASSET-44CA9BF7,2026-08-05,68.09,1.31,90.2,44.8,0
ASSET-44CA9BF7,2026-08-06,61.42,1.703,87.0,45.8,0
ASSET-44CA9BF7,2026-08-07,62.09,1.494,84.5,52.2,0
ASSET-44CA9BF7,2026-08-08,64.3,1.359,77.1,54.4,0
ASSET-44CA9BF7,2026-08-09,63.75,1.364,87.5,51.1,0
ASSET-44CA9BF7,2026-08-10,66.71,1.279,85.9,29.1,0
ASSET-44CA9BF7,2026-08-11,68.06,1.711,82.1,43.4,0
ASSET-44CA9BF7,2026-08-12,68.39,1.229,83.6,56.8,0
ASSET-44CA9BF7,2026-08-13,66.63,1.513,76.9,65.6,0
ASSET-44CA9BF7,2026-08-14,60.16,1.341,81.1,43.6,0
ASSET-44CA9BF7,2026-08-15,59.91,1.596,85.0,29.5,0
ASSET-44CA9BF7,2026-08-16,64.37,1.51,86.3,47.5,0
ASSET-44CA9BF7,2026-08-17,64.39,1.374,75.1,55.5,0
ASSET-44CA9BF7,2026-08-18,69.21,1.495,89.0,42.8,0
ASSET-44CA9BF7,2026-08-19,63.84,1.157,80.2,49.7,0
ASSET-44CA9BF7,2026-08-20,67.73,1.166,81.1,50.6,0
ASSET-44CA9BF7,2026-08-21,70.88,1.752,78.6,44.3,0
ASSET-44CA9BF7,2026-08-22,63.58,1.545,83.2,38.5,0
ASSET-44CA9BF7,2026-08-23,62.48,1.441,81.5,51.4,0
ASSET-44CA9BF7,2026-08-24,65.26,1.608,86.0,64.1,0
ASSET-44CA9BF7,2026-08-25,63.79,1.584,83.8,49.6,0
ASSET-44CA9BF7,2026-08-26,63.69,1.724,80.7,50.8,0
ASSET-44CA9BF7,2026-08-27,63.98,1.578,81.1,51.8,0
ASSET-44CA9BF7,2026-08-28,62.96,1.448,76.4,40.3,0
ASSET-44CA9BF7,2026-08-29,68.94,1.469,78.6,53.8,0
ASSET-44CA9BF7,2026-08-30,59.99,1.335,83.5,52.3,0
ASSET-44CA9BF7,2026-08-31,62.36,1.495,79.0,53.0,0
ASSET-44CA9BF7,2026-09-01,66.57,1.288,76.3,70.5,0
ASSET-44CA9BF7,2026-09-02,63.52,1.469,73.1,45.8,0
ASSET-44CA9BF7,2026-09-03,65.45,1.653,76.8,44.6,0
ASSET-44CA9BF7,2026-09-04,66.15,1.357,76.1,63.3,0
ASSET-44CA9BF7,2026-09-05,63.8,1.475,74.2,58.4,0
ASSET-44CA9BF7,2026-09-06,65.23,1.51,72.9,62.1,0
ASSET-44CA9BF7,2026-09-07,64.57,1.575,78.5,34.1,0
ASSET-44CA9BF7,2026-09-08,71.12,1.192,79.2,68.2,0
ASSET-44CA9BF7,2026-09-09,61.54,1.318,80.4,64.9,0
ASSET-44CA9BF7,2026-09-10,59.52,1.074,82.6,45.2,0
ASSET-44CA9BF7,2026-09-11,67.68,1.344,79.5,22.1,0
ASSET-44CA9BF7,2026-09-12,67.39,1.651,78.1,46.7,0
ASSET-44CA9BF7,2026-09-13,67.61,1.476,79.3,47.4,0
ASSET-44CA9BF7,2026-09-14,72.36,1.808,77.8,57.2,0
ASSET-44CA9BF7,2026-09-15,63.07,1.304,83.1,51.0,0
ASSET-68526D9E,2026-03-20,65.88,1.337,82.2,67.4,0
ASSET-68526D9E,2026-03-21,68.76,1.346,83.1,55.9,0
ASSET-68526D9E,2026-03-22,60.54,1.433,87.9,64.8,0
ASSET-68526D9E,2026-03-23,66.28,1.399,89.4,49.0,0
ASSET-68526D9E,2026-03-24,67.41,1.236,79.8,47.8,0
ASSET-68526D9E,2026-03-25,65.39,1.545,78.8,45.5,0
ASSET-68526D9E,2026-03-26,59.54,1.34,84.8,48.4,0
ASSET-68526D9E,2026-03-27,66.97,1.579,81.4,30.6,0
ASSET-68526D9E,2026-03-28,69.1,1.315,75.4,54.9,0
ASSET-68526D9E,2026-03-29,61.14,1.382,85.0,33.9,0
ASSET-68526D9E,2026-03-30,62.49,1.383,73.2,25.0,0
ASSET-68526D9E,2026-03-31,66.61,1.449,79.9,40.0,0
ASSET-68526D9E,2026-04-01,68.31,1.203,85.1,58.7,0
ASSET-68526D9E,2026-04-02,67.39,1.42,76.4,33.1,0
ASSET-68526D9E,2026-04-03,65.6,1.518,75.9,50.4,0
ASSET-68526D9E,2026-04-04,67.14,1.759,82.3,62.6,0
ASSET-68526D9E,2026-04-05,69.6,1.281,76.5,56.8,0
ASSET-68526D9E,2026-04-06,64.92,1.568,77.5,50.4,0
ASSET-68526D9E,2026-04-07,58.28,1.614,76.1,57.6,0
ASSET-68526D9E,2026-04-08,62.27,1.659,87.4,61.9,0
ASSET-68526D9E,2026-04-09,61.89,1.821,77.5,40.8,0
ASSET-68526D9E,2026-04-10,64.92,1.279,77.7,62.8,0
ASSET-68526D9E,2026-04-11,63.16,1.752,75.0,47.8,0
ASSET-68526D9E,2026-04-12,59.7,1.286,84.3,55.9,0
ASSET-68526D9E,2026-04-13,61.85,1.473,77.4,65.4,0
ASSET-68526D9E,2026-04-14,65.47,1.669,76.1,41.3,0
ASSET-68526D9E,2026-04-15,71.01,1.442,72.0,40.8,0
ASSET-68526D9E,2026-04-16,68.21,1.273,87.7,44.7,0
ASSET-68526D9E,2026-04-17,63.66,1.602,79.6,47.3,0
ASSET-68526D9E,2026-04-18,63.82,1.33,81.1,56.2,0
ASSET-68526D9E,2026-04-19,63.44,1.485,80.4,61.4,0
ASSET-68526D9E,2026-04-20,63.15,1.477,82.3,48.0,0
ASSET-68526D9E,2026-04-21,64.86,1.3,75.4,29.8,0
ASSET-68526D9E,2026-04-22,63.85,1.137,86.6,66.3,0
ASSET-68526D9E,2026-04-23,62.15,1.785,79.1,54.7,0
ASSET-68526D9E,2026-04-24,64.36,1.793,78.2,47.3,0
ASSET-68526D9E,2026-04-25,67.89,1.424,78.3,50.4,0
ASSET-68526D9E,2026-04-26,60.33,1.378,81.1,63.1,0
ASSET-68526D9E,2026-04-27,69.28,1.613,81.7,46.3,0
ASSET-68526D9E,2026-04-28,68.83,1.326,80.3,49.4,0
ASSET-68526D9E,2026-04-29,66.27,1.371,92.9,53.0,0
ASSET-68526D9E,2026-04-30,64.55,1.863,82.6,40.9,0
ASSET-68526D9E,2026-05-01,65.43,1.453,84.0,59.0,0
ASSET-68526D9E,2026-05-02,65.4,1.855,90.9,50.6,0
ASSET-68526D9E,2026-05-03,64.64,1.617,83.1,42.8,0
ASSET-68526D9E,2026-05-04,67.64,1.785,88.7,42.1,0
ASSET-68526D9E,2026-05-05,62.32,1.325,72.8,62.5,0
ASSET-68526D9E,2026-05-06,70.71,1.344,73.5,36.2,0
ASSET-68526D9E,2026-05-07,66.08,1.57,78.9,58.1,0
ASSET-68526D9E,2026-05-08,58.8,1.498,82.2,47.7,0
ASSET-68526D9E,2026-05-09,65.77,1.389,78.7,44.9,0
ASSET-68526D9E,2026-05-10,67.06,1.287,82.9,66.2,0
ASSET-68526D9E,2026-05-11,66.46,1.428,73.2,34.4,0
ASSET-68526D9E,2026-05-12,60.96,1.705,79.0,39.8,0
ASSET-68526D9E,2026-05-13,70.34,1.36,72.6,50.3,0
ASSET-68526D9E,2026-05-14,63.67,1.357,89.8,42.0,0
ASSET-68526D9E,2026-05-15,62.15,1.486,76.5,44.5,0
ASSET-68526D9E,2026-05-16,64.81,1.688,79.9,53.1,0
ASSET-68526D9E,2026-05-17,66.05,1.515,82.1,67.3,0
ASSET-68526D9E,2026-05-18,63.22,1.64,82.6,37.9,0
ASSET-68526D9E,2026-05-19,63.09,1.461,76.5,74.0,0
ASSET-68526D9E,2026-05-20,64.19,1.552,73.3,49.0,0
ASSET-68526D9E,2026-05-21,66.27,1.703,80.4,40.8,0
ASSET-68526D9E,2026-05-22,60.5,1.727,78.1,54.7,0
ASSET-68526D9E,2026-05-23,67.08,1.966,83.0,47.9,0
ASSET-68526D9E,2026-05-24,64.21,1.714,69.1,40.8,0
ASSET-68526D9E,2026-05-25,61.81,1.494,90.2,50.0,0
ASSET-68526D9E,2026-05-26,67.24,1.628,86.3,52.2,0
ASSET-68526D9E,2026-05-27,63.92,1.806,81.0,44.5,0
ASSET-68526D9E,2026-05-28,66.72,1.605,79.7,45.2,0
ASSET-68526D9E,2026-05-29,67.36,1.597,71.7,42.8,0
ASSET-68526D9E,2026-05-30,67.76,1.713,79.6,51.5,0
ASSET-68526D9E,2026-05-31,65.83,1.624,75.4,39.6,0
ASSET-68526D9E,2026-06-01,61.33,1.167,76.0,68.9,0
ASSET-68526D9E,2026-06-02,65.24,1.472,83.5,38.5,0
ASSET-68526D9E,2026-06-03,62.72,1.098,72.9,59.4,0
ASSET-68526D9E,2026-06-04,59.02,1.644,74.8,26.1,0
ASSET-68526D9E,2026-06-05,67.12,1.458,85.3,57.2,0
ASSET-68526D9E,2026-06-06,63.78,1.35,74.9,35.1,0
ASSET-68526D9E,2026-06-07,67.81,1.379,82.3,59.3,0
ASSET-68526D9E,2026-06-08,67.44,1.076,85.2,30.1,0
ASSET-68526D9E,2026-06-09,63.04,1.39,74.5,34.1,0
ASSET-68526D9E,2026-06-10,59.31,1.714,84.2,67.1,0
ASSET-68526D9E,2026-06-11,65.45,1.619,83.0,57.2,0
ASSET-68526D9E,2026-06-12,66.44,1.446,78.1,51.4,0
ASSET-68526D9E,2026-06-13,70.4,1.587,85.8,51.5,0
ASSET-68526D9E,2026-06-14,67.35,1.793,73.5,58.8,0
ASSET-68526D9E,2026-06-15,70.96,1.81,78.2,41.8,0
ASSET-68526D9E,2026-06-16,65.85,1.351,77.9,58.2,0
ASSET-68526D9E,2026-06-17,67.25,1.504,75.7,33.6,0
ASSET-68526D9E,2026-06-18,67.46,1.448,85.0,36.5,0
ASSET-68526D9E,2026-06-19,67.15,1.408,80.1,68.7,0
ASSET-68526D9E,2026-06-20,68.01,1.793,85.3,69.0,0
ASSET-68526D9E,2026-06-21,65.39,1.39,77.4,52.9,0
ASSET-68526D9E,2026-06-22,61.71,1.127,83.4,56.5,0
ASSET-68526D9E,2026-06-23,66.61,1.775,74.4,36.4,0
ASSET-68526D9E,2026-06-24,68.71,1.721,85.7,48.8,0
ASSET-68526D9E,2026-06-25,62.93,1.554,76.3,55.9,0
ASSET-68526D9E,2026-06-26,68.87,1.037,87.8,54.5,0
ASSET-68526D9E,2026-06-27,65.28,1.363,82.1,44.8,0
ASSET-68526D9E,2026-06-28,65.59,1.593,82.6,25.8,0
ASSET-68526D9E,2026-06-29,62.71,0.966,83.4,58.7,0
ASSET-68526D9E,2026-06-30,62.66,1.528,75.8,33.0,0
ASSET-68526D9E,2026-07-01,69.88,1.508,86.6,48.3,0
ASSET-68526D9E,2026-07-02,60.08,1.659,82.4,31.0,0
ASSET-68526D9E,2026-07-03,65.34,1.281,86.5,65.8,0
ASSET-68526D9E,2026-07-04,70.34,1.603,83.3,56.7,0
ASSET-68526D9E,2026-07-05,63.38,1.492,82.6,44.4,0
ASSET-68526D9E,2026-07-06,67.1,1.62,77.0,72.8,0
ASSET-68526D9E,2026-07-07,67.61,1.502,83.7,41.5,0
ASSET-68526D9E,2026-07-08,60.83,1.745,86.1,58.2,0
ASSET-68526D9E,2026-07-09,68.82,1.871,82.1,50.3,0
ASSET-68526D9E,2026-07-10,67.87,1.726,80.9,51.4,0
ASSET-68526D9E,2026-07-11,65.45,1.466,77.5,26.7,0
ASSET-68526D9E,2026-07-12,68.77,1.251,68.8,36.6,0
ASSET-68526D9E,2026-07-13,59.7,1.517,79.7,51.0,0
ASSET-68526D9E,2026-07-14,60.98,1.157,84.3,56.9,0
ASSET-68526D9E,2026-07-15,67.46,1.672,81.2,50.4,0
ASSET-68526D9E,2026-07-16,70.74,1.332,78.0,57.7,0
ASSET-68526D9E,2026-07-17,66.35,1.296,83.2,52.4,0
ASSET-68526D9E,2026-07-18,63.52,1.227,78.8,48.4,0
ASSET-68526D9E,2026-07-19,67.88,1.605,73.2,50.9,0
ASSET-68526D9E,2026-07-20,68.37,1.55,86.8,55.8,0
ASSET-68526D9E,2026-07-21,62.82,1.584,75.3,54.4,0
ASSET-68526D9E,2026-07-22,63.59,1.579,71.4,43.9,0
ASSET-68526D9E,2026-07-23,68.24,1.512,75.7,36.9,0
ASSET-68526D9E,2026-07-24,68.89,1.408,82.8,55.2,0
ASSET-68526D9E,2026-07-25,61.23,1.323,79.4,49.1,0
ASSET-68526D9E,2026-07-26,63.89,1.528,84.7,57.7,0
ASSET-68526D9E,2026-07-27,68.25,1.336,78.9,58.9,0
ASSET-68526D9E,2026-07-28,65.27,1.669,77.6,62.1,0
ASSET-68526D9E,2026-07-29,64.08,1.179,81.3,57.3,0
ASSET-68526D9E,2026-07-30,66.39,1.217,79.6,47.1,0
ASSET-68526D9E,2026-07-31,66.12,1.751,84.6,51.1,0
ASSET-68526D9E,2026-08-01,63.57,1.468,75.3,48.3,0
ASSET-68526D9E,2026-08-02,62.45,1.61,83.2,63.5,0
ASSET-68526D9E,2026-08-03,60.96,1.732,81.5,52.9,0
ASSET-68526D9E,2026-08-04,71.97,1.777,88.1,54.9,0
ASSET-68526D9E,2026-08-05,66.37,1.693,81.2,52.5,0
ASSET-68526D9E,2026-08-06,67.27,1.717,84.5,54.3,0
ASSET-68526D9E,2026-08-07,67.85,1.287,72.8,63.3,0
ASSET-68526D9E,2026-08-08,70.25,1.819,80.9,62.0,0
ASSET-68526D9E,2026-08-09,61.69,1.681,78.2,45.7,0
ASSET-68526D9E,2026-08-10,69.76,1.616,82.6,36.1,0
ASSET-68526D9E,2026-08-11,65.68,1.509,75.4,67.7,0
ASSET-68526D9E,2026-08-12,68.37,1.429,78.8,53.1,0
ASSET-68526D9E,2026-08-13,62.09,1.707,85.0,55.4,0
ASSET-68526D9E,2026-08-14,65.29,1.558,76.0,46.2,0
ASSET-68526D9E,2026-08-15,69.87,1.359,84.0,57.6,0
ASSET-68526D9E,2026-08-16,65.01,1.559,84.5,49.0,0
ASSET-68526D9E,2026-08-17,65.8,1.483,72.4,50.3,0
ASSET-68526D9E,2026-08-18,64.47,1.649,76.8,53.5,0
ASSET-68526D9E,2026-08-19,68.59,1.713,73.5,51.8,0
ASSET-68526D9E,2026-08-20,66.54,1.47,74.3,40.6,0
ASSET-68526D9E,2026-08-21,64.21,1.188,83.8,61.4,0
ASSET-68526D9E,2026-08-22,63.68,1.49,87.3,37.2,0
ASSET-68526D9E,2026-08-23,70.63,1.327,74.8,43.1,0
ASSET-68526D9E,2026-08-24,65.87,1.786,84.5,35.9,0
ASSET-68526D9E,2026-08-25,61.8,1.611,76.7,42.1,0
ASSET-68526D9E,2026-08-26,65.86,1.465,82.6,62.3,0
ASSET-68526D9E,2026-08-27,71.97,1.098,79.5,37.9,0
ASSET-68526D9E,2026-08-28,64.97,1.652,80.5,39.0,0
ASSET-68526D9E,2026-08-29,58.01,1.752,79.6,72.5,0
ASSET-68526D9E,2026-08-30,68.91,1.545,79.4,47.1,0
ASSET-68526D9E,2026-08-31,71.37,1.57,88.0,34.8,0
ASSET-68526D9E,2026-09-01,70.41,1.298,83.1,66.7,0
ASSET-68526D9E,2026-09-02,60.61,1.215,81.6,34.4,0
ASSET-68526D9E,2026-09-03,65.95,1.179,83.0,37.3,0
ASSET-68526D9E,2026-09-04,65.12,1.12,68.4,41.0,0
ASSET-68526D9E,2026-09-05,71.43,1.263,88.0,32.4,0
ASSET-68526D9E,2026-09-06,58.07,1.56,87.1,60.5,0
ASSET-68526D9E,2026-09-07,65.27,1.486,85.7,54.3,0
ASSET-68526D9E,2026-09-08,65.74,1.438,73.2,61.4,0
ASSET-68526D9E,2026-09-09,60.01,1.483,80.3,60.4,0
ASSET-68526D9E,2026-09-10,59.47,1.695,77.1,42.5,0
ASSET-68526D9E,2026-09-11,61.57,1.598,70.6,43.8,0
ASSET-68526D9E,2026-09-12,63.57,1.366,79.1,52.3,0
ASSET-68526D9E,2026-09-13,62.69,1.77,81.9,51.1,0
ASSET-68526D9E,2026-09-14,62.02,1.966,72.6,56.0,0
ASSET-68526D9E,2026-09-15,66.23,1.399,82.1,69.0,0
ASSET-2176095D,2026-03-20,65.25,1.669,79.6,56.4,0
ASSET-2176095D,2026-03-21,65.56,1.538,78.4,55.2,0
ASSET-2176095D,2026-03-22,64.19,1.381,79.0,42.9,0
ASSET-2176095D,2026-03-23,67.04,0.946,83.1,45.6,0
ASSET-2176095D,2026-03-24,63.78,1.588,76.8,41.5,0
ASSET-2176095D,2026-03-25,64.67,1.833,79.3,55.3,0
ASSET-2176095D,2026-03-26,60.68,1.164,78.9,59.2,0
ASSET-2176095D,2026-03-27,64.19,1.172,82.8,49.1,0
ASSET-2176095D,2026-03-28,67.69,1.391,80.2,57.7,0
ASSET-2176095D,2026-03-29,61.4,1.472,76.1,31.4,0
ASSET-2176095D,2026-03-30,65.12,1.422,79.6,34.8,0
ASSET-2176095D,2026-03-31,63.5,1.765,77.2,43.8,0
ASSET-2176095D,2026-04-01,59.09,1.459,87.6,25.2,0
ASSET-2176095D,2026-04-02,61.66,1.284,86.2,47.6,0
ASSET-2176095D,2026-04-03,66.15,1.576,76.9,51.0,0
ASSET-2176095D,2026-04-04,65.59,1.345,86.7,60.2,0
ASSET-2176095D,2026-04-05,66.23,1.973,83.2,54.0,0
ASSET-2176095D,2026-04-06,66.09,1.533,87.8,52.1,0
ASSET-2176095D,2026-04-07,65.92,1.288,89.2,28.2,0
ASSET-2176095D,2026-04-08,60.04,1.807,80.9,50.0,0
ASSET-2176095D,2026-04-09,64.12,1.285,75.5,48.0,0
ASSET-2176095D,2026-04-10,67.08,1.064,81.3,40.0,0
ASSET-2176095D,2026-04-11,67.64,1.605,65.7,54.8,0
ASSET-2176095D,2026-04-12,62.95,1.573,78.0,40.8,0
ASSET-2176095D,2026-04-13,68.72,1.551,82.6,60.7,0
ASSET-2176095D,2026-04-14,68.74,1.671,81.7,69.9,0
ASSET-2176095D,2026-04-15,68.3,1.333,80.6,55.5,0
ASSET-2176095D,2026-04-16,63.01,1.745,79.4,49.2,0
ASSET-2176095D,2026-04-17,69.92,1.898,78.0,38.3,0
ASSET-2176095D,2026-04-18,69.1,1.451,82.7,55.3,0
ASSET-2176095D,2026-04-19,64.1,1.297,80.0,87.6,0
ASSET-2176095D,2026-04-20,66.87,1.72,83.4,48.2,0
ASSET-2176095D,2026-04-21,68.98,1.495,80.5,40.1,0
ASSET-2176095D,2026-04-22,66.52,1.84,72.0,50.7,0
ASSET-2176095D,2026-04-23,62.61,1.217,90.4,36.2,0
ASSET-2176095D,2026-04-24,69.5,1.549,73.7,61.4,0
ASSET-2176095D,2026-04-25,66.03,1.422,82.9,41.5,0
ASSET-2176095D,2026-04-26,63.05,1.826,72.2,38.5,0
ASSET-2176095D,2026-04-27,64.4,1.698,71.5,55.6,0
ASSET-2176095D,2026-04-28,61.58,1.571,79.7,49.1,0
ASSET-2176095D,2026-04-29,61.47,1.304,79.9,38.6,0
ASSET-2176095D,2026-04-30,62.7,1.806,89.9,47.3,0
ASSET-2176095D,2026-05-01,63.8,1.485,79.2,37.2,0
ASSET-2176095D,2026-05-02,65.15,1.595,82.1,32.0,0
ASSET-2176095D,2026-05-03,66.63,1.809,85.6,52.9,0
ASSET-2176095D,2026-05-04,64.66,1.369,80.1,54.6,0
ASSET-2176095D,2026-05-05,69.93,1.554,99.0,50.2,0
ASSET-2176095D,2026-05-06,64.74,1.849,76.1,56.8,0
ASSET-2176095D,2026-05-07,64.28,1.359,78.8,40.7,0
ASSET-2176095D,2026-05-08,61.9,2.341,81.7,52.3,0
ASSET-2176095D,2026-05-09,63.45,1.476,69.6,45.5,0
ASSET-2176095D,2026-05-10,68.23,1.305,86.5,66.4,0
ASSET-2176095D,2026-05-11,60.87,1.43,82.2,59.2,0
ASSET-2176095D,2026-05-12,66.55,1.53,72.9,49.5,0
ASSET-2176095D,2026-05-13,64.89,1.53,77.0,47.3,0
ASSET-2176095D,2026-05-14,65.72,1.072,87.3,43.1,0
ASSET-2176095D,2026-05-15,65.9,1.276,76.6,77.8,0
ASSET-2176095D,2026-05-16,58.35,1.401,85.8,54.2,0
ASSET-2176095D,2026-05-17,65.76,1.067,75.8,51.0,0
ASSET-2176095D,2026-05-18,67.69,1.555,81.6,39.0,0
ASSET-2176095D,2026-05-19,62.89,1.88,73.6,56.3,0
ASSET-2176095D,2026-05-20,65.76,1.286,83.4,41.8,0
ASSET-2176095D,2026-05-21,60.07,1.432,74.9,40.2,0
ASSET-2176095D,2026-05-22,66.12,1.395,86.1,59.6,0
ASSET-2176095D,2026-05-23,63.02,1.643,80.2,38.1,0
ASSET-2176095D,2026-05-24,60.85,1.732,87.2,55.7,0
ASSET-2176095D,2026-05-25,66.83,1.551,79.5,56.3,0
ASSET-2176095D,2026-05-26,65.65,1.262,80.4,62.3,0
ASSET-2176095D,2026-05-27,60.26,1.093,78.2,59.8,0
ASSET-2176095D,2026-05-28,64.29,1.491,77.6,43.8,0
ASSET-2176095D,2026-05-29,64.34,1.404,76.9,48.7,0
ASSET-2176095D,2026-05-30,65.6,1.327,80.2,42.0,0
ASSET-2176095D,2026-05-31,62.12,1.205,81.8,55.6,0
ASSET-2176095D,2026-06-01,63.61,1.259,78.4,55.6,0
ASSET-2176095D,2026-06-02,66.68,1.479,75.7,44.0,0
ASSET-2176095D,2026-06-03,63.04,1.387,76.2,43.9,0
ASSET-2176095D,2026-06-04,61.81,1.688,78.0,53.3,0
ASSET-2176095D,2026-06-05,61.25,1.503,90.9,64.7,0
ASSET-2176095D,2026-06-06,64.97,1.769,76.6,57.5,0
ASSET-2176095D,2026-06-07,64.15,1.554,90.9,48.4,0
ASSET-2176095D,2026-06-08,64.38,1.541,83.3,33.6,0
ASSET-2176095D,2026-06-09,61.62,1.402,84.2,51.8,0
ASSET-2176095D,2026-06-10,63.27,1.671,85.0,42.8,0
ASSET-2176095D,2026-06-11,67.8,1.177,80.3,54.4,0
ASSET-2176095D,2026-06-12,70.31,1.298,85.5,28.7,0
ASSET-2176095D,2026-06-13,64.83,1.609,87.8,58.3,0
ASSET-2176095D,2026-06-14,68.38,1.828,84.5,37.9,0
ASSET-2176095D,2026-06-15,63.18,1.647,89.8,48.8,0
ASSET-2176095D,2026-06-16,66.56,1.37,80.8,36.9,0
ASSET-2176095D,2026-06-17,63.38,1.701,80.9,34.1,0
ASSET-2176095D,2026-06-18,65.51,1.515,80.5,50.3,0
ASSET-2176095D,2026-06-19,64.65,1.333,82.0,30.4,0
ASSET-2176095D,2026-06-20,66.97,1.492,74.2,30.5,0
ASSET-2176095D,2026-06-21,66.08,1.571,82.3,55.1,0
ASSET-2176095D,2026-06-22,68.92,1.562,79.5,50.4,0
ASSET-2176095D,2026-06-23,68.54,1.615,83.3,38.6,0
ASSET-2176095D,2026-06-24,64.18,1.508,84.1,53.6,0
ASSET-2176095D,2026-06-25,64.08,1.355,76.3,38.9,0
ASSET-2176095D,2026-06-26,63.07,1.621,85.0,43.8,0
ASSET-2176095D,2026-06-27,65.23,1.656,88.2,26.7,0
ASSET-2176095D,2026-06-28,65.45,1.556,80.9,60.8,0
ASSET-2176095D,2026-06-29,61.95,1.704,83.0,48.9,0
ASSET-2176095D,2026-06-30,66.67,1.258,73.5,45.5,0
ASSET-2176095D,2026-07-01,67.34,1.35,83.7,43.2,0
ASSET-2176095D,2026-07-02,61.16,1.173,78.6,60.7,0
ASSET-2176095D,2026-07-03,61.79,1.963,78.0,64.6,0
ASSET-2176095D,2026-07-04,67.28,1.353,82.1,65.9,0
ASSET-2176095D,2026-07-05,67.1,1.353,81.3,47.9,0
ASSET-2176095D,2026-07-06,63.13,1.549,77.6,31.5,0
ASSET-2176095D,2026-07-07,68.72,1.575,83.9,42.3,0
ASSET-2176095D,2026-07-08,66.2,1.519,85.4,72.7,0
ASSET-2176095D,2026-07-09,62.3,1.645,79.6,41.2,0
ASSET-2176095D,2026-07-10,68.48,1.554,83.9,38.9,0
ASSET-2176095D,2026-07-11,65.97,1.447,83.7,60.6,0
ASSET-2176095D,2026-07-12,67.59,1.816,78.8,55.1,0
ASSET-2176095D,2026-07-13,65.33,1.679,85.2,50.7,0
ASSET-2176095D,2026-07-14,66.02,1.525,81.0,52.6,0
ASSET-2176095D,2026-07-15,64.89,1.497,76.3,42.0,0
ASSET-2176095D,2026-07-16,67.72,1.186,85.6,39.2,0
ASSET-2176095D,2026-07-17,63.31,1.309,86.2,63.1,0
ASSET-2176095D,2026-07-18,63.14,1.455,80.6,68.2,0
ASSET-2176095D,2026-07-19,71.49,1.5,82.6,67.2,0
ASSET-2176095D,2026-07-20,59.07,1.768,77.3,58.3,0
ASSET-2176095D,2026-07-21,59.64,1.529,81.6,56.1,0
ASSET-2176095D,2026-07-22,71.12,1.52,78.7,45.3,0
ASSET-2176095D,2026-07-23,61.79,1.64,82.8,57.3,0
ASSET-2176095D,2026-07-24,64.35,1.289,79.7,47.6,0
ASSET-2176095D,2026-07-25,64.32,1.366,80.8,66.9,0
ASSET-2176095D,2026-07-26,67.55,1.348,78.7,40.4,0
ASSET-2176095D,2026-07-27,62.77,1.443,84.6,61.5,0
ASSET-2176095D,2026-07-28,64.53,1.393,81.5,48.0,0
ASSET-2176095D,2026-07-29,62.94,1.279,73.5,53.8,0
ASSET-2176095D,2026-07-30,69.55,1.477,89.9,59.3,0
ASSET-2176095D,2026-07-31,67.49,1.538,67.5,43.4,0
ASSET-2176095D,2026-08-01,68.73,1.414,73.3,55.6,0
ASSET-2176095D,2026-08-02,68.85,1.56,71.4,39.6,0
ASSET-2176095D,2026-08-03,68.27,1.151,91.5,49.2,0
ASSET-2176095D,2026-08-04,62.66,1.328,78.6,35.3,0
ASSET-2176095D,2026-08-05,67.91,1.674,76.8,56.5,0
ASSET-2176095D,2026-08-06,58.12,1.525,78.1,55.4,0
ASSET-2176095D,2026-08-07,65.0,1.335,82.2,34.8,0
ASSET-2176095D,2026-08-08,68.08,1.546,79.8,57.7,0
ASSET-2176095D,2026-08-09,65.65,1.412,85.6,64.5,0
ASSET-2176095D,2026-08-10,66.41,1.487,87.5,48.6,0
ASSET-2176095D,2026-08-11,69.02,1.795,69.8,49.7,0
ASSET-2176095D,2026-08-12,69.95,1.263,80.9,59.5,0
ASSET-2176095D,2026-08-13,63.91,1.464,77.2,29.0,0
ASSET-2176095D,2026-08-14,67.19,1.565,90.8,45.7,0
ASSET-2176095D,2026-08-15,65.85,1.282,77.5,47.0,0
ASSET-2176095D,2026-08-16,62.86,1.646,84.8,57.2,0
ASSET-2176095D,2026-08-17,67.31,1.831,63.3,40.4,0
ASSET-2176095D,2026-08-18,62.65,1.71,76.1,54.4,0
ASSET-2176095D,2026-08-19,74.55,1.545,81.1,81.3,0
ASSET-2176095D,2026-08-20,61.93,1.538,78.0,81.6,0
ASSET-2176095D,2026-08-21,64.34,1.992,70.5,70.0,0
ASSET-2176095D,2026-08-22,68.94,1.995,75.9,79.1,0
ASSET-2176095D,2026-08-23,67.14,1.949,79.8,98.8,0
ASSET-2176095D,2026-08-24,67.75,2.305,62.9,99.9,0
ASSET-2176095D,2026-08-25,70.79,2.55,77.1,113.3,0
ASSET-2176095D,2026-08-26,72.8,2.634,75.3,110.6,0
ASSET-2176095D,2026-08-27,71.19,2.914,62.3,119.0,0
ASSET-2176095D,2026-08-28,73.49,2.999,65.0,117.8,0
ASSET-2176095D,2026-08-29,71.02,3.075,73.8,121.6,0
ASSET-2176095D,2026-08-30,73.21,3.005,69.3,146.4,0
ASSET-2176095D,2026-08-31,72.19,3.7,63.8,126.8,0
ASSET-2176095D,2026-09-01,71.99,2.986,65.9,185.8,0
ASSET-2176095D,2026-09-02,80.97,3.0,72.8,158.5,0
ASSET-2176095D,2026-09-03,76.94,3.39,64.1,168.4,0
ASSET-2176095D,2026-09-04,81.92,3.208,66.3,168.5,0
ASSET-2176095D,2026-09-05,81.46,3.505,65.8,185.8,0
ASSET-2176095D,2026-09-06,76.24,4.452,61.1,182.2,0
ASSET-2176095D,2026-09-07,78.96,2.78,65.0,183.2,0
ASSET-2176095D,2026-09-08,84.45,4.448,63.3,171.3,0
ASSET-2176095D,2026-09-09,79.43,4.839,55.0,181.7,0
ASSET-2176095D,2026-09-10,85.66,4.802,51.5,206.6,0
ASSET-2176095D,2026-09-11,86.87,4.275,65.4,199.9,0
ASSET-2176095D,2026-09-12,90.19,4.901,51.3,213.4,0
ASSET-2176095D,2026-09-13,86.9,4.795,60.5,201.0,0
ASSET-2176095D,2026-09-14,91.1,4.491,59.7,237.4,0
ASSET-2176095D,2026-09-15,86.29,4.563,49.7,236.7,1
ASSET-A58263D8,2026-03-20,69.3,1.25,85.7,46.6,0
ASSET-A58263D8,2026-03-21,66.98,1.8,79.0,70.5,0
ASSET-A58263D8,2026-03-22,69.99,1.384,88.0,49.9,0
ASSET-A58263D8,2026-03-23,61.38,1.319,85.0,61.0,0
ASSET-A58263D8,2026-03-24,64.98,1.21,77.1,29.4,0
ASSET-A58263D8,2026-03-25,68.38,1.469,72.9,41.0,0
ASSET-A58263D8,2026-03-26,61.03,1.182,85.8,28.9,0
ASSET-A58263D8,2026-03-27,61.56,1.58,82.7,40.7,0
ASSET-A58263D8,2026-03-28,65.17,1.427,67.2,70.6,0
ASSET-A58263D8,2026-03-29,67.09,1.504,86.3,65.9,0
ASSET-A58263D8,2026-03-30,67.29,1.595,83.3,50.1,0
ASSET-A58263D8,2026-03-31,67.7,1.321,77.9,40.0,0
ASSET-A58263D8,2026-04-01,66.05,1.54,80.0,81.9,0
ASSET-A58263D8,2026-04-02,66.09,1.369,74.8,62.4,0
ASSET-A58263D8,2026-04-03,63.5,1.297,91.7,59.4,0
ASSET-A58263D8,2026-04-04,64.42,1.382,86.8,58.7,0
ASSET-A58263D8,2026-04-05,61.99,1.762,82.8,31.2,0
ASSET-A58263D8,2026-04-06,64.7,0.896,78.0,45.4,0
ASSET-A58263D8,2026-04-07,62.88,1.121,81.7,40.5,0
ASSET-A58263D8,2026-04-08,63.39,1.349,81.3,45.3,0
ASSET-A58263D8,2026-04-09,62.79,1.545,76.3,52.0,0
ASSET-A58263D8,2026-04-10,67.01,1.584,82.7,59.3,0
ASSET-A58263D8,2026-04-11,63.94,1.297,83.7,48.7,0
ASSET-A58263D8,2026-04-12,67.04,1.243,75.5,43.0,0
ASSET-A58263D8,2026-04-13,66.5,1.822,77.5,37.7,0
ASSET-A58263D8,2026-04-14,65.04,1.136,73.6,48.0,0
ASSET-A58263D8,2026-04-15,65.74,1.791,86.8,55.4,0
ASSET-A58263D8,2026-04-16,68.32,1.589,84.2,38.3,0
ASSET-A58263D8,2026-04-17,70.02,1.292,71.3,39.0,0
ASSET-A58263D8,2026-04-18,67.67,1.461,77.3,44.3,0
ASSET-A58263D8,2026-04-19,65.82,1.518,84.8,46.2,0
ASSET-A58263D8,2026-04-20,68.08,1.087,77.3,36.8,0
ASSET-A58263D8,2026-04-21,68.35,1.354,85.0,50.2,0
ASSET-A58263D8,2026-04-22,65.71,1.341,81.8,50.0,0
ASSET-A58263D8,2026-04-23,64.0,1.457,80.9,58.3,0
ASSET-A58263D8,2026-04-24,64.15,1.454,80.1,69.8,0
ASSET-A58263D8,2026-04-25,62.16,1.759,80.3,41.7,0
ASSET-A58263D8,2026-04-26,67.91,1.404,78.6,45.1,0
ASSET-A58263D8,2026-04-27,62.17,1.579,80.7,50.6,0
ASSET-A58263D8,2026-04-28,63.34,1.437,69.7,46.4,0
ASSET-A58263D8,2026-04-29,61.63,1.575,88.1,49.9,0
ASSET-A58263D8,2026-04-30,66.74,1.191,77.7,53.9,0
ASSET-A58263D8,2026-05-01,61.73,1.382,76.9,54.3,0
ASSET-A58263D8,2026-05-02,60.54,1.371,84.3,49.3,0
ASSET-A58263D8,2026-05-03,61.21,1.752,75.2,47.3,0
ASSET-A58263D8,2026-05-04,70.99,1.349,81.7,56.0,0
ASSET-A58263D8,2026-05-05,67.22,1.387,90.0,62.5,0
ASSET-A58263D8,2026-05-06,67.84,1.633,80.0,44.8,0
ASSET-A58263D8,2026-05-07,67.74,1.586,80.1,38.9,0
ASSET-A58263D8,2026-05-08,61.73,1.637,80.1,44.4,0
ASSET-A58263D8,2026-05-09,70.68,1.264,88.7,59.7,0
ASSET-A58263D8,2026-05-10,65.72,1.309,76.3,51.8,0
ASSET-A58263D8,2026-05-11,63.98,1.476,79.5,66.1,0
ASSET-A58263D8,2026-05-12,60.77,0.998,84.5,51.7,0
ASSET-A58263D8,2026-05-13,62.83,1.154,87.6,38.4,0
ASSET-A58263D8,2026-05-14,63.84,1.366,84.4,33.2,0
ASSET-A58263D8,2026-05-15,60.02,1.484,85.3,63.0,0
ASSET-A58263D8,2026-05-16,66.96,1.422,77.9,53.6,0
ASSET-A58263D8,2026-05-17,68.71,1.445,70.8,61.2,0
ASSET-A58263D8,2026-05-18,62.98,1.748,74.0,71.3,0
ASSET-A58263D8,2026-05-19,65.01,1.549,79.3,56.9,0
ASSET-A58263D8,2026-05-20,63.43,1.579,81.4,59.9,0
ASSET-A58263D8,2026-05-21,60.8,1.399,81.3,61.9,0
ASSET-A58263D8,2026-05-22,63.02,1.511,84.2,39.4,0
ASSET-A58263D8,2026-05-23,69.9,1.662,82.2,53.5,0
ASSET-A58263D8,2026-05-24,66.8,1.455,81.6,45.9,0
ASSET-A58263D8,2026-05-25,63.05,1.595,79.8,53.0,0
ASSET-A58263D8,2026-05-26,66.01,1.324,76.6,48.3,0
ASSET-A58263D8,2026-05-27,59.79,1.393,83.5,60.8,0
ASSET-A58263D8,2026-05-28,63.98,1.342,72.9,66.2,0
ASSET-A58263D8,2026-05-29,67.0,1.335,84.5,55.9,0
ASSET-A58263D8,2026-05-30,65.65,1.335,90.3,58.0,0
ASSET-A58263D8,2026-05-31,65.42,1.891,71.2,46.7,0
ASSET-A58263D8,2026-06-01,67.03,1.417,76.1,44.8,0
ASSET-A58263D8,2026-06-02,65.39,1.725,81.0,51.1,0
ASSET-A58263D8,2026-06-03,63.78,1.434,76.5,59.0,0
ASSET-A58263D8,2026-06-04,62.77,1.508,84.6,63.9,0
ASSET-A58263D8,2026-06-05,64.62,1.664,83.2,51.4,0
ASSET-A58263D8,2026-06-06,64.67,1.519,76.5,67.8,0
ASSET-A58263D8,2026-06-07,71.79,1.341,82.4,49.5,0
ASSET-A58263D8,2026-06-08,59.17,1.344,76.7,48.0,0
ASSET-A58263D8,2026-06-09,67.52,1.205,77.7,55.2,0
ASSET-A58263D8,2026-06-10,66.71,1.578,80.7,29.1,0
ASSET-A58263D8,2026-06-11,67.06,1.362,84.3,63.5,0
ASSET-A58263D8,2026-06-12,67.06,1.484,77.1,55.1,0
ASSET-A58263D8,2026-06-13,66.16,1.729,90.8,46.1,0
ASSET-A58263D8,2026-06-14,68.41,1.573,69.7,65.7,0
ASSET-A58263D8,2026-06-15,66.83,1.941,76.3,63.2,0
ASSET-A58263D8,2026-06-16,63.08,1.567,81.3,70.5,0
ASSET-A58263D8,2026-06-17,63.92,1.58,70.7,35.2,0
ASSET-A58263D8,2026-06-18,63.73,1.423,78.7,53.4,0
ASSET-A58263D8,2026-06-19,60.43,1.896,81.7,52.1,0
ASSET-A58263D8,2026-06-20,62.34,1.544,85.5,41.9,0
ASSET-A58263D8,2026-06-21,64.49,1.231,85.1,24.6,0
ASSET-A58263D8,2026-06-22,63.29,1.521,73.8,59.4,0
ASSET-A58263D8,2026-06-23,62.75,1.451,81.4,47.9,0
ASSET-A58263D8,2026-06-24,66.61,1.39,85.1,54.6,0
ASSET-A58263D8,2026-06-25,61.2,1.273,81.7,44.6,0
ASSET-A58263D8,2026-06-26,64.84,1.414,74.2,56.6,0
ASSET-A58263D8,2026-06-27,71.47,1.571,73.6,40.3,0
ASSET-A58263D8,2026-06-28,62.76,1.685,81.9,36.3,0
ASSET-A58263D8,2026-06-29,63.28,1.457,73.0,52.9,0
ASSET-A58263D8,2026-06-30,65.05,1.24,84.1,51.1,0
ASSET-A58263D8,2026-07-01,68.09,1.307,78.2,48.4,0
ASSET-A58263D8,2026-07-02,63.21,1.573,82.2,52.5,0
ASSET-A58263D8,2026-07-03,61.9,1.375,75.5,39.7,0
ASSET-A58263D8,2026-07-04,66.09,1.584,74.1,46.3,0
ASSET-A58263D8,2026-07-05,62.98,1.575,71.8,41.6,0
ASSET-A58263D8,2026-07-06,65.79,1.484,77.5,59.8,0
ASSET-A58263D8,2026-07-07,65.38,1.202,77.0,42.9,0
ASSET-A58263D8,2026-07-08,65.34,1.589,85.8,55.6,0
ASSET-A58263D8,2026-07-09,64.06,1.347,78.6,62.1,0
ASSET-A58263D8,2026-07-10,66.27,1.465,79.0,54.3,0
ASSET-A58263D8,2026-07-11,64.26,1.457,84.4,53.2,0
ASSET-A58263D8,2026-07-12,63.18,1.466,82.6,53.7,0
ASSET-A58263D8,2026-07-13,63.26,1.732,76.3,46.0,0
ASSET-A58263D8,2026-07-14,62.98,1.391,82.9,43.6,0
ASSET-A58263D8,2026-07-15,69.29,1.48,76.1,23.9,0
ASSET-A58263D8,2026-07-16,65.22,1.21,73.6,41.6,0
ASSET-A58263D8,2026-07-17,64.48,1.048,76.8,42.5,0
ASSET-A58263D8,2026-07-18,60.28,1.776,89.0,64.0,0
ASSET-A58263D8,2026-07-19,66.47,1.422,80.3,54.6,0
ASSET-A58263D8,2026-07-20,64.95,1.573,84.9,40.7,0
ASSET-A58263D8,2026-07-21,64.72,1.515,73.5,65.6,0
ASSET-A58263D8,2026-07-22,66.68,1.562,78.6,49.6,0
ASSET-A58263D8,2026-07-23,62.8,1.674,82.0,47.6,0
ASSET-A58263D8,2026-07-24,69.9,1.396,74.6,61.6,0
ASSET-A58263D8,2026-07-25,69.77,1.515,74.6,52.8,0
ASSET-A58263D8,2026-07-26,61.46,1.678,69.0,55.1,0
ASSET-A58263D8,2026-07-27,69.96,1.417,78.2,58.7,0
ASSET-A58263D8,2026-07-28,71.71,1.296,75.6,61.3,0
ASSET-A58263D8,2026-07-29,61.3,1.27,79.7,51.3,0
ASSET-A58263D8,2026-07-30,65.89,1.413,82.5,62.0,0
ASSET-A58263D8,2026-07-31,65.32,1.109,81.1,50.6,0
ASSET-A58263D8,2026-08-01,64.35,1.294,87.0,66.7,0
ASSET-A58263D8,2026-08-02,64.55,1.491,81.5,53.1,0
ASSET-A58263D8,2026-08-03,65.31,1.471,77.1,53.5,0
ASSET-A58263D8,2026-08-04,63.98,1.746,88.4,48.8,0
ASSET-A58263D8,2026-08-05,68.34,1.425,86.2,42.1,0
ASSET-A58263D8,2026-08-06,65.85,1.819,83.6,30.4,0
ASSET-A58263D8,2026-08-07,61.19,1.761,87.9,35.6,0
ASSET-A58263D8,2026-08-08,58.61,1.197,87.1,48.3,0
ASSET-A58263D8,2026-08-09,69.37,1.496,82.5,45.6,0
ASSET-A58263D8,2026-08-10,65.41,1.165,72.7,47.3,0
ASSET-A58263D8,2026-08-11,67.0,1.314,68.7,64.1,0
ASSET-A58263D8,2026-08-12,62.79,1.674,80.5,68.6,0
ASSET-A58263D8,2026-08-13,65.85,1.077,85.0,63.6,0
ASSET-A58263D8,2026-08-14,64.99,1.165,83.1,36.2,0
ASSET-A58263D8,2026-08-15,70.13,1.485,84.6,41.0,0
ASSET-A58263D8,2026-08-16,67.2,1.663,82.2,41.1,0
ASSET-A58263D8,2026-08-17,65.44,1.512,71.2,51.1,0
ASSET-A58263D8,2026-08-18,63.57,1.435,84.7,70.1,0
ASSET-A58263D8,2026-08-19,66.17,1.752,81.1,47.7,0
ASSET-A58263D8,2026-08-20,67.18,1.692,84.6,45.0,0
ASSET-A58263D8,2026-08-21,64.84,1.371,76.0,51.2,0
ASSET-A58263D8,2026-08-22,60.91,1.433,84.5,44.8,0
ASSET-A58263D8,2026-08-23,66.09,1.493,78.2,39.5,0
ASSET-A58263D8,2026-08-24,59.87,1.666,82.3,63.7,0
ASSET-A58263D8,2026-08-25,68.75,1.665,80.0,71.5,0
ASSET-A58263D8,2026-08-26,60.18,1.558,86.3,54.6,0
ASSET-A58263D8,2026-08-27,70.56,1.498,83.1,24.8,0
ASSET-A58263D8,2026-08-28,62.46,1.374,81.4,60.5,0
ASSET-A58263D8,2026-08-29,63.17,1.709,76.4,56.6,0
ASSET-A58263D8,2026-08-30,64.73,1.837,81.2,32.7,0
ASSET-A58263D8,2026-08-31,65.64,1.014,79.7,43.8,0
ASSET-A58263D8,2026-09-01,63.74,1.489,73.9,50.4,0
ASSET-A58263D8,2026-09-02,64.53,1.463,74.4,72.1,0
ASSET-A58263D8,2026-09-03,62.66,1.759,85.2,70.5,0
ASSET-A58263D8,2026-09-04,64.04,1.377,82.3,53.6,0
ASSET-A58263D8,2026-09-05,64.37,0.94,68.8,55.3,0
ASSET-A58263D8,2026-09-06,66.77,1.529,75.5,39.4,0
ASSET-A58263D8,2026-09-07,65.33,1.633,79.2,49.1,0
ASSET-A58263D8,2026-09-08,61.86,1.428,79.6,45.2,0
ASSET-A58263D8,2026-09-09,65.34,1.542,87.3,42.1,0
ASSET-A58263D8,2026-09-10,64.72,1.522,87.6,52.0,0
ASSET-A58263D8,2026-09-11,64.48,1.441,73.9,62.6,0
ASSET-A58263D8,2026-09-12,65.13,1.981,81.6,47.6,0
ASSET-A58263D8,2026-09-13,63.95,1.559,76.8,54.9,0
ASSET-A58263D8,2026-09-14,62.48,1.683,77.2,61.0,0
ASSET-A58263D8,2026-09-15,72.36,1.797,84.2,32.3,0
ASSET-ECDCA889,2026-03-20,67.01,1.33,85.7,43.3,0
ASSET-ECDCA889,2026-03-21,63.95,1.322,78.6,38.6,0
ASSET-ECDCA889,2026-03-22,71.22,1.689,76.4,38.4,0
ASSET-ECDCA889,2026-03-23,61.07,1.69,76.0,38.4,0
ASSET-ECDCA889,2026-03-24,66.91,1.455,81.0,42.5,0
ASSET-ECDCA889,2026-03-25,68.75,1.52,74.6,23.1,0
ASSET-ECDCA889,2026-03-26,60.58,1.821,79.6,61.7,0
ASSET-ECDCA889,2026-03-27,62.96,1.565,80.8,51.6,0
ASSET-ECDCA889,2026-03-28,66.06,1.463,70.5,36.1,0
ASSET-ECDCA889,2026-03-29,65.86,1.073,86.7,53.2,0
ASSET-ECDCA889,2026-03-30,67.99,1.944,81.1,49.9,0
ASSET-ECDCA889,2026-03-31,61.33,1.419,78.7,46.7,0
ASSET-ECDCA889,2026-04-01,61.6,1.675,75.6,40.6,0
ASSET-ECDCA889,2026-04-02,67.04,1.347,75.9,29.4,0
ASSET-ECDCA889,2026-04-03,67.52,1.799,72.2,36.2,0
ASSET-ECDCA889,2026-04-04,64.2,1.718,85.0,58.9,0
ASSET-ECDCA889,2026-04-05,61.32,1.602,75.8,58.6,0
ASSET-ECDCA889,2026-04-06,68.56,1.743,74.0,25.5,0
ASSET-ECDCA889,2026-04-07,60.0,1.423,86.8,42.9,0
ASSET-ECDCA889,2026-04-08,65.63,1.747,81.6,50.2,0
ASSET-ECDCA889,2026-04-09,62.61,1.845,82.6,54.5,0
ASSET-ECDCA889,2026-04-10,64.79,1.356,84.9,25.8,0
ASSET-ECDCA889,2026-04-11,65.58,1.626,73.5,46.7,0
ASSET-ECDCA889,2026-04-12,64.29,1.576,77.9,54.1,0
ASSET-ECDCA889,2026-04-13,65.14,1.547,81.2,38.3,0
ASSET-ECDCA889,2026-04-14,65.23,1.431,78.1,49.6,0
ASSET-ECDCA889,2026-04-15,64.8,1.745,74.7,51.8,0
ASSET-ECDCA889,2026-04-16,64.52,1.645,77.4,53.9,0
ASSET-ECDCA889,2026-04-17,63.89,1.66,84.3,60.7,0
ASSET-ECDCA889,2026-04-18,63.91,1.741,81.3,49.6,0
ASSET-ECDCA889,2026-04-19,65.06,1.384,80.5,59.1,0
ASSET-ECDCA889,2026-04-20,62.12,1.741,78.1,63.4,0
ASSET-ECDCA889,2026-04-21,64.89,1.26,78.5,35.1,0
ASSET-ECDCA889,2026-04-22,64.56,1.41,79.9,41.8,0
ASSET-ECDCA889,2026-04-23,67.32,1.315,83.1,49.2,0
ASSET-ECDCA889,2026-04-24,64.37,1.883,74.8,63.2,0
ASSET-ECDCA889,2026-04-25,60.01,1.527,79.4,34.9,0
ASSET-ECDCA889,2026-04-26,65.93,1.147,86.8,50.0,0
ASSET-ECDCA889,2026-04-27,62.9,1.342,75.5,49.3,0
ASSET-ECDCA889,2026-04-28,62.18,1.156,73.4,55.1,0
ASSET-ECDCA889,2026-04-29,69.02,1.369,88.2,54.7,0
ASSET-ECDCA889,2026-04-30,65.97,1.638,76.6,54.5,0
ASSET-ECDCA889,2026-05-01,65.16,1.09,82.5,44.7,0
ASSET-ECDCA889,2026-05-02,66.92,1.642,77.1,58.5,0
ASSET-ECDCA889,2026-05-03,67.11,1.419,76.6,35.9,0
ASSET-ECDCA889,2026-05-04,71.18,1.266,80.0,45.8,0
ASSET-ECDCA889,2026-05-05,67.21,1.319,83.3,40.6,0
ASSET-ECDCA889,2026-05-06,69.54,1.889,70.6,52.5,0
ASSET-ECDCA889,2026-05-07,66.38,1.647,66.9,54.0,0
ASSET-ECDCA889,2026-05-08,63.0,1.411,78.6,32.3,0
ASSET-ECDCA889,2026-05-09,60.66,1.307,77.9,47.9,0
ASSET-ECDCA889,2026-05-10,62.59,1.326,84.4,53.3,0
ASSET-ECDCA889,2026-05-11,66.43,1.364,81.0,55.8,0
ASSET-ECDCA889,2026-05-12,69.22,1.814,78.8,47.5,0
ASSET-ECDCA889,2026-05-13,62.14,1.523,80.9,60.0,0
ASSET-ECDCA889,2026-05-14,65.38,1.458,75.9,56.9,0
ASSET-ECDCA889,2026-05-15,69.7,1.737,76.5,38.1,0
ASSET-ECDCA889,2026-05-16,61.57,1.389,70.6,30.0,0
ASSET-ECDCA889,2026-05-17,61.42,1.729,81.0,48.3,0
ASSET-ECDCA889,2026-05-18,62.47,1.615,79.7,48.1,0
ASSET-ECDCA889,2026-05-19,65.54,1.628,79.2,69.1,0
ASSET-ECDCA889,2026-05-20,64.73,1.706,79.8,64.7,0
ASSET-ECDCA889,2026-05-21,61.56,1.594,74.7,38.3,0
ASSET-ECDCA889,2026-05-22,65.31,1.504,78.7,33.3,0
ASSET-ECDCA889,2026-05-23,62.65,1.236,86.8,49.9,0
ASSET-ECDCA889,2026-05-24,64.74,1.384,75.6,58.3,0
ASSET-ECDCA889,2026-05-25,65.39,1.477,78.3,38.0,0
ASSET-ECDCA889,2026-05-26,64.11,1.101,80.4,52.8,0
ASSET-ECDCA889,2026-05-27,63.86,1.579,80.5,70.5,0
ASSET-ECDCA889,2026-05-28,61.57,1.423,81.3,40.2,0
ASSET-ECDCA889,2026-05-29,63.06,1.421,82.8,26.8,0
ASSET-ECDCA889,2026-05-30,64.65,1.66,74.8,69.9,0
ASSET-ECDCA889,2026-05-31,62.64,1.586,80.0,56.1,0
ASSET-ECDCA889,2026-06-01,64.31,1.557,85.8,56.1,0
ASSET-ECDCA889,2026-06-02,66.89,1.459,75.4,58.9,0
ASSET-ECDCA889,2026-06-03,65.3,1.729,79.1,36.4,0
ASSET-ECDCA889,2026-06-04,68.08,1.599,83.7,71.2,0
ASSET-ECDCA889,2026-06-05,65.25,1.629,77.9,32.3,0
ASSET-ECDCA889,2026-06-06,64.56,1.516,89.7,48.5,0
ASSET-ECDCA889,2026-06-07,62.09,1.838,85.8,61.1,0
ASSET-ECDCA889,2026-06-08,63.47,1.605,78.9,51.4,0
ASSET-ECDCA889,2026-06-09,63.19,1.595,78.2,46.0,0
ASSET-ECDCA889,2026-06-10,61.71,1.374,81.9,59.0,0
ASSET-ECDCA889,2026-06-11,60.91,1.527,66.7,61.0,0
ASSET-ECDCA889,2026-06-12,67.02,1.529,82.4,42.2,0
ASSET-ECDCA889,2026-06-13,64.85,1.369,81.6,42.2,0
ASSET-ECDCA889,2026-06-14,66.37,1.716,78.3,39.3,0
ASSET-ECDCA889,2026-06-15,64.86,1.307,75.4,48.3,0
ASSET-ECDCA889,2026-06-16,65.69,1.552,75.1,51.4,0
ASSET-ECDCA889,2026-06-17,63.27,1.649,76.7,68.1,0
ASSET-ECDCA889,2026-06-18,67.65,1.586,78.2,60.2,0
ASSET-ECDCA889,2026-06-19,62.64,1.682,80.6,53.1,0
ASSET-ECDCA889,2026-06-20,68.37,1.544,92.4,59.7,0
ASSET-ECDCA889,2026-06-21,60.79,1.579,86.5,61.4,0
ASSET-ECDCA889,2026-06-22,64.73,1.107,75.8,39.2,0
ASSET-ECDCA889,2026-06-23,68.08,1.354,85.6,50.5,0
ASSET-ECDCA889,2026-06-24,65.75,1.211,77.8,52.1,0
ASSET-ECDCA889,2026-06-25,64.67,1.295,71.9,56.1,0
ASSET-ECDCA889,2026-06-26,65.78,1.578,72.0,44.6,0
ASSET-ECDCA889,2026-06-27,66.21,1.367,80.4,54.6,0
ASSET-ECDCA889,2026-06-28,68.81,1.469,81.2,53.2,0
ASSET-ECDCA889,2026-06-29,65.26,1.182,81.4,55.9,0
ASSET-ECDCA889,2026-06-30,64.98,1.744,78.6,40.7,0
ASSET-ECDCA889,2026-07-01,64.31,1.743,82.5,54.3,0
ASSET-ECDCA889,2026-07-02,65.64,1.735,80.7,44.6,0
ASSET-ECDCA889,2026-07-03,62.07,1.477,71.8,51.3,0
ASSET-ECDCA889,2026-07-04,63.9,1.696,81.1,55.4,0
ASSET-ECDCA889,2026-07-05,61.48,1.569,79.8,58.6,0
ASSET-ECDCA889,2026-07-06,68.65,1.428,86.9,44.4,0
ASSET-ECDCA889,2026-07-07,65.56,1.84,74.2,35.1,0
ASSET-ECDCA889,2026-07-08,63.27,1.395,84.0,57.7,0
ASSET-ECDCA889,2026-07-09,61.88,1.436,78.2,65.4,0
ASSET-ECDCA889,2026-07-10,67.87,1.583,86.1,48.0,0
ASSET-ECDCA889,2026-07-11,62.99,1.685,74.4,48.7,0
ASSET-ECDCA889,2026-07-12,64.83,1.28,81.3,63.9,0
ASSET-ECDCA889,2026-07-13,67.76,1.32,77.5,51.4,0
ASSET-ECDCA889,2026-07-14,58.89,1.673,73.3,49.6,0
ASSET-ECDCA889,2026-07-15,65.46,1.424,75.1,56.7,0
ASSET-ECDCA889,2026-07-16,67.03,1.33,79.4,27.0,0
ASSET-ECDCA889,2026-07-17,72.29,1.369,80.9,55.2,0
ASSET-ECDCA889,2026-07-18,69.48,1.489,79.5,54.9,0
ASSET-ECDCA889,2026-07-19,62.18,1.498,76.0,74.0,0
ASSET-ECDCA889,2026-07-20,64.92,1.505,66.6,43.5,0
ASSET-ECDCA889,2026-07-21,64.29,1.228,82.6,37.7,0
ASSET-ECDCA889,2026-07-22,63.09,1.753,83.6,42.4,0
ASSET-ECDCA889,2026-07-23,68.72,1.236,80.9,54.2,0
ASSET-ECDCA889,2026-07-24,63.2,1.076,78.5,64.4,0
ASSET-ECDCA889,2026-07-25,63.88,1.274,78.1,62.9,0
ASSET-ECDCA889,2026-07-26,62.35,1.789,86.7,63.8,0
ASSET-ECDCA889,2026-07-27,67.18,1.589,79.5,62.0,0
ASSET-ECDCA889,2026-07-28,65.22,1.652,82.6,65.8,0
ASSET-ECDCA889,2026-07-29,64.72,1.537,88.7,64.4,0
ASSET-ECDCA889,2026-07-30,61.68,1.246,82.3,46.8,0
ASSET-ECDCA889,2026-07-31,63.03,1.645,79.4,44.6,0
ASSET-ECDCA889,2026-08-01,66.87,1.613,83.0,70.8,0
ASSET-ECDCA889,2026-08-02,64.25,1.55,80.4,43.3,0
ASSET-ECDCA889,2026-08-03,68.41,1.423,84.0,50.0,0
ASSET-ECDCA889,2026-08-04,66.39,1.328,80.2,34.9,0
ASSET-ECDCA889,2026-08-05,65.21,1.405,78.6,39.4,0
ASSET-ECDCA889,2026-08-06,66.42,1.387,72.4,61.5,0
ASSET-ECDCA889,2026-08-07,64.8,1.524,83.3,50.2,0
ASSET-ECDCA889,2026-08-08,69.77,1.565,75.5,56.3,0
ASSET-ECDCA889,2026-08-09,60.14,1.485,89.4,32.4,0
ASSET-ECDCA889,2026-08-10,64.85,1.509,89.9,35.1,0
ASSET-ECDCA889,2026-08-11,62.67,1.858,74.5,51.1,0
ASSET-ECDCA889,2026-08-12,65.75,1.499,81.0,38.9,0
ASSET-ECDCA889,2026-08-13,67.53,1.371,82.2,42.5,0
ASSET-ECDCA889,2026-08-14,71.84,1.451,69.8,46.8,0
ASSET-ECDCA889,2026-08-15,67.56,1.409,83.0,37.6,0
ASSET-ECDCA889,2026-08-16,66.65,1.652,88.3,39.2,0
ASSET-ECDCA889,2026-08-17,60.89,1.502,84.3,52.6,0
ASSET-ECDCA889,2026-08-18,66.74,1.747,80.6,52.0,0
ASSET-ECDCA889,2026-08-19,71.4,1.398,84.1,44.1,0
ASSET-ECDCA889,2026-08-20,66.39,1.575,88.3,52.5,0
ASSET-ECDCA889,2026-08-21,62.61,1.799,82.2,50.0,0
ASSET-ECDCA889,2026-08-22,63.75,1.237,77.3,52.6,0
ASSET-ECDCA889,2026-08-23,64.14,1.367,74.0,49.0,0
ASSET-ECDCA889,2026-08-24,61.53,1.638,73.1,41.5,0
ASSET-ECDCA889,2026-08-25,70.23,1.144,77.3,60.0,0
ASSET-ECDCA889,2026-08-26,67.79,1.33,83.4,39.5,0
ASSET-ECDCA889,2026-08-27,67.5,1.491,71.3,43.4,0
ASSET-ECDCA889,2026-08-28,66.47,1.841,72.4,64.9,0
ASSET-ECDCA889,2026-08-29,65.63,1.397,84.8,39.1,0
ASSET-ECDCA889,2026-08-30,62.94,1.572,77.0,36.3,0
ASSET-ECDCA889,2026-08-31,66.5,1.469,79.4,21.9,0
ASSET-ECDCA889,2026-09-01,65.4,1.147,80.4,56.8,0
ASSET-ECDCA889,2026-09-02,62.37,1.651,85.0,62.3,0
ASSET-ECDCA889,2026-09-03,62.42,1.171,83.5,27.8,0
ASSET-ECDCA889,2026-09-04,66.46,1.796,75.4,58.6,0
ASSET-ECDCA889,2026-09-05,67.58,1.324,74.2,47.8,0
ASSET-ECDCA889,2026-09-06,66.43,1.727,80.6,41.7,0
ASSET-ECDCA889,2026-09-07,65.48,1.709,83.4,44.4,0
ASSET-ECDCA889,2026-09-08,63.55,1.243,77.9,62.7,0
ASSET-ECDCA889,2026-09-09,61.81,1.847,77.9,51.5,0
ASSET-ECDCA889,2026-09-10,64.78,1.661,76.9,52.4,0
ASSET-ECDCA889,2026-09-11,62.2,1.365,79.6,52.1,0
ASSET-ECDCA889,2026-09-12,67.24,1.552,80.8,50.0,0
ASSET-ECDCA889,2026-09-13,60.74,1.77,70.9,54.0,0
ASSET-ECDCA889,2026-09-14,67.64,1.413,75.7,48.9,0
ASSET-ECDCA889,2026-09-15,65.92,1.393,80.6,73.1,0
ASSET-0F8BB941,2026-03-20,65.1,1.546,82.5,37.5,0
ASSET-0F8BB941,2026-03-21,59.14,1.834,73.2,49.3,0
ASSET-0F8BB941,2026-03-22,65.86,1.343,78.3,64.0,0
ASSET-0F8BB941,2026-03-23,65.36,1.584,81.9,56.9,0
ASSET-0F8BB941,2026-03-24,67.61,1.34,83.6,36.0,0
ASSET-0F8BB941,2026-03-25,65.61,1.371,73.3,50.0,0
ASSET-0F8BB941,2026-03-26,58.63,1.59,88.9,31.6,0
ASSET-0F8BB941,2026-03-27,64.45,1.467,78.8,51.6,0
ASSET-0F8BB941,2026-03-28,61.95,1.531,86.2,34.8,0
ASSET-0F8BB941,2026-03-29,66.0,1.361,78.5,53.8,0
ASSET-0F8BB941,2026-03-30,67.09,1.325,77.4,46.3,0
ASSET-0F8BB941,2026-03-31,66.06,1.433,72.6,54.9,0
ASSET-0F8BB941,2026-04-01,70.65,1.271,77.1,55.0,0
ASSET-0F8BB941,2026-04-02,70.61,1.389,78.9,68.2,0
ASSET-0F8BB941,2026-04-03,69.45,1.691,68.7,58.6,0
ASSET-0F8BB941,2026-04-04,67.26,1.464,86.7,42.9,0
ASSET-0F8BB941,2026-04-05,65.29,1.679,77.2,55.6,0
ASSET-0F8BB941,2026-04-06,62.83,1.548,75.9,38.5,0
ASSET-0F8BB941,2026-04-07,66.58,1.315,86.7,62.7,0
ASSET-0F8BB941,2026-04-08,67.45,1.687,75.0,60.6,0
ASSET-0F8BB941,2026-04-09,65.61,1.265,82.6,61.8,0
ASSET-0F8BB941,2026-04-10,62.7,1.437,82.0,42.1,0
ASSET-0F8BB941,2026-04-11,63.26,1.471,75.4,52.5,0
ASSET-0F8BB941,2026-04-12,64.32,1.647,73.0,53.7,0
ASSET-0F8BB941,2026-04-13,66.89,1.765,84.1,40.9,0
ASSET-0F8BB941,2026-04-14,60.68,1.652,82.4,45.3,0
ASSET-0F8BB941,2026-04-15,67.77,1.42,70.1,54.1,0
ASSET-0F8BB941,2026-04-16,69.62,1.793,88.9,41.8,0
ASSET-0F8BB941,2026-04-17,64.23,1.059,70.8,34.2,0
ASSET-0F8BB941,2026-04-18,63.57,1.504,80.1,61.9,0
ASSET-0F8BB941,2026-04-19,70.17,1.507,72.4,53.6,0
ASSET-0F8BB941,2026-04-20,62.39,1.572,75.7,53.0,0
ASSET-0F8BB941,2026-04-21,66.28,1.363,80.2,50.4,0
ASSET-0F8BB941,2026-04-22,64.88,1.386,82.8,42.2,0
ASSET-0F8BB941,2026-04-23,64.37,1.636,83.3,44.4,0
ASSET-0F8BB941,2026-04-24,71.2,1.592,74.8,48.8,0
ASSET-0F8BB941,2026-04-25,68.47,1.535,69.2,37.0,0
ASSET-0F8BB941,2026-04-26,62.79,1.561,84.8,52.1,0
ASSET-0F8BB941,2026-04-27,67.53,1.262,86.6,34.9,0
ASSET-0F8BB941,2026-04-28,64.71,1.729,76.8,34.6,0
ASSET-0F8BB941,2026-04-29,65.23,1.625,75.5,74.8,0
ASSET-0F8BB941,2026-04-30,63.73,1.313,84.7,31.5,0
ASSET-0F8BB941,2026-05-01,63.76,1.522,78.7,49.5,0
ASSET-0F8BB941,2026-05-02,67.41,1.383,75.6,45.1,0
ASSET-0F8BB941,2026-05-03,65.37,1.985,80.0,23.4,0
ASSET-0F8BB941,2026-05-04,63.08,1.169,86.8,40.1,0
ASSET-0F8BB941,2026-05-05,56.67,0.839,79.0,69.7,0
ASSET-0F8BB941,2026-05-06,66.65,1.791,82.9,45.1,0
ASSET-0F8BB941,2026-05-07,65.5,1.64,82.3,31.9,0
ASSET-0F8BB941,2026-05-08,67.84,1.781,83.6,45.2,0
ASSET-0F8BB941,2026-05-09,62.42,1.231,80.1,46.9,0
ASSET-0F8BB941,2026-05-10,66.72,1.249,78.7,40.3,0
ASSET-0F8BB941,2026-05-11,63.33,1.983,81.2,63.2,0
ASSET-0F8BB941,2026-05-12,64.15,1.595,90.0,46.2,0
ASSET-0F8BB941,2026-05-13,63.55,1.429,77.0,50.7,0
ASSET-0F8BB941,2026-05-14,64.17,1.376,81.0,51.1,0
ASSET-0F8BB941,2026-05-15,61.54,1.433,87.5,35.9,0
ASSET-0F8BB941,2026-05-16,62.61,1.37,75.1,45.1,0
ASSET-0F8BB941,2026-05-17,65.05,1.562,94.9,52.3,0
ASSET-0F8BB941,2026-05-18,63.7,1.446,77.0,53.7,0
ASSET-0F8BB941,2026-05-19,62.0,1.687,81.2,76.3,0
ASSET-0F8BB941,2026-05-20,61.72,1.39,85.1,44.4,0
ASSET-0F8BB941,2026-05-21,64.58,1.419,77.1,41.2,0
ASSET-0F8BB941,2026-05-22,65.63,1.369,87.6,64.5,0
ASSET-0F8BB941,2026-05-23,64.6,1.907,83.9,50.8,0
ASSET-0F8BB941,2026-05-24,65.14,1.182,77.5,50.4,0
ASSET-0F8BB941,2026-05-25,69.14,1.51,73.9,65.7,0
ASSET-0F8BB941,2026-05-26,66.52,1.713,77.3,51.6,0
ASSET-0F8BB941,2026-05-27,67.56,1.344,77.8,51.1,0
ASSET-0F8BB941,2026-05-28,63.19,1.612,78.0,51.7,0
ASSET-0F8BB941,2026-05-29,63.59,1.705,76.3,57.9,0
ASSET-0F8BB941,2026-05-30,61.53,1.188,91.1,39.0,0
ASSET-0F8BB941,2026-05-31,66.61,1.558,83.2,62.8,0
ASSET-0F8BB941,2026-06-01,62.91,1.33,76.6,49.7,0
ASSET-0F8BB941,2026-06-02,67.92,1.121,82.6,49.1,0
ASSET-0F8BB941,2026-06-03,67.08,1.431,78.9,47.7,0
ASSET-0F8BB941,2026-06-04,67.54,1.647,82.7,50.3,0
ASSET-0F8BB941,2026-06-05,65.24,1.321,77.5,52.2,0
ASSET-0F8BB941,2026-06-06,66.71,1.651,81.1,50.9,0
ASSET-0F8BB941,2026-06-07,65.46,1.53,80.9,55.5,0
ASSET-0F8BB941,2026-06-08,63.13,1.456,82.5,46.9,0
ASSET-0F8BB941,2026-06-09,68.68,1.587,77.0,48.7,0
ASSET-0F8BB941,2026-06-10,67.5,1.275,85.0,46.1,0
ASSET-0F8BB941,2026-06-11,65.91,1.413,83.6,50.9,0
ASSET-0F8BB941,2026-06-12,66.48,1.272,84.3,53.4,0
ASSET-0F8BB941,2026-06-13,64.24,1.69,78.8,58.4,0
ASSET-0F8BB941,2026-06-14,67.29,1.331,79.5,43.8,0
ASSET-0F8BB941,2026-06-15,63.27,1.751,74.9,37.9,0
ASSET-0F8BB941,2026-06-16,60.69,1.44,82.1,68.3,0
ASSET-0F8BB941,2026-06-17,68.04,1.561,83.2,28.5,0
ASSET-0F8BB941,2026-06-18,62.7,1.583,88.4,57.9,0
ASSET-0F8BB941,2026-06-19,65.54,1.714,79.6,58.6,0
ASSET-0F8BB941,2026-06-20,65.79,1.801,80.0,49.7,0
ASSET-0F8BB941,2026-06-21,61.07,1.335,76.1,49.5,0
ASSET-0F8BB941,2026-06-22,68.25,1.251,69.3,44.8,0
ASSET-0F8BB941,2026-06-23,66.92,1.518,84.5,68.8,0
ASSET-0F8BB941,2026-06-24,66.22,1.509,73.7,62.3,0
ASSET-0F8BB941,2026-06-25,65.24,1.541,77.3,39.6,0
ASSET-0F8BB941,2026-06-26,65.22,1.56,80.4,28.2,0
ASSET-0F8BB941,2026-06-27,67.31,1.545,86.9,36.4,0
ASSET-0F8BB941,2026-06-28,65.4,1.709,72.1,38.3,0
ASSET-0F8BB941,2026-06-29,67.55,1.472,84.3,57.5,0
ASSET-0F8BB941,2026-06-30,63.51,1.544,78.7,35.5,0
ASSET-0F8BB941,2026-07-01,69.0,1.394,83.7,49.3,0
ASSET-0F8BB941,2026-07-02,66.8,1.502,83.2,42.7,0
ASSET-0F8BB941,2026-07-03,65.11,1.326,77.3,42.4,0
ASSET-0F8BB941,2026-07-04,63.05,1.661,84.5,59.1,0
ASSET-0F8BB941,2026-07-05,70.53,1.346,77.9,60.1,0
ASSET-0F8BB941,2026-07-06,61.22,1.256,83.4,44.8,0
ASSET-0F8BB941,2026-07-07,63.52,1.738,84.4,44.1,0
ASSET-0F8BB941,2026-07-08,59.16,1.364,84.0,53.7,0
ASSET-0F8BB941,2026-07-09,72.73,1.511,70.5,49.0,0
ASSET-0F8BB941,2026-07-10,68.01,1.241,77.3,31.8,0
ASSET-0F8BB941,2026-07-11,62.52,1.431,84.6,49.3,0
ASSET-0F8BB941,2026-07-12,63.55,1.607,81.1,56.5,0
ASSET-0F8BB941,2026-07-13,65.64,1.968,80.9,26.4,0
ASSET-0F8BB941,2026-07-14,67.29,1.427,81.7,44.0,0
ASSET-0F8BB941,2026-07-15,67.0,1.563,89.3,57.4,0
ASSET-0F8BB941,2026-07-16,62.69,1.275,72.2,53.5,0
ASSET-0F8BB941,2026-07-17,63.6,1.439,76.6,59.7,0
ASSET-0F8BB941,2026-07-18,62.54,1.326,81.4,33.4,0
ASSET-0F8BB941,2026-07-19,67.22,1.442,79.8,51.3,0
ASSET-0F8BB941,2026-07-20,65.11,1.531,84.1,52.6,0
ASSET-0F8BB941,2026-07-21,63.99,1.524,73.8,45.2,0
ASSET-0F8BB941,2026-07-22,66.69,1.438,79.8,40.4,0
ASSET-0F8BB941,2026-07-23,67.71,1.487,80.1,53.9,0
ASSET-0F8BB941,2026-07-24,64.05,1.017,77.1,56.8,0
ASSET-0F8BB941,2026-07-25,71.15,1.454,93.3,39.8,0
ASSET-0F8BB941,2026-07-26,62.42,1.6,78.0,51.5,0
ASSET-0F8BB941,2026-07-27,67.6,1.379,77.0,48.9,0
ASSET-0F8BB941,2026-07-28,76.71,1.475,89.5,56.3,0
ASSET-0F8BB941,2026-07-29,66.41,1.618,88.7,62.6,0
ASSET-0F8BB941,2026-07-30,68.11,1.418,78.6,63.1,0
ASSET-0F8BB941,2026-07-31,62.87,1.328,73.1,46.3,0
ASSET-0F8BB941,2026-08-01,63.97,1.482,81.0,44.9,0
ASSET-0F8BB941,2026-08-02,65.25,1.812,77.1,49.9,0
ASSET-0F8BB941,2026-08-03,65.47,1.745,76.1,44.3,0
ASSET-0F8BB941,2026-08-04,67.72,1.455,83.8,47.1,0
ASSET-0F8BB941,2026-08-05,64.65,1.342,71.6,55.5,0
ASSET-0F8BB941,2026-08-06,66.73,1.752,78.4,52.4,0
ASSET-0F8BB941,2026-08-07,64.6,1.656,88.3,59.6,0
ASSET-0F8BB941,2026-08-08,63.87,1.344,82.1,60.1,0
ASSET-0F8BB941,2026-08-09,64.32,1.095,79.7,43.1,0
ASSET-0F8BB941,2026-08-10,64.68,1.497,76.3,42.3,0
ASSET-0F8BB941,2026-08-11,60.35,1.614,74.1,51.3,0
ASSET-0F8BB941,2026-08-12,65.8,1.56,89.9,56.2,0
ASSET-0F8BB941,2026-08-13,54.75,1.13,83.7,38.1,0
ASSET-0F8BB941,2026-08-14,64.22,1.37,78.4,52.6,0
ASSET-0F8BB941,2026-08-15,63.43,1.499,88.1,43.7,0
ASSET-0F8BB941,2026-08-16,64.43,1.409,82.7,43.5,0
ASSET-0F8BB941,2026-08-17,65.35,1.304,81.9,36.0,0
ASSET-0F8BB941,2026-08-18,63.5,1.577,79.2,46.7,0
ASSET-0F8BB941,2026-08-19,60.79,1.74,82.8,41.3,0
ASSET-0F8BB941,2026-08-20,67.53,1.219,90.4,53.2,0
ASSET-0F8BB941,2026-08-21,62.82,1.325,76.3,73.1,0
ASSET-0F8BB941,2026-08-22,69.15,1.561,83.6,49.1,0
ASSET-0F8BB941,2026-08-23,58.91,1.461,79.7,47.1,0
ASSET-0F8BB941,2026-08-24,59.82,1.47,80.2,49.1,0
ASSET-0F8BB941,2026-08-25,64.56,1.462,82.2,48.0,0
ASSET-0F8BB941,2026-08-26,65.78,1.736,84.5,50.4,0
ASSET-0F8BB941,2026-08-27,63.95,1.512,73.1,44.1,0
ASSET-0F8BB941,2026-08-28,69.99,1.463,79.8,59.3,0
ASSET-0F8BB941,2026-08-29,61.22,1.777,83.1,53.8,0
ASSET-0F8BB941,2026-08-30,70.09,1.751,83.2,44.7,0
ASSET-0F8BB941,2026-08-31,65.52,1.524,77.5,52.5,0
ASSET-0F8BB941,2026-09-01,64.65,1.676,74.3,52.8,0
ASSET-0F8BB941,2026-09-02,63.89,1.335,95.8,45.8,0
ASSET-0F8BB941,2026-09-03,71.86,1.571,75.3,51.9,0
ASSET-0F8BB941,2026-09-04,64.8,1.498,73.8,49.7,0
ASSET-0F8BB941,2026-09-05,66.44,1.792,74.8,39.0,0
ASSET-0F8BB941,2026-09-06,63.05,1.219,85.3,47.2,0
ASSET-0F8BB941,2026-09-07,63.26,1.372,84.6,21.1,0
ASSET-0F8BB941,2026-09-08,68.83,1.451,86.0,46.7,0
ASSET-0F8BB941,2026-09-09,62.96,1.793,82.7,50.8,0
ASSET-0F8BB941,2026-09-10,64.23,1.571,73.1,50.0,0
ASSET-0F8BB941,2026-09-11,63.17,1.65,80.5,60.2,0
ASSET-0F8BB941,2026-09-12,66.61,1.948,82.0,49.9,0
ASSET-0F8BB941,2026-09-13,69.54,1.324,75.6,49.1,0
ASSET-0F8BB941,2026-09-14,64.84,1.278,84.0,51.6,0
ASSET-0F8BB941,2026-09-15,65.36,1.601,79.6,53.8,0
ASSET-C8B94FA2,2026-03-20,63.15,1.107,78.0,50.6,0
ASSET-C8B94FA2,2026-03-21,66.03,1.639,87.0,47.4,0
ASSET-C8B94FA2,2026-03-22,65.82,1.22,85.1,51.0,0
ASSET-C8B94FA2,2026-03-23,65.7,1.666,90.0,51.4,0
ASSET-C8B94FA2,2026-03-24,69.34,1.606,75.8,63.9,0
ASSET-C8B94FA2,2026-03-25,66.48,1.492,81.0,71.1,0
ASSET-C8B94FA2,2026-03-26,61.03,1.701,80.7,81.0,0
ASSET-C8B94FA2,2026-03-27,66.5,1.801,75.0,47.8,0
ASSET-C8B94FA2,2026-03-28,61.96,1.501,84.5,57.5,0
ASSET-C8B94FA2,2026-03-29,62.36,1.667,77.0,66.5,0
ASSET-C8B94FA2,2026-03-30,62.57,1.552,86.0,62.6,0
ASSET-C8B94FA2,2026-03-31,65.95,1.73,82.6,54.6,0
ASSET-C8B94FA2,2026-04-01,66.54,1.097,78.4,56.0,0
ASSET-C8B94FA2,2026-04-02,62.96,1.684,75.5,51.2,0
ASSET-C8B94FA2,2026-04-03,60.37,1.028,67.2,42.5,0
ASSET-C8B94FA2,2026-04-04,64.64,1.618,75.8,51.3,0
ASSET-C8B94FA2,2026-04-05,62.1,1.465,78.1,52.6,0
ASSET-C8B94FA2,2026-04-06,68.23,1.563,86.3,49.1,0
ASSET-C8B94FA2,2026-04-07,61.9,1.334,76.5,69.0,0
ASSET-C8B94FA2,2026-04-08,68.68,1.803,77.8,44.5,0
ASSET-C8B94FA2,2026-04-09,63.98,1.227,84.0,41.2,0
ASSET-C8B94FA2,2026-04-10,68.2,1.507,80.4,59.2,0
ASSET-C8B94FA2,2026-04-11,65.39,1.195,84.4,74.7,0
ASSET-C8B94FA2,2026-04-12,66.73,1.771,78.8,58.7,0
ASSET-C8B94FA2,2026-04-13,63.17,1.67,80.0,23.6,0
ASSET-C8B94FA2,2026-04-14,70.57,1.123,88.7,47.6,0
ASSET-C8B94FA2,2026-04-15,67.12,1.761,77.4,44.0,0
ASSET-C8B94FA2,2026-04-16,63.54,1.582,77.9,63.7,0
ASSET-C8B94FA2,2026-04-17,65.78,1.5,84.3,44.7,0
ASSET-C8B94FA2,2026-04-18,66.05,1.764,80.4,45.6,0
ASSET-C8B94FA2,2026-04-19,68.25,1.783,81.4,45.2,0
ASSET-C8B94FA2,2026-04-20,70.58,1.554,74.9,53.1,0
ASSET-C8B94FA2,2026-04-21,65.29,1.443,81.8,42.5,0
ASSET-C8B94FA2,2026-04-22,67.69,1.576,84.9,61.8,0
ASSET-C8B94FA2,2026-04-23,63.93,1.619,78.9,55.4,0
ASSET-C8B94FA2,2026-04-24,65.59,1.523,78.8,42.7,0
ASSET-C8B94FA2,2026-04-25,61.06,1.429,82.2,40.0,0
ASSET-C8B94FA2,2026-04-26,56.21,1.298,78.7,38.0,0
ASSET-C8B94FA2,2026-04-27,66.98,1.549,79.8,46.6,0
ASSET-C8B94FA2,2026-04-28,69.88,1.522,84.3,40.6,0
ASSET-C8B94FA2,2026-04-29,66.82,1.41,84.2,68.1,0
ASSET-C8B94FA2,2026-04-30,65.79,1.287,80.3,77.7,0
ASSET-C8B94FA2,2026-05-01,69.76,1.398,87.6,46.6,0
ASSET-C8B94FA2,2026-05-02,70.72,1.214,85.9,52.9,0
ASSET-C8B94FA2,2026-05-03,65.21,1.664,80.0,55.3,0
ASSET-C8B94FA2,2026-05-04,63.85,1.406,83.2,43.4,0
ASSET-C8B94FA2,2026-05-05,65.59,1.483,81.5,63.7,0
ASSET-C8B94FA2,2026-05-06,69.47,1.719,83.1,57.9,0
ASSET-C8B94FA2,2026-05-07,66.79,1.354,75.4,37.9,0
ASSET-C8B94FA2,2026-05-08,68.83,1.403,80.1,55.0,0
ASSET-C8B94FA2,2026-05-09,64.7,1.392,78.5,59.5,0
ASSET-C8B94FA2,2026-05-10,58.21,1.856,89.7,31.9,0
ASSET-C8B94FA2,2026-05-11,65.35,1.45,80.8,41.6,0
ASSET-C8B94FA2,2026-05-12,64.79,1.59,86.8,41.1,0
ASSET-C8B94FA2,2026-05-13,68.68,1.652,79.5,57.1,0
ASSET-C8B94FA2,2026-05-14,66.17,1.708,81.9,58.7,0
ASSET-C8B94FA2,2026-05-15,64.45,1.729,84.1,38.9,0
ASSET-C8B94FA2,2026-05-16,62.5,1.667,80.8,49.7,0
ASSET-C8B94FA2,2026-05-17,63.67,1.602,73.7,49.3,0
ASSET-C8B94FA2,2026-05-18,66.03,1.534,82.3,57.6,0
ASSET-C8B94FA2,2026-05-19,69.76,1.625,82.9,64.4,0
ASSET-C8B94FA2,2026-05-20,63.88,1.601,81.9,49.0,0
ASSET-C8B94FA2,2026-05-21,62.9,1.458,80.6,47.5,0
ASSET-C8B94FA2,2026-05-22,66.37,1.704,81.4,33.6,0
ASSET-C8B94FA2,2026-05-23,64.45,1.379,79.9,45.4,0
ASSET-C8B94FA2,2026-05-24,62.65,1.83,81.2,53.0,0
ASSET-C8B94FA2,2026-05-25,64.51,1.548,83.8,69.3,0
ASSET-C8B94FA2,2026-05-26,64.14,1.482,86.7,56.2,0
ASSET-C8B94FA2,2026-05-27,59.49,1.746,72.4,38.6,0
ASSET-C8B94FA2,2026-05-28,67.31,1.77,81.8,51.0,0
ASSET-C8B94FA2,2026-05-29,57.07,1.277,86.7,59.1,0
ASSET-C8B94FA2,2026-05-30,71.35,1.312,72.7,43.1,0
ASSET-C8B94FA2,2026-05-31,62.81,2.001,78.2,50.9,0
ASSET-C8B94FA2,2026-06-01,65.95,1.016,72.4,42.5,0
ASSET-C8B94FA2,2026-06-02,60.17,1.661,71.1,43.3,0
ASSET-C8B94FA2,2026-06-03,66.63,1.456,85.6,54.0,0
ASSET-C8B94FA2,2026-06-04,67.54,1.542,80.1,55.3,0
ASSET-C8B94FA2,2026-06-05,68.17,1.899,76.5,68.1,0
ASSET-C8B94FA2,2026-06-06,65.27,1.667,76.7,56.8,0
ASSET-C8B94FA2,2026-06-07,61.37,1.51,85.0,51.6,0
ASSET-C8B94FA2,2026-06-08,71.07,1.484,78.0,42.4,0
ASSET-C8B94FA2,2026-06-09,66.87,1.718,80.4,58.5,0
ASSET-C8B94FA2,2026-06-10,67.24,1.404,81.0,69.5,0
ASSET-C8B94FA2,2026-06-11,63.82,2.08,86.9,61.8,0
ASSET-C8B94FA2,2026-06-12,63.06,1.656,71.5,36.3,0
ASSET-C8B94FA2,2026-06-13,66.79,1.442,77.7,24.9,0
ASSET-C8B94FA2,2026-06-14,58.14,1.245,76.6,53.5,0
ASSET-C8B94FA2,2026-06-15,65.51,1.288,71.4,53.2,0
ASSET-C8B94FA2,2026-06-16,64.53,1.407,76.1,42.2,0
ASSET-C8B94FA2,2026-06-17,62.99,0.966,86.7,50.3,0
ASSET-C8B94FA2,2026-06-18,69.44,1.376,81.0,72.8,0
ASSET-C8B94FA2,2026-06-19,67.63,1.485,83.9,35.4,0
ASSET-C8B94FA2,2026-06-20,68.47,1.53,84.5,54.6,0
ASSET-C8B94FA2,2026-06-21,63.98,1.136,77.7,45.9,0
ASSET-C8B94FA2,2026-06-22,63.26,1.5,77.5,62.4,0
ASSET-C8B94FA2,2026-06-23,67.59,1.5,78.6,50.5,0
ASSET-C8B94FA2,2026-06-24,64.32,1.627,86.2,47.7,0
ASSET-C8B94FA2,2026-06-25,63.23,1.429,87.4,43.4,0
ASSET-C8B94FA2,2026-06-26,65.44,1.578,80.7,55.0,0
ASSET-C8B94FA2,2026-06-27,61.75,1.657,85.1,56.4,0
ASSET-C8B94FA2,2026-06-28,61.94,1.802,84.4,62.4,0
ASSET-C8B94FA2,2026-06-29,60.96,1.827,77.8,40.5,0
ASSET-C8B94FA2,2026-06-30,65.56,1.423,75.0,39.7,0
ASSET-C8B94FA2,2026-07-01,61.96,1.484,77.8,58.3,0
ASSET-C8B94FA2,2026-07-02,67.79,1.48,74.1,44.3,0
ASSET-C8B94FA2,2026-07-03,69.32,1.543,83.1,52.3,0
ASSET-C8B94FA2,2026-07-04,66.87,1.78,83.3,57.5,0
ASSET-C8B94FA2,2026-07-05,68.96,1.146,78.8,36.1,0
ASSET-C8B94FA2,2026-07-06,61.44,1.285,82.1,62.8,0
ASSET-C8B94FA2,2026-07-07,66.61,1.748,67.2,51.6,0
ASSET-C8B94FA2,2026-07-08,63.29,1.442,80.4,50.0,0
ASSET-C8B94FA2,2026-07-09,70.86,1.678,78.8,31.6,0
ASSET-C8B94FA2,2026-07-10,65.27,0.88,73.9,63.0,0
ASSET-C8B94FA2,2026-07-11,63.24,1.215,80.4,40.0,0
ASSET-C8B94FA2,2026-07-12,65.96,1.463,77.6,58.9,0
ASSET-C8B94FA2,2026-07-13,65.62,1.018,83.3,61.1,0
ASSET-C8B94FA2,2026-07-14,63.86,1.345,84.1,44.0,0
ASSET-C8B94FA2,2026-07-15,73.04,1.941,79.5,52.3,0
ASSET-C8B94FA2,2026-07-16,62.17,1.396,77.9,60.2,0
ASSET-C8B94FA2,2026-07-17,64.21,1.281,80.4,68.1,0
ASSET-C8B94FA2,2026-07-18,65.34,1.491,77.0,42.8,0
ASSET-C8B94FA2,2026-07-19,67.19,1.501,75.5,42.1,0
ASSET-C8B94FA2,2026-07-20,68.5,1.401,77.2,39.4,0
ASSET-C8B94FA2,2026-07-21,64.2,1.218,73.9,50.2,0
ASSET-C8B94FA2,2026-07-22,65.73,1.51,80.8,49.3,0
ASSET-C8B94FA2,2026-07-23,65.81,1.073,78.2,45.0,0
ASSET-C8B94FA2,2026-07-24,64.05,1.544,87.2,56.9,0
ASSET-C8B94FA2,2026-07-25,62.59,1.434,85.7,62.3,0
ASSET-C8B94FA2,2026-07-26,62.11,1.601,83.9,65.7,0
ASSET-C8B94FA2,2026-07-27,70.43,1.553,82.0,22.1,0
ASSET-C8B94FA2,2026-07-28,65.31,1.462,86.0,40.3,0
ASSET-C8B94FA2,2026-07-29,65.55,1.638,82.8,46.8,0
ASSET-C8B94FA2,2026-07-30,68.95,1.267,70.8,53.3,0
ASSET-C8B94FA2,2026-07-31,59.05,1.612,83.5,49.7,0
ASSET-C8B94FA2,2026-08-01,65.22,1.467,75.3,49.5,0
ASSET-C8B94FA2,2026-08-02,62.43,1.333,83.8,61.9,0
ASSET-C8B94FA2,2026-08-03,58.16,1.541,79.7,37.2,0
ASSET-C8B94FA2,2026-08-04,63.93,1.663,76.3,63.2,0
ASSET-C8B94FA2,2026-08-05,62.49,1.528,85.0,34.0,0
ASSET-C8B94FA2,2026-08-06,66.88,1.303,74.1,80.7,0
ASSET-C8B94FA2,2026-08-07,60.68,1.684,82.0,48.2,0
ASSET-C8B94FA2,2026-08-08,64.95,1.377,87.5,48.1,0
ASSET-C8B94FA2,2026-08-09,60.7,1.343,80.2,44.3,0
ASSET-C8B94FA2,2026-08-10,67.35,1.392,82.2,50.5,0
ASSET-C8B94FA2,2026-08-11,63.8,1.681,86.0,50.2,0
ASSET-C8B94FA2,2026-08-12,66.94,1.825,77.9,39.5,0
ASSET-C8B94FA2,2026-08-13,65.02,1.237,74.7,33.2,0
ASSET-C8B94FA2,2026-08-14,63.47,1.226,86.7,80.8,0
ASSET-C8B94FA2,2026-08-15,62.5,1.388,77.6,53.5,0
ASSET-C8B94FA2,2026-08-16,62.34,1.323,79.5,59.3,0
ASSET-C8B94FA2,2026-08-17,67.22,1.927,84.5,48.6,0
ASSET-C8B94FA2,2026-08-18,67.39,1.036,81.3,52.0,0
ASSET-C8B94FA2,2026-08-19,65.43,1.591,86.6,27.7,0
ASSET-C8B94FA2,2026-08-20,71.68,1.425,87.5,62.1,0
ASSET-C8B94FA2,2026-08-21,65.31,1.269,77.6,46.5,0
ASSET-C8B94FA2,2026-08-22,67.44,1.39,80.3,54.9,0
ASSET-C8B94FA2,2026-08-23,62.2,1.262,83.8,60.4,0
ASSET-C8B94FA2,2026-08-24,63.4,1.39,79.1,37.2,0
ASSET-C8B94FA2,2026-08-25,69.11,1.126,76.0,54.1,0
ASSET-C8B94FA2,2026-08-26,67.95,1.8,75.4,48.3,0
ASSET-C8B94FA2,2026-08-27,65.96,1.172,81.7,55.4,0
ASSET-C8B94FA2,2026-08-28,67.42,1.674,90.8,49.4,0
ASSET-C8B94FA2,2026-08-29,64.65,1.59,82.7,56.4,0
ASSET-C8B94FA2,2026-08-30,67.83,1.29,83.3,56.7,0
ASSET-C8B94FA2,2026-08-31,64.97,1.296,87.1,34.7,0
ASSET-C8B94FA2,2026-09-01,66.56,1.287,87.0,48.1,0
ASSET-C8B94FA2,2026-09-02,64.47,1.798,76.0,48.9,0
ASSET-C8B94FA2,2026-09-03,59.37,1.189,78.7,51.5,0
ASSET-C8B94FA2,2026-09-04,63.49,1.455,88.6,35.9,0
ASSET-C8B94FA2,2026-09-05,69.33,1.767,72.8,45.8,0
ASSET-C8B94FA2,2026-09-06,63.53,1.765,83.3,47.2,0
ASSET-C8B94FA2,2026-09-07,64.83,1.319,83.0,61.7,0
ASSET-C8B94FA2,2026-09-08,63.79,1.512,77.9,58.0,0
ASSET-C8B94FA2,2026-09-09,61.89,1.028,91.5,62.7,0
ASSET-C8B94FA2,2026-09-10,63.04,1.179,88.2,45.8,0
ASSET-C8B94FA2,2026-09-11,65.92,1.137,77.5,45.5,0
ASSET-C8B94FA2,2026-09-12,65.99,1.586,80.1,53.8,0
ASSET-C8B94FA2,2026-09-13,69.5,1.333,85.2,59.7,0
ASSET-C8B94FA2,2026-09-14,63.32,1.319,84.6,55.8,0
ASSET-C8B94FA2,2026-09-15,65.66,1.271,77.8,44.9,0
ASSET-36089635,2026-03-20,62.3,1.241,83.2,58.9,0
ASSET-36089635,2026-03-21,65.97,1.617,86.5,54.1,0
ASSET-36089635,2026-03-22,60.44,1.212,72.1,60.2,0
ASSET-36089635,2026-03-23,61.94,1.415,74.7,33.0,0
ASSET-36089635,2026-03-24,64.4,1.423,74.9,37.3,0
ASSET-36089635,2026-03-25,65.68,1.519,84.3,34.6,0
ASSET-36089635,2026-03-26,68.82,1.35,79.0,36.6,0
ASSET-36089635,2026-03-27,68.2,1.567,76.7,57.4,0
ASSET-36089635,2026-03-28,67.55,1.513,82.0,50.6,0
ASSET-36089635,2026-03-29,65.48,1.176,67.2,47.1,0
ASSET-36089635,2026-03-30,61.8,1.621,81.6,67.1,0
ASSET-36089635,2026-03-31,68.79,1.634,76.3,48.1,0
ASSET-36089635,2026-04-01,62.84,1.855,76.9,39.5,0
ASSET-36089635,2026-04-02,60.91,1.579,78.2,29.3,0
ASSET-36089635,2026-04-03,62.0,1.359,76.7,47.5,0
ASSET-36089635,2026-04-04,65.23,1.478,76.2,44.8,0
ASSET-36089635,2026-04-05,63.43,1.856,78.4,40.8,0
ASSET-36089635,2026-04-06,63.7,1.428,83.5,59.5,0
ASSET-36089635,2026-04-07,63.92,1.367,81.2,62.4,0
ASSET-36089635,2026-04-08,68.31,1.214,80.9,58.3,0
ASSET-36089635,2026-04-09,66.9,1.425,83.1,47.9,0
ASSET-36089635,2026-04-10,61.82,1.714,79.8,49.3,0
ASSET-36089635,2026-04-11,60.77,1.312,78.0,52.9,0
ASSET-36089635,2026-04-12,68.06,1.621,76.0,42.4,0
ASSET-36089635,2026-04-13,63.66,1.656,91.3,49.2,0
ASSET-36089635,2026-04-14,69.88,1.517,81.1,65.0,0
ASSET-36089635,2026-04-15,68.68,1.38,80.6,31.4,0
ASSET-36089635,2026-04-16,66.71,1.225,84.1,46.0,0
ASSET-36089635,2026-04-17,63.09,1.198,82.8,68.0,0
ASSET-36089635,2026-04-18,65.91,1.536,72.9,27.3,0
ASSET-36089635,2026-04-19,61.97,1.471,90.3,53.2,0
ASSET-36089635,2026-04-20,66.21,1.35,83.1,37.1,0
ASSET-36089635,2026-04-21,66.03,2.032,80.3,56.6,0
ASSET-36089635,2026-04-22,69.48,1.445,80.9,32.9,0
ASSET-36089635,2026-04-23,63.34,1.504,78.1,59.2,0
ASSET-36089635,2026-04-24,69.51,1.591,82.9,31.5,0
ASSET-36089635,2026-04-25,70.56,1.074,74.0,60.5,0
ASSET-36089635,2026-04-26,66.57,1.099,87.0,49.1,0
ASSET-36089635,2026-04-27,69.74,1.564,84.9,44.1,0
ASSET-36089635,2026-04-28,69.1,1.109,78.4,56.6,0
ASSET-36089635,2026-04-29,64.95,1.495,85.2,49.8,0
ASSET-36089635,2026-04-30,64.38,1.52,81.8,61.3,0
ASSET-36089635,2026-05-01,59.95,1.27,86.7,58.6,0
ASSET-36089635,2026-05-02,64.12,1.29,79.2,46.3,0
ASSET-36089635,2026-05-03,61.22,1.214,73.7,59.7,0
ASSET-36089635,2026-05-04,65.51,1.604,76.0,54.9,0
ASSET-36089635,2026-05-05,59.36,1.46,87.9,34.1,0
ASSET-36089635,2026-05-06,62.82,1.693,79.4,48.4,0
ASSET-36089635,2026-05-07,67.32,1.816,80.3,62.0,0
ASSET-36089635,2026-05-08,64.1,1.492,82.4,43.0,0
ASSET-36089635,2026-05-09,61.81,1.593,74.6,51.7,0
ASSET-36089635,2026-05-10,66.1,1.555,78.2,61.0,0
ASSET-36089635,2026-05-11,63.13,1.516,73.8,45.5,0
ASSET-36089635,2026-05-12,64.53,1.573,78.0,51.4,0
ASSET-36089635,2026-05-13,66.03,1.463,82.7,57.2,0
ASSET-36089635,2026-05-14,66.82,1.814,69.7,47.7,0
ASSET-36089635,2026-05-15,57.76,1.313,78.5,44.7,0
ASSET-36089635,2026-05-16,61.14,1.386,83.2,47.0,0
ASSET-36089635,2026-05-17,66.15,1.744,75.9,45.9,0
ASSET-36089635,2026-05-18,69.02,1.435,87.9,43.7,0
ASSET-36089635,2026-05-19,63.46,1.409,84.4,64.9,0
ASSET-36089635,2026-05-20,69.41,1.673,91.9,45.3,0
ASSET-36089635,2026-05-21,56.53,1.531,78.4,42.5,0
ASSET-36089635,2026-05-22,62.01,1.26,80.4,65.1,0
ASSET-36089635,2026-05-23,62.3,1.375,80.2,66.7,0
ASSET-36089635,2026-05-24,65.78,1.742,87.0,42.5,0
ASSET-36089635,2026-05-25,58.0,1.556,84.4,67.0,0
ASSET-36089635,2026-05-26,64.99,1.779,77.8,54.6,0
ASSET-36089635,2026-05-27,67.58,1.468,78.8,46.5,0
ASSET-36089635,2026-05-28,64.88,1.515,72.5,58.3,0
ASSET-36089635,2026-05-29,67.57,1.32,83.3,42.8,0
ASSET-36089635,2026-05-30,63.55,1.446,78.1,67.9,0
ASSET-36089635,2026-05-31,61.63,1.417,74.3,66.4,0
ASSET-36089635,2026-06-01,68.78,1.417,82.1,28.5,0
ASSET-36089635,2026-06-02,64.88,1.657,83.8,67.9,0
ASSET-36089635,2026-06-03,62.72,1.58,88.7,53.6,0
ASSET-36089635,2026-06-04,62.32,1.348,77.4,40.4,0
ASSET-36089635,2026-06-05,64.42,1.65,85.3,35.4,0
ASSET-36089635,2026-06-06,69.15,1.761,83.0,44.3,0
ASSET-36089635,2026-06-07,65.18,1.68,95.2,49.5,0
ASSET-36089635,2026-06-08,66.26,1.566,77.9,37.6,0
ASSET-36089635,2026-06-09,66.64,1.589,86.2,47.3,0
ASSET-36089635,2026-06-10,73.05,1.631,74.4,55.1,0
ASSET-36089635,2026-06-11,63.63,1.764,82.3,62.3,0
ASSET-36089635,2026-06-12,68.99,1.374,75.6,54.8,0
ASSET-36089635,2026-06-13,65.19,1.086,80.9,53.2,0
ASSET-36089635,2026-06-14,63.5,1.647,82.9,46.2,0
ASSET-36089635,2026-06-15,65.46,1.907,79.6,60.1,0
ASSET-36089635,2026-06-16,66.53,1.419,88.3,64.7,0
ASSET-36089635,2026-06-17,66.45,1.407,75.4,49.5,0
ASSET-36089635,2026-06-18,65.5,1.656,78.9,45.5,0
ASSET-36089635,2026-06-19,64.39,1.451,74.1,46.6,0
ASSET-36089635,2026-06-20,67.76,1.569,81.1,56.8,0
ASSET-36089635,2026-06-21,65.24,1.229,80.2,35.0,0
ASSET-36089635,2026-06-22,61.44,1.489,83.2,45.7,0
ASSET-36089635,2026-06-23,65.53,1.837,73.1,57.6,0
ASSET-36089635,2026-06-24,65.25,1.157,80.5,55.1,0
ASSET-36089635,2026-06-25,62.87,1.69,76.7,37.6,0
ASSET-36089635,2026-06-26,63.44,1.535,85.2,57.1,0
ASSET-36089635,2026-06-27,65.02,1.756,74.7,59.7,0
ASSET-36089635,2026-06-28,63.83,1.297,84.1,41.3,0
ASSET-36089635,2026-06-29,68.3,1.561,81.3,51.1,0
ASSET-36089635,2026-06-30,63.24,1.442,72.5,45.4,0
ASSET-36089635,2026-07-01,67.3,1.523,86.9,50.4,0
ASSET-36089635,2026-07-02,64.74,1.643,84.3,38.7,0
ASSET-36089635,2026-07-03,67.04,1.497,80.8,59.1,0
ASSET-36089635,2026-07-04,66.4,1.104,86.3,47.7,0
ASSET-36089635,2026-07-05,63.49,1.215,77.1,63.1,0
ASSET-36089635,2026-07-06,64.8,1.343,77.1,57.7,0
ASSET-36089635,2026-07-07,64.93,1.066,79.4,58.9,0
ASSET-36089635,2026-07-08,64.98,1.528,73.9,35.2,0
ASSET-36089635,2026-07-09,62.48,1.376,79.0,53.7,0
ASSET-36089635,2026-07-10,67.02,1.517,82.4,63.0,0
ASSET-36089635,2026-07-11,67.56,1.635,82.4,61.7,0
ASSET-36089635,2026-07-12,62.3,1.398,86.1,38.4,0
ASSET-36089635,2026-07-13,61.77,1.598,88.8,39.6,0
ASSET-36089635,2026-07-14,65.65,1.563,85.2,50.0,0
ASSET-36089635,2026-07-15,65.53,1.264,81.1,60.0,0
ASSET-36089635,2026-07-16,61.57,1.481,80.7,43.8,0
ASSET-36089635,2026-07-17,66.87,1.562,74.0,57.2,0
ASSET-36089635,2026-07-18,64.23,1.306,85.6,52.2,0
ASSET-36089635,2026-07-19,66.11,1.385,80.1,39.4,0
ASSET-36089635,2026-07-20,62.57,1.512,76.9,49.5,0
ASSET-36089635,2026-07-21,67.46,1.536,82.1,47.9,0
ASSET-36089635,2026-07-22,57.37,1.782,86.9,57.9,0
ASSET-36089635,2026-07-23,72.52,1.315,78.7,36.7,0
ASSET-36089635,2026-07-24,70.87,1.122,80.5,49.8,0
ASSET-36089635,2026-07-25,67.27,1.209,78.0,31.4,0
ASSET-36089635,2026-07-26,64.78,1.491,77.7,32.4,0
ASSET-36089635,2026-07-27,64.17,1.803,74.0,37.2,0
ASSET-36089635,2026-07-28,61.27,1.817,81.8,60.0,0
ASSET-36089635,2026-07-29,61.32,1.671,77.7,46.4,0
ASSET-36089635,2026-07-30,69.34,1.672,77.6,30.7,0
ASSET-36089635,2026-07-31,64.89,1.648,75.6,42.1,0
ASSET-36089635,2026-08-01,62.07,1.655,68.3,39.0,0
ASSET-36089635,2026-08-02,67.6,1.391,75.4,53.9,0
ASSET-36089635,2026-08-03,66.46,1.518,73.8,31.0,0
ASSET-36089635,2026-08-04,67.74,1.597,79.4,73.9,0
ASSET-36089635,2026-08-05,61.09,1.637,81.4,50.1,0
ASSET-36089635,2026-08-06,68.89,1.621,77.7,48.9,0
ASSET-36089635,2026-08-07,65.68,1.359,82.5,38.6,0
ASSET-36089635,2026-08-08,66.96,1.583,71.2,53.0,0
ASSET-36089635,2026-08-09,63.67,1.359,81.5,37.6,0
ASSET-36089635,2026-08-10,64.01,1.812,80.7,50.7,0
ASSET-36089635,2026-08-11,61.16,0.888,75.1,48.0,0
ASSET-36089635,2026-08-12,66.73,1.439,82.6,54.3,0
ASSET-36089635,2026-08-13,65.16,1.535,86.8,42.5,0
ASSET-36089635,2026-08-14,65.37,1.641,76.8,56.7,0
ASSET-36089635,2026-08-15,68.36,1.655,85.1,43.8,0
ASSET-36089635,2026-08-16,67.38,1.604,79.4,54.8,0
ASSET-36089635,2026-08-17,64.79,1.252,77.6,55.6,0
ASSET-36089635,2026-08-18,65.8,1.168,80.5,48.2,0
ASSET-36089635,2026-08-19,67.76,1.555,84.2,52.9,0
ASSET-36089635,2026-08-20,71.65,1.596,80.7,46.8,0
ASSET-36089635,2026-08-21,69.79,1.623,78.4,59.9,0
ASSET-36089635,2026-08-22,67.11,1.512,71.3,39.5,0
ASSET-36089635,2026-08-23,62.58,1.592,84.7,60.2,0
ASSET-36089635,2026-08-24,62.59,1.27,90.7,53.6,0
ASSET-36089635,2026-08-25,56.34,1.498,75.1,58.0,0
ASSET-36089635,2026-08-26,60.9,1.659,79.9,44.9,0
ASSET-36089635,2026-08-27,68.29,1.353,77.9,47.7,0
ASSET-36089635,2026-08-28,65.27,1.229,84.1,54.7,0
ASSET-36089635,2026-08-29,69.35,1.567,84.9,46.2,0
ASSET-36089635,2026-08-30,61.6,1.341,88.3,34.7,0
ASSET-36089635,2026-08-31,62.15,1.175,75.2,53.5,0
ASSET-36089635,2026-09-01,66.2,1.713,83.5,57.3,0
ASSET-36089635,2026-09-02,60.7,1.246,85.4,57.2,0
ASSET-36089635,2026-09-03,67.68,1.51,79.6,41.8,0
ASSET-36089635,2026-09-04,66.87,1.231,80.0,55.4,0
ASSET-36089635,2026-09-05,64.84,1.482,80.6,55.8,0
ASSET-36089635,2026-09-06,67.59,1.524,83.0,63.1,0
ASSET-36089635,2026-09-07,61.2,1.563,84.9,56.5,0
ASSET-36089635,2026-09-08,61.06,1.519,85.5,54.1,0
ASSET-36089635,2026-09-09,65.1,1.315,79.8,54.2,0
ASSET-36089635,2026-09-10,60.75,1.517,87.6,42.7,0
ASSET-36089635,2026-09-11,65.37,1.383,90.8,48.7,0
ASSET-36089635,2026-09-12,65.3,1.718,73.3,64.3,0
ASSET-36089635,2026-09-13,64.64,1.393,75.2,55.2,0
ASSET-36089635,2026-09-14,61.81,1.361,73.0,50.9,0
ASSET-36089635,2026-09-15,63.54,1.661,89.4,33.0,0
ASSET-06FB6498,2026-03-20,68.04,1.296,82.8,42.0,0
ASSET-06FB6498,2026-03-21,72.34,1.809,78.3,60.2,0
ASSET-06FB6498,2026-03-22,61.57,1.668,72.8,60.6,0
ASSET-06FB6498,2026-03-23,65.72,1.655,73.0,46.8,0
ASSET-06FB6498,2026-03-24,63.51,1.889,79.3,59.8,0
ASSET-06FB6498,2026-03-25,60.59,1.814,81.8,45.9,0
ASSET-06FB6498,2026-03-26,66.16,1.507,79.5,65.3,0
ASSET-06FB6498,2026-03-27,69.65,1.471,82.2,40.3,0
ASSET-06FB6498,2026-03-28,63.1,1.428,77.9,63.4,0
ASSET-06FB6498,2026-03-29,64.08,1.439,77.4,56.6,0
ASSET-06FB6498,2026-03-30,67.73,1.619,82.5,51.0,0
ASSET-06FB6498,2026-03-31,59.57,1.178,83.0,43.0,0
ASSET-06FB6498,2026-04-01,69.05,1.442,85.2,58.6,0
ASSET-06FB6498,2026-04-02,65.47,1.259,71.1,43.8,0
ASSET-06FB6498,2026-04-03,65.58,1.493,87.5,47.3,0
ASSET-06FB6498,2026-04-04,65.21,1.957,82.2,48.6,0
ASSET-06FB6498,2026-04-05,67.41,1.672,72.0,48.1,0
ASSET-06FB6498,2026-04-06,65.81,1.188,78.9,77.0,0
ASSET-06FB6498,2026-04-07,55.67,1.197,78.7,32.6,0
ASSET-06FB6498,2026-04-08,65.35,1.533,78.6,47.1,0
ASSET-06FB6498,2026-04-09,64.12,1.539,77.0,40.2,0
ASSET-06FB6498,2026-04-10,63.37,1.664,82.0,58.7,0
ASSET-06FB6498,2026-04-11,65.49,1.727,75.4,49.7,0
ASSET-06FB6498,2026-04-12,66.7,1.487,75.7,59.5,0
ASSET-06FB6498,2026-04-13,63.03,1.58,82.1,50.2,0
ASSET-06FB6498,2026-04-14,67.05,1.367,78.1,46.9,0
ASSET-06FB6498,2026-04-15,67.86,1.231,72.2,45.0,0
ASSET-06FB6498,2026-04-16,62.01,1.319,83.9,50.8,0
ASSET-06FB6498,2026-04-17,71.47,1.585,75.4,55.0,0
ASSET-06FB6498,2026-04-18,69.07,1.476,76.5,38.8,0
ASSET-06FB6498,2026-04-19,62.23,1.404,81.8,60.1,0
ASSET-06FB6498,2026-04-20,67.23,1.464,77.0,40.4,0
ASSET-06FB6498,2026-04-21,67.34,1.201,81.7,52.6,0
ASSET-06FB6498,2026-04-22,64.08,1.365,84.1,71.3,0
ASSET-06FB6498,2026-04-23,69.01,1.239,89.2,61.8,0
ASSET-06FB6498,2026-04-24,62.8,1.396,94.7,44.4,0
ASSET-06FB6498,2026-04-25,59.92,1.5,67.8,42.4,0
ASSET-06FB6498,2026-04-26,66.68,1.528,76.3,39.4,0
ASSET-06FB6498,2026-04-27,67.55,1.565,80.7,66.4,0
ASSET-06FB6498,2026-04-28,64.15,1.514,81.9,31.1,0
ASSET-06FB6498,2026-04-29,71.16,1.308,81.5,54.8,0
ASSET-06FB6498,2026-04-30,64.61,1.713,83.6,64.7,0
ASSET-06FB6498,2026-05-01,63.93,1.42,85.8,42.3,0
ASSET-06FB6498,2026-05-02,62.89,1.491,77.7,49.0,0
ASSET-06FB6498,2026-05-03,65.04,1.573,87.0,35.1,0
ASSET-06FB6498,2026-05-04,62.04,1.176,83.9,57.6,0
ASSET-06FB6498,2026-05-05,65.1,1.736,83.4,55.7,0
ASSET-06FB6498,2026-05-06,63.8,1.587,84.4,46.5,0
ASSET-06FB6498,2026-05-07,67.19,1.677,80.8,47.8,0
ASSET-06FB6498,2026-05-08,66.18,1.172,79.4,53.0,0
ASSET-06FB6498,2026-05-09,64.92,1.286,89.8,54.7,0
ASSET-06FB6498,2026-05-10,67.47,1.487,87.0,43.0,0
ASSET-06FB6498,2026-05-11,67.06,1.487,77.8,50.9,0
ASSET-06FB6498,2026-05-12,64.25,1.359,84.1,60.5,0
ASSET-06FB6498,2026-05-13,65.87,1.562,84.6,58.0,0
ASSET-06FB6498,2026-05-14,69.38,1.412,76.6,51.0,0
ASSET-06FB6498,2026-05-15,61.46,1.394,88.2,50.1,0
ASSET-06FB6498,2026-05-16,68.41,1.336,80.9,50.1,0
ASSET-06FB6498,2026-05-17,66.54,1.627,76.6,49.0,0
ASSET-06FB6498,2026-05-18,63.28,1.503,86.3,43.4,0
ASSET-06FB6498,2026-05-19,66.04,1.659,75.9,54.0,0
ASSET-06FB6498,2026-05-20,62.31,1.747,79.9,45.7,0
ASSET-06FB6498,2026-05-21,63.64,1.336,76.9,46.2,0
ASSET-06FB6498,2026-05-22,63.81,1.7,79.3,49.0,0
ASSET-06FB6498,2026-05-23,67.97,1.506,82.0,57.6,0
ASSET-06FB6498,2026-05-24,65.64,1.488,70.9,65.3,0
ASSET-06FB6498,2026-05-25,66.9,1.335,83.2,59.6,0
ASSET-06FB6498,2026-05-26,70.6,1.337,78.0,56.1,0
ASSET-06FB6498,2026-05-27,64.29,1.711,77.1,64.3,0
ASSET-06FB6498,2026-05-28,62.85,2.109,78.6,54.9,0
ASSET-06FB6498,2026-05-29,66.0,2.109,88.9,41.4,0
ASSET-06FB6498,2026-05-30,65.01,1.154,76.1,49.8,0
ASSET-06FB6498,2026-05-31,68.5,1.213,79.4,71.1,0
ASSET-06FB6498,2026-06-01,64.48,1.702,73.7,47.8,0
ASSET-06FB6498,2026-06-02,66.94,1.569,75.2,58.6,0
ASSET-06FB6498,2026-06-03,64.57,1.1,86.1,58.8,0
ASSET-06FB6498,2026-06-04,62.85,1.394,86.9,53.9,0
ASSET-06FB6498,2026-06-05,66.15,1.666,79.8,45.2,0
ASSET-06FB6498,2026-06-06,67.04,1.52,83.3,44.9,0
ASSET-06FB6498,2026-06-07,67.2,2.1,73.8,47.2,0
ASSET-06FB6498,2026-06-08,67.84,1.27,81.6,53.4,0
ASSET-06FB6498,2026-06-09,68.12,1.661,78.5,54.1,0
ASSET-06FB6498,2026-06-10,58.61,1.461,71.8,65.5,0
ASSET-06FB6498,2026-06-11,63.64,1.947,79.7,38.1,0
ASSET-06FB6498,2026-06-12,64.37,1.369,78.2,56.7,0
ASSET-06FB6498,2026-06-13,64.72,1.516,77.4,70.0,0
ASSET-06FB6498,2026-06-14,70.11,1.445,88.5,53.5,0
ASSET-06FB6498,2026-06-15,64.2,1.269,81.0,50.7,0
ASSET-06FB6498,2026-06-16,67.06,1.444,84.8,38.9,0
ASSET-06FB6498,2026-06-17,69.28,1.859,81.5,46.8,0
ASSET-06FB6498,2026-06-18,69.65,1.719,80.2,64.8,0
ASSET-06FB6498,2026-06-19,65.29,1.355,77.8,51.3,0
ASSET-06FB6498,2026-06-20,68.53,1.389,83.4,37.7,0
ASSET-06FB6498,2026-06-21,63.45,1.84,85.0,59.5,0
ASSET-06FB6498,2026-06-22,63.27,1.204,79.2,46.8,0
ASSET-06FB6498,2026-06-23,67.53,1.832,80.3,39.7,0
ASSET-06FB6498,2026-06-24,66.37,1.538,82.9,45.0,0
ASSET-06FB6498,2026-06-25,69.89,1.88,79.6,55.7,0
ASSET-06FB6498,2026-06-26,68.96,1.799,88.4,51.4,0
ASSET-06FB6498,2026-06-27,58.41,1.124,86.4,59.6,0
ASSET-06FB6498,2026-06-28,62.47,1.561,76.2,40.7,0
ASSET-06FB6498,2026-06-29,63.14,1.679,74.6,72.7,0
ASSET-06FB6498,2026-06-30,67.79,1.485,73.7,38.6,0
ASSET-06FB6498,2026-07-01,63.93,1.043,81.3,67.2,0
ASSET-06FB6498,2026-07-02,66.16,1.456,80.2,45.1,0
ASSET-06FB6498,2026-07-03,64.77,1.489,82.7,37.8,0
ASSET-06FB6498,2026-07-04,68.1,1.449,78.8,43.5,0
ASSET-06FB6498,2026-07-05,65.18,1.992,72.0,59.1,0
ASSET-06FB6498,2026-07-06,60.85,1.408,80.6,42.1,0
ASSET-06FB6498,2026-07-07,65.26,1.046,72.7,43.7,0
ASSET-06FB6498,2026-07-08,64.14,1.389,77.0,40.0,0
ASSET-06FB6498,2026-07-09,65.28,1.197,73.9,50.5,0
ASSET-06FB6498,2026-07-10,66.85,1.537,81.4,61.0,0
ASSET-06FB6498,2026-07-11,68.29,1.779,75.6,62.0,0
ASSET-06FB6498,2026-07-12,62.5,1.444,77.6,42.9,0
ASSET-06FB6498,2026-07-13,64.42,1.149,82.5,59.2,0
ASSET-06FB6498,2026-07-14,68.15,1.35,82.8,44.4,0
ASSET-06FB6498,2026-07-15,68.87,1.644,78.4,40.7,0
ASSET-06FB6498,2026-07-16,67.12,1.389,75.8,53.5,0
ASSET-06FB6498,2026-07-17,63.81,1.954,83.0,53.7,0
ASSET-06FB6498,2026-07-18,69.55,1.554,76.3,63.5,0
ASSET-06FB6498,2026-07-19,63.78,1.835,84.4,50.2,0
ASSET-06FB6498,2026-07-20,68.51,1.618,83.4,79.6,0
ASSET-06FB6498,2026-07-21,63.65,1.186,74.8,50.9,0
ASSET-06FB6498,2026-07-22,61.72,1.708,84.9,61.5,0
ASSET-06FB6498,2026-07-23,65.45,1.409,73.3,34.4,0
ASSET-06FB6498,2026-07-24,60.1,1.474,78.2,52.4,0
ASSET-06FB6498,2026-07-25,65.38,1.642,78.5,53.7,0
ASSET-06FB6498,2026-07-26,66.26,1.962,86.4,45.4,0
ASSET-06FB6498,2026-07-27,63.52,1.667,81.4,51.8,0
ASSET-06FB6498,2026-07-28,65.18,1.354,72.9,60.0,0
ASSET-06FB6498,2026-07-29,64.94,1.34,88.9,50.7,0
ASSET-06FB6498,2026-07-30,66.3,0.959,86.4,56.6,0
ASSET-06FB6498,2026-07-31,64.12,1.703,79.3,53.8,0
ASSET-06FB6498,2026-08-01,63.07,1.588,85.9,49.2,0
ASSET-06FB6498,2026-08-02,59.21,1.362,79.5,28.5,0
ASSET-06FB6498,2026-08-03,62.28,1.602,81.7,48.6,0
ASSET-06FB6498,2026-08-04,65.8,1.398,80.0,57.1,0
ASSET-06FB6498,2026-08-05,63.78,1.461,71.3,59.5,0
ASSET-06FB6498,2026-08-06,65.01,1.921,87.7,48.3,0
ASSET-06FB6498,2026-08-07,67.59,1.464,87.2,41.3,0
ASSET-06FB6498,2026-08-08,68.4,1.27,79.4,48.5,0
ASSET-06FB6498,2026-08-09,68.59,1.253,78.6,59.9,0
ASSET-06FB6498,2026-08-10,66.98,1.153,80.8,61.1,0
ASSET-06FB6498,2026-08-11,65.67,1.378,81.2,35.7,0
ASSET-06FB6498,2026-08-12,60.72,1.396,73.3,41.1,0
ASSET-06FB6498,2026-08-13,65.56,1.418,88.8,58.7,0
ASSET-06FB6498,2026-08-14,64.95,1.316,79.4,40.5,0
ASSET-06FB6498,2026-08-15,67.83,1.457,74.1,56.7,0
ASSET-06FB6498,2026-08-16,61.51,1.39,80.2,46.9,0
ASSET-06FB6498,2026-08-17,65.72,1.64,78.7,76.4,0
ASSET-06FB6498,2026-08-18,68.51,1.508,74.2,53.5,0
ASSET-06FB6498,2026-08-19,67.25,1.33,87.5,40.4,0
ASSET-06FB6498,2026-08-20,65.37,1.667,79.8,45.9,0
ASSET-06FB6498,2026-08-21,69.38,1.618,78.9,47.9,0
ASSET-06FB6498,2026-08-22,69.36,1.78,80.3,43.7,0
ASSET-06FB6498,2026-08-23,69.88,1.476,83.6,61.9,0
ASSET-06FB6498,2026-08-24,68.38,1.745,77.6,75.9,0
ASSET-06FB6498,2026-08-25,63.46,1.445,76.5,71.0,0
ASSET-06FB6498,2026-08-26,66.33,1.37,76.7,22.3,0
ASSET-06FB6498,2026-08-27,64.12,1.405,95.6,43.7,0
ASSET-06FB6498,2026-08-28,60.56,1.657,82.7,24.7,0
ASSET-06FB6498,2026-08-29,71.15,1.419,74.1,55.8,0
ASSET-06FB6498,2026-08-30,65.91,1.889,84.8,65.3,0
ASSET-06FB6498,2026-08-31,65.29,1.423,79.9,74.4,0
ASSET-06FB6498,2026-09-01,66.5,1.796,86.0,47.7,0
ASSET-06FB6498,2026-09-02,60.83,1.48,78.6,42.3,0
ASSET-06FB6498,2026-09-03,65.07,1.738,86.8,51.4,0
ASSET-06FB6498,2026-09-04,65.36,2.024,82.5,46.2,0
ASSET-06FB6498,2026-09-05,61.76,1.239,78.6,40.3,0
ASSET-06FB6498,2026-09-06,61.37,1.869,74.3,45.1,0
ASSET-06FB6498,2026-09-07,68.01,1.07,83.0,43.3,0
ASSET-06FB6498,2026-09-08,64.89,1.292,78.9,42.5,0
ASSET-06FB6498,2026-09-09,65.44,1.578,69.8,56.6,0
ASSET-06FB6498,2026-09-10,65.55,1.325,80.8,54.6,0
ASSET-06FB6498,2026-09-11,64.89,1.715,84.9,40.0,0
ASSET-06FB6498,2026-09-12,69.09,1.503,75.3,47.0,0
ASSET-06FB6498,2026-09-13,67.67,1.483,86.0,55.7,0
ASSET-06FB6498,2026-09-14,60.44,1.663,79.5,66.1,0
ASSET-06FB6498,2026-09-15,62.52,1.572,76.9,52.1,0
ASSET-9A0AA3DC,2026-03-20,63.68,1.706,75.3,83.5,0
ASSET-9A0AA3DC,2026-03-21,67.09,1.416,79.4,60.8,0
ASSET-9A0AA3DC,2026-03-22,67.39,1.651,84.6,44.7,0
ASSET-9A0AA3DC,2026-03-23,66.99,1.478,83.2,40.0,0
ASSET-9A0AA3DC,2026-03-24,61.61,1.277,74.5,46.7,0
ASSET-9A0AA3DC,2026-03-25,71.03,1.47,77.2,42.0,0
ASSET-9A0AA3DC,2026-03-26,61.54,1.553,86.1,51.2,0
ASSET-9A0AA3DC,2026-03-27,61.08,1.541,79.9,58.4,0
ASSET-9A0AA3DC,2026-03-28,61.54,1.577,73.9,57.3,0
ASSET-9A0AA3DC,2026-03-29,64.31,1.729,88.2,48.5,0
ASSET-9A0AA3DC,2026-03-30,68.6,1.639,75.4,39.4,0
ASSET-9A0AA3DC,2026-03-31,64.0,1.555,85.2,41.2,0
ASSET-9A0AA3DC,2026-04-01,67.62,1.306,68.9,47.6,0
ASSET-9A0AA3DC,2026-04-02,70.94,1.585,84.6,53.8,0
ASSET-9A0AA3DC,2026-04-03,66.84,1.286,76.8,40.5,0
ASSET-9A0AA3DC,2026-04-04,61.12,1.619,81.1,58.6,0
ASSET-9A0AA3DC,2026-04-05,62.63,1.49,82.7,51.4,0
ASSET-9A0AA3DC,2026-04-06,63.49,1.37,75.3,31.7,0
ASSET-9A0AA3DC,2026-04-07,64.48,1.196,76.7,40.4,0
ASSET-9A0AA3DC,2026-04-08,65.4,1.302,80.5,36.1,0
ASSET-9A0AA3DC,2026-04-09,62.94,1.333,76.4,62.3,0
ASSET-9A0AA3DC,2026-04-10,61.47,1.686,83.0,52.4,0
ASSET-9A0AA3DC,2026-04-11,68.16,1.378,79.8,57.7,0
ASSET-9A0AA3DC,2026-04-12,61.15,1.447,84.2,49.8,0
ASSET-9A0AA3DC,2026-04-13,60.62,1.895,77.2,38.6,0
ASSET-9A0AA3DC,2026-04-14,65.29,0.942,73.1,42.5,0
ASSET-9A0AA3DC,2026-04-15,73.49,1.234,79.2,56.1,0
ASSET-9A0AA3DC,2026-04-16,63.26,1.424,78.6,36.3,0
ASSET-9A0AA3DC,2026-04-17,66.15,1.532,82.1,41.4,0
ASSET-9A0AA3DC,2026-04-18,64.06,1.073,80.1,44.4,0
ASSET-9A0AA3DC,2026-04-19,66.47,1.525,85.7,49.2,0
ASSET-9A0AA3DC,2026-04-20,67.98,1.669,88.1,52.8,0
ASSET-9A0AA3DC,2026-04-21,59.95,1.311,85.5,63.9,0
ASSET-9A0AA3DC,2026-04-22,65.13,1.619,82.5,35.1,0
ASSET-9A0AA3DC,2026-04-23,71.33,1.53,85.9,56.4,0
ASSET-9A0AA3DC,2026-04-24,61.05,1.437,74.5,55.6,0
ASSET-9A0AA3DC,2026-04-25,64.4,1.713,78.7,57.8,0
ASSET-9A0AA3DC,2026-04-26,59.35,1.397,80.7,32.3,0
ASSET-9A0AA3DC,2026-04-27,68.84,1.714,79.4,60.2,0
ASSET-9A0AA3DC,2026-04-28,63.98,1.16,82.1,34.8,0
ASSET-9A0AA3DC,2026-04-29,62.48,1.604,81.1,43.8,0
ASSET-9A0AA3DC,2026-04-30,65.53,1.51,82.7,49.4,0
ASSET-9A0AA3DC,2026-05-01,62.74,1.619,76.4,38.9,0
ASSET-9A0AA3DC,2026-05-02,62.72,1.372,66.5,58.0,0
ASSET-9A0AA3DC,2026-05-03,65.3,1.366,82.2,76.0,0
ASSET-9A0AA3DC,2026-05-04,59.9,1.812,79.1,50.1,0
ASSET-9A0AA3DC,2026-05-05,65.34,1.63,78.6,46.6,0
ASSET-9A0AA3DC,2026-05-06,66.46,1.643,78.4,45.4,0
ASSET-9A0AA3DC,2026-05-07,62.31,1.765,77.8,68.9,0
ASSET-9A0AA3DC,2026-05-08,63.88,1.657,74.6,47.5,0
ASSET-9A0AA3DC,2026-05-09,62.75,1.547,82.5,64.3,0
ASSET-9A0AA3DC,2026-05-10,62.19,1.603,78.7,46.1,0
ASSET-9A0AA3DC,2026-05-11,59.97,1.319,72.8,51.8,0
ASSET-9A0AA3DC,2026-05-12,64.03,1.282,85.0,54.7,0
ASSET-9A0AA3DC,2026-05-13,61.97,1.639,82.7,41.9,0
ASSET-9A0AA3DC,2026-05-14,61.62,1.286,82.1,36.4,0
ASSET-9A0AA3DC,2026-05-15,67.44,1.588,90.3,42.7,0
ASSET-9A0AA3DC,2026-05-16,64.0,2.048,78.3,48.6,0
ASSET-9A0AA3DC,2026-05-17,65.59,1.575,73.5,46.7,0
ASSET-9A0AA3DC,2026-05-18,68.33,1.648,84.7,51.3,0
ASSET-9A0AA3DC,2026-05-19,66.5,1.339,70.5,44.8,0
ASSET-9A0AA3DC,2026-05-20,63.63,1.253,81.5,50.1,0
ASSET-9A0AA3DC,2026-05-21,64.15,1.521,74.9,65.6,0
ASSET-9A0AA3DC,2026-05-22,59.71,1.565,87.5,51.6,0
ASSET-9A0AA3DC,2026-05-23,66.74,1.407,84.7,60.2,0
ASSET-9A0AA3DC,2026-05-24,70.64,1.753,76.0,51.5,0
ASSET-9A0AA3DC,2026-05-25,61.59,1.642,82.8,58.5,0
ASSET-9A0AA3DC,2026-05-26,68.84,1.437,80.6,58.3,0
ASSET-9A0AA3DC,2026-05-27,65.53,1.428,83.8,53.6,0
ASSET-9A0AA3DC,2026-05-28,65.96,1.868,73.8,48.8,0
ASSET-9A0AA3DC,2026-05-29,67.22,1.637,79.4,60.2,0
ASSET-9A0AA3DC,2026-05-30,62.85,1.321,83.3,43.7,0
ASSET-9A0AA3DC,2026-05-31,60.9,1.722,74.1,64.1,0
ASSET-9A0AA3DC,2026-06-01,65.62,1.674,83.3,63.1,0
ASSET-9A0AA3DC,2026-06-02,69.84,1.618,72.0,45.1,0
ASSET-9A0AA3DC,2026-06-03,63.26,1.71,82.1,43.5,0
ASSET-9A0AA3DC,2026-06-04,68.4,1.357,74.5,50.7,0
ASSET-9A0AA3DC,2026-06-05,64.01,1.691,80.5,80.3,0
ASSET-9A0AA3DC,2026-06-06,68.26,1.467,88.7,48.5,0
ASSET-9A0AA3DC,2026-06-07,67.32,1.292,75.6,41.5,0
ASSET-9A0AA3DC,2026-06-08,67.56,1.813,80.8,49.6,0
ASSET-9A0AA3DC,2026-06-09,63.81,1.418,82.0,44.0,0
ASSET-9A0AA3DC,2026-06-10,62.4,1.61,84.5,50.1,0
ASSET-9A0AA3DC,2026-06-11,68.32,1.664,82.7,44.1,0
ASSET-9A0AA3DC,2026-06-12,67.26,1.673,76.3,67.2,0
ASSET-9A0AA3DC,2026-06-13,70.34,1.417,76.5,68.8,0
ASSET-9A0AA3DC,2026-06-14,64.96,1.452,78.2,66.1,0
ASSET-9A0AA3DC,2026-06-15,67.47,1.681,91.8,45.0,0
ASSET-9A0AA3DC,2026-06-16,64.96,1.649,82.9,60.1,0
ASSET-9A0AA3DC,2026-06-17,65.27,1.276,83.8,67.8,0
ASSET-9A0AA3DC,2026-06-18,66.35,1.376,80.5,63.4,0
ASSET-9A0AA3DC,2026-06-19,65.67,1.724,78.7,37.9,0
ASSET-9A0AA3DC,2026-06-20,64.96,1.613,78.8,53.2,0
ASSET-9A0AA3DC,2026-06-21,66.03,1.323,85.8,45.1,0
ASSET-9A0AA3DC,2026-06-22,67.59,1.725,82.7,52.9,0
ASSET-9A0AA3DC,2026-06-23,67.05,1.52,74.1,65.5,0
ASSET-9A0AA3DC,2026-06-24,63.43,1.596,83.6,51.4,0
ASSET-9A0AA3DC,2026-06-25,63.37,1.34,86.5,61.4,0
ASSET-9A0AA3DC,2026-06-26,65.03,1.211,77.0,47.9,0
ASSET-9A0AA3DC,2026-06-27,66.84,1.331,79.8,43.5,0
ASSET-9A0AA3DC,2026-06-28,62.73,1.367,78.8,52.0,0
ASSET-9A0AA3DC,2026-06-29,63.35,1.562,82.4,56.7,0
ASSET-9A0AA3DC,2026-06-30,66.12,1.485,72.0,39.0,0
ASSET-9A0AA3DC,2026-07-01,64.18,1.463,84.3,40.0,0
ASSET-9A0AA3DC,2026-07-02,68.42,1.367,79.4,55.5,0
ASSET-9A0AA3DC,2026-07-03,58.49,1.704,80.1,29.5,0
ASSET-9A0AA3DC,2026-07-04,64.66,1.398,78.7,51.1,0
ASSET-9A0AA3DC,2026-07-05,65.68,1.684,77.4,54.0,0
ASSET-9A0AA3DC,2026-07-06,70.15,1.501,78.7,35.3,0
ASSET-9A0AA3DC,2026-07-07,62.27,1.841,79.2,32.0,0
ASSET-9A0AA3DC,2026-07-08,63.21,1.424,81.5,60.2,0
ASSET-9A0AA3DC,2026-07-09,64.75,1.555,73.0,47.5,0
ASSET-9A0AA3DC,2026-07-10,66.81,1.545,69.9,58.7,0
ASSET-9A0AA3DC,2026-07-11,63.98,1.368,85.5,27.6,0
ASSET-9A0AA3DC,2026-07-12,62.17,1.644,79.7,43.7,0
ASSET-9A0AA3DC,2026-07-13,66.82,1.473,77.6,52.2,0
ASSET-9A0AA3DC,2026-07-14,61.21,1.515,75.1,33.3,0
ASSET-9A0AA3DC,2026-07-15,62.7,1.33,75.2,50.5,0
ASSET-9A0AA3DC,2026-07-16,64.69,1.667,79.2,46.8,0
ASSET-9A0AA3DC,2026-07-17,63.47,1.697,79.1,53.3,0
ASSET-9A0AA3DC,2026-07-18,61.0,1.442,78.1,43.8,0
ASSET-9A0AA3DC,2026-07-19,66.8,1.834,78.4,70.0,0
ASSET-9A0AA3DC,2026-07-20,69.54,1.569,86.6,50.7,0
ASSET-9A0AA3DC,2026-07-21,66.28,1.582,86.7,55.7,0
ASSET-9A0AA3DC,2026-07-22,66.33,1.244,85.1,33.5,0
ASSET-9A0AA3DC,2026-07-23,66.72,1.544,75.7,30.6,0
ASSET-9A0AA3DC,2026-07-24,70.44,1.349,85.1,54.3,0
ASSET-9A0AA3DC,2026-07-25,63.45,2.098,83.5,47.4,0
ASSET-9A0AA3DC,2026-07-26,68.18,1.445,81.7,66.2,0
ASSET-9A0AA3DC,2026-07-27,59.8,1.641,80.7,69.2,0
ASSET-9A0AA3DC,2026-07-28,67.35,1.14,77.4,61.2,0
ASSET-9A0AA3DC,2026-07-29,66.7,1.363,85.8,25.4,0
ASSET-9A0AA3DC,2026-07-30,67.03,1.524,84.6,49.6,0
ASSET-9A0AA3DC,2026-07-31,66.65,1.331,84.8,45.1,0
ASSET-9A0AA3DC,2026-08-01,66.32,1.554,76.1,40.9,0
ASSET-9A0AA3DC,2026-08-02,69.44,1.518,73.8,37.6,0
ASSET-9A0AA3DC,2026-08-03,65.51,1.561,91.4,44.6,0
ASSET-9A0AA3DC,2026-08-04,63.59,1.928,89.4,71.7,0
ASSET-9A0AA3DC,2026-08-05,67.79,1.265,80.0,47.8,0
ASSET-9A0AA3DC,2026-08-06,62.06,1.426,76.9,54.4,0
ASSET-9A0AA3DC,2026-08-07,67.62,1.583,77.4,50.4,0
ASSET-9A0AA3DC,2026-08-08,61.54,1.452,84.1,70.4,0
ASSET-9A0AA3DC,2026-08-09,63.31,1.416,80.3,45.4,0
ASSET-9A0AA3DC,2026-08-10,63.54,1.472,85.5,47.5,0
ASSET-9A0AA3DC,2026-08-11,63.66,1.69,84.8,41.5,0
ASSET-9A0AA3DC,2026-08-12,72.7,1.679,78.3,65.8,0
ASSET-9A0AA3DC,2026-08-13,66.53,1.613,78.4,68.8,0
ASSET-9A0AA3DC,2026-08-14,62.77,1.486,89.0,48.0,0
ASSET-9A0AA3DC,2026-08-15,65.82,1.292,81.0,52.4,0
ASSET-9A0AA3DC,2026-08-16,64.22,1.569,83.5,50.0,0
ASSET-9A0AA3DC,2026-08-17,68.02,1.594,83.4,55.7,0
ASSET-9A0AA3DC,2026-08-18,62.12,1.794,80.9,50.2,0
ASSET-9A0AA3DC,2026-08-19,63.83,1.175,75.6,48.4,0
ASSET-9A0AA3DC,2026-08-20,68.93,1.589,81.7,67.2,0
ASSET-9A0AA3DC,2026-08-21,64.21,1.453,77.0,47.8,0
ASSET-9A0AA3DC,2026-08-22,68.78,1.367,67.9,46.8,0
ASSET-9A0AA3DC,2026-08-23,64.36,1.396,77.6,56.1,0
ASSET-9A0AA3DC,2026-08-24,66.14,1.729,73.8,71.0,0
ASSET-9A0AA3DC,2026-08-25,68.96,1.656,78.3,43.8,0
ASSET-9A0AA3DC,2026-08-26,64.61,1.461,75.1,61.0,0
ASSET-9A0AA3DC,2026-08-27,60.95,1.505,80.4,56.4,0
ASSET-9A0AA3DC,2026-08-28,65.41,1.821,75.4,27.1,0
ASSET-9A0AA3DC,2026-08-29,70.0,1.59,86.8,42.8,0
ASSET-9A0AA3DC,2026-08-30,69.98,1.586,78.9,44.9,0
ASSET-9A0AA3DC,2026-08-31,69.08,1.674,77.3,45.4,0
ASSET-9A0AA3DC,2026-09-01,62.04,1.473,86.0,55.0,0
ASSET-9A0AA3DC,2026-09-02,66.48,1.722,72.0,55.1,0
ASSET-9A0AA3DC,2026-09-03,64.75,1.51,80.0,56.7,0
ASSET-9A0AA3DC,2026-09-04,63.73,1.632,82.3,58.6,0
ASSET-9A0AA3DC,2026-09-05,62.48,1.534,79.8,42.2,0
ASSET-9A0AA3DC,2026-09-06,66.95,1.6,74.1,54.0,0
ASSET-9A0AA3DC,2026-09-07,63.27,1.456,87.9,52.9,0
ASSET-9A0AA3DC,2026-09-08,67.44,1.604,78.8,35.1,0
ASSET-9A0AA3DC,2026-09-09,66.31,1.182,77.3,51.7,0
ASSET-9A0AA3DC,2026-09-10,63.66,1.548,78.2,51.1,0
ASSET-9A0AA3DC,2026-09-11,62.19,1.448,77.4,52.5,0
ASSET-9A0AA3DC,2026-09-12,65.53,1.626,72.6,37.9,0
ASSET-9A0AA3DC,2026-09-13,67.9,1.561,79.5,51.7,0
ASSET-9A0AA3DC,2026-09-14,66.2,1.826,79.6,56.0,0
ASSET-9A0AA3DC,2026-09-15,64.73,1.664,85.9,29.7,0
ASSET-BF9793CE,2026-03-20,68.4,1.292,77.9,41.0,0
ASSET-BF9793CE,2026-03-21,67.03,1.738,82.1,44.9,0
ASSET-BF9793CE,2026-03-22,67.96,1.25,79.2,44.2,0
ASSET-BF9793CE,2026-03-23,61.79,1.407,70.8,64.1,0
ASSET-BF9793CE,2026-03-24,65.66,1.782,75.7,52.9,0
ASSET-BF9793CE,2026-03-25,64.45,1.763,76.5,59.2,0
ASSET-BF9793CE,2026-03-26,66.2,1.936,85.4,54.8,0
ASSET-BF9793CE,2026-03-27,63.32,1.876,71.0,43.0,0
ASSET-BF9793CE,2026-03-28,70.13,1.271,87.9,53.1,0
ASSET-BF9793CE,2026-03-29,69.34,1.33,82.5,44.4,0
ASSET-BF9793CE,2026-03-30,63.73,1.431,82.9,53.6,0
ASSET-BF9793CE,2026-03-31,65.58,1.546,76.0,56.0,0
ASSET-BF9793CE,2026-04-01,64.67,1.665,86.9,50.1,0
ASSET-BF9793CE,2026-04-02,67.26,1.211,83.7,48.9,0
ASSET-BF9793CE,2026-04-03,64.85,1.981,82.9,45.2,0
ASSET-BF9793CE,2026-04-04,66.07,1.557,85.6,47.9,0
ASSET-BF9793CE,2026-04-05,66.2,1.695,77.2,30.2,0
ASSET-BF9793CE,2026-04-06,67.42,1.503,70.8,50.3,0
ASSET-BF9793CE,2026-04-07,66.92,1.21,82.0,49.3,0
ASSET-BF9793CE,2026-04-08,64.04,1.196,79.5,45.7,0
ASSET-BF9793CE,2026-04-09,69.46,1.471,70.9,39.0,0
ASSET-BF9793CE,2026-04-10,64.78,1.478,81.6,46.0,0
ASSET-BF9793CE,2026-04-11,65.61,1.578,80.0,18.2,0
ASSET-BF9793CE,2026-04-12,64.67,1.202,70.8,48.4,0
ASSET-BF9793CE,2026-04-13,69.81,1.417,88.5,67.1,0
ASSET-BF9793CE,2026-04-14,64.88,1.583,73.9,39.6,0
ASSET-BF9793CE,2026-04-15,61.01,1.567,80.5,51.5,0
ASSET-BF9793CE,2026-04-16,64.91,1.985,83.5,50.8,0
ASSET-BF9793CE,2026-04-17,61.27,1.724,81.4,50.2,0
ASSET-BF9793CE,2026-04-18,64.43,1.589,87.0,64.8,0
ASSET-BF9793CE,2026-04-19,67.76,1.371,86.2,42.8,0
ASSET-BF9793CE,2026-04-20,62.16,1.476,74.9,64.5,0
ASSET-BF9793CE,2026-04-21,69.44,1.326,81.2,60.3,0
ASSET-BF9793CE,2026-04-22,65.5,1.331,81.2,53.6,0
ASSET-BF9793CE,2026-04-23,63.91,1.44,73.5,77.8,0
ASSET-BF9793CE,2026-04-24,64.07,1.459,80.4,52.4,0
ASSET-BF9793CE,2026-04-25,70.47,1.859,72.8,53.5,0
ASSET-BF9793CE,2026-04-26,66.74,1.63,83.3,46.8,0
ASSET-BF9793CE,2026-04-27,62.44,1.705,69.6,60.9,0
ASSET-BF9793CE,2026-04-28,62.17,1.499,75.2,56.6,0
ASSET-BF9793CE,2026-04-29,62.57,1.533,71.9,46.9,0
ASSET-BF9793CE,2026-04-30,71.81,1.413,77.6,37.0,0
ASSET-BF9793CE,2026-05-01,67.0,1.546,88.8,48.6,0
ASSET-BF9793CE,2026-05-02,65.23,1.965,75.9,58.6,0
ASSET-BF9793CE,2026-05-03,62.07,1.553,81.4,48.9,0
ASSET-BF9793CE,2026-05-04,61.53,1.322,81.0,57.4,0
ASSET-BF9793CE,2026-05-05,60.85,1.265,84.1,59.2,0
ASSET-BF9793CE,2026-05-06,68.24,1.462,91.3,39.5,0
ASSET-BF9793CE,2026-05-07,62.94,1.242,71.3,57.2,0
ASSET-BF9793CE,2026-05-08,71.76,1.704,81.0,38.8,0
ASSET-BF9793CE,2026-05-09,64.62,1.105,73.2,54.5,0
ASSET-BF9793CE,2026-05-10,59.17,1.632,89.9,50.8,0
ASSET-BF9793CE,2026-05-11,69.05,1.585,82.8,37.4,0
ASSET-BF9793CE,2026-05-12,64.81,1.881,79.4,46.6,0
ASSET-BF9793CE,2026-05-13,66.86,1.349,88.8,48.3,0
ASSET-BF9793CE,2026-05-14,66.6,1.477,81.0,57.6,0
ASSET-BF9793CE,2026-05-15,63.31,1.544,78.7,54.3,0
ASSET-BF9793CE,2026-05-16,66.02,1.388,78.4,35.6,0
ASSET-BF9793CE,2026-05-17,61.39,1.381,77.2,54.8,0
ASSET-BF9793CE,2026-05-18,65.49,1.271,77.4,39.3,0
ASSET-BF9793CE,2026-05-19,68.09,1.381,76.9,43.7,0
ASSET-BF9793CE,2026-05-20,66.26,1.36,79.6,43.1,0
ASSET-BF9793CE,2026-05-21,72.23,1.132,84.5,52.2,0
ASSET-BF9793CE,2026-05-22,63.62,1.541,76.0,42.6,0
ASSET-BF9793CE,2026-05-23,64.24,1.811,80.9,49.0,0
ASSET-BF9793CE,2026-05-24,66.4,1.808,80.9,55.5,0
ASSET-BF9793CE,2026-05-25,69.57,1.91,63.4,54.0,0
ASSET-BF9793CE,2026-05-26,69.81,1.451,83.6,40.7,0
ASSET-BF9793CE,2026-05-27,64.95,1.582,89.8,34.5,0
ASSET-BF9793CE,2026-05-28,66.02,1.257,72.0,54.0,0
ASSET-BF9793CE,2026-05-29,68.95,1.361,83.9,62.5,0
ASSET-BF9793CE,2026-05-30,70.79,1.349,72.1,52.5,0
ASSET-BF9793CE,2026-05-31,67.83,1.396,78.1,45.5,0
ASSET-BF9793CE,2026-06-01,67.97,1.488,80.5,60.7,0
ASSET-BF9793CE,2026-06-02,66.83,1.221,82.6,59.2,0
ASSET-BF9793CE,2026-06-03,68.75,1.443,80.9,61.8,0
ASSET-BF9793CE,2026-06-04,64.59,1.34,79.6,55.9,0
ASSET-BF9793CE,2026-06-05,64.5,1.263,76.8,46.1,0
ASSET-BF9793CE,2026-06-06,67.66,1.201,77.6,45.9,0
ASSET-BF9793CE,2026-06-07,60.97,1.26,84.0,44.1,0
ASSET-BF9793CE,2026-06-08,67.86,1.501,81.6,35.1,0
ASSET-BF9793CE,2026-06-09,67.66,1.77,80.2,39.7,0
ASSET-BF9793CE,2026-06-10,71.4,1.337,82.6,56.6,0
ASSET-BF9793CE,2026-06-11,67.14,1.588,70.5,56.3,0
ASSET-BF9793CE,2026-06-12,66.95,1.359,81.4,42.6,0
ASSET-BF9793CE,2026-06-13,65.56,1.31,78.2,43.3,0
ASSET-BF9793CE,2026-06-14,62.15,1.746,84.7,44.9,0
ASSET-BF9793CE,2026-06-15,63.96,1.522,74.9,44.1,0
ASSET-BF9793CE,2026-06-16,72.37,1.531,82.7,42.2,0
ASSET-BF9793CE,2026-06-17,66.67,1.33,85.0,56.0,0
ASSET-BF9793CE,2026-06-18,62.33,1.421,75.1,45.2,0
ASSET-BF9793CE,2026-06-19,69.51,1.429,68.5,40.4,0
ASSET-BF9793CE,2026-06-20,64.15,2.044,75.5,44.3,0
ASSET-BF9793CE,2026-06-21,61.67,1.514,79.0,45.7,0
ASSET-BF9793CE,2026-06-22,65.5,1.578,77.0,49.8,0
ASSET-BF9793CE,2026-06-23,68.14,1.591,80.8,74.2,0
ASSET-BF9793CE,2026-06-24,65.23,1.662,69.1,28.8,0
ASSET-BF9793CE,2026-06-25,66.31,1.23,75.6,40.0,0
ASSET-BF9793CE,2026-06-26,70.23,1.054,84.9,42.0,0
ASSET-BF9793CE,2026-06-27,64.75,1.682,78.8,32.3,0
ASSET-BF9793CE,2026-06-28,65.82,2.084,80.8,51.5,0
ASSET-BF9793CE,2026-06-29,66.57,1.45,78.6,42.2,0
ASSET-BF9793CE,2026-06-30,62.81,1.261,83.8,44.5,0
ASSET-BF9793CE,2026-07-01,63.81,1.311,76.2,54.7,0
ASSET-BF9793CE,2026-07-02,65.8,1.668,68.5,48.7,0
ASSET-BF9793CE,2026-07-03,64.28,1.286,83.8,40.0,0
ASSET-BF9793CE,2026-07-04,67.24,1.636,76.2,47.4,0
ASSET-BF9793CE,2026-07-05,65.14,1.759,84.1,31.4,0
ASSET-BF9793CE,2026-07-06,69.99,1.602,78.3,46.1,0
ASSET-BF9793CE,2026-07-07,61.68,1.796,81.3,45.3,0
ASSET-BF9793CE,2026-07-08,61.16,1.506,83.7,22.5,0
ASSET-BF9793CE,2026-07-09,66.71,1.426,76.7,42.4,0
ASSET-BF9793CE,2026-07-10,65.0,1.539,75.6,47.4,0
ASSET-BF9793CE,2026-07-11,65.9,1.205,78.5,76.4,0
ASSET-BF9793CE,2026-07-12,70.65,1.57,91.3,28.2,0
ASSET-BF9793CE,2026-07-13,66.7,1.459,87.2,44.2,0
ASSET-BF9793CE,2026-07-14,60.57,1.759,72.6,65.7,0
ASSET-BF9793CE,2026-07-15,64.88,1.532,75.3,48.8,0
ASSET-BF9793CE,2026-07-16,60.22,1.614,83.0,63.8,0
ASSET-BF9793CE,2026-07-17,69.65,1.293,91.9,66.7,0
ASSET-BF9793CE,2026-07-18,64.34,1.382,78.5,59.7,0
ASSET-BF9793CE,2026-07-19,59.69,1.251,70.3,43.7,0
ASSET-BF9793CE,2026-07-20,69.42,1.664,85.9,56.8,0
ASSET-BF9793CE,2026-07-21,63.73,1.281,80.9,50.1,0
ASSET-BF9793CE,2026-07-22,69.67,1.506,84.8,56.6,0
ASSET-BF9793CE,2026-07-23,65.89,1.466,81.1,57.5,0
ASSET-BF9793CE,2026-07-24,69.68,1.687,74.0,59.1,0
ASSET-BF9793CE,2026-07-25,60.54,1.445,71.3,68.6,0
ASSET-BF9793CE,2026-07-26,61.71,1.636,77.8,53.6,0
ASSET-BF9793CE,2026-07-27,63.64,1.734,72.2,32.7,0
ASSET-BF9793CE,2026-07-28,65.87,1.213,75.7,57.1,0
ASSET-BF9793CE,2026-07-29,65.15,1.501,90.2,66.4,0
ASSET-BF9793CE,2026-07-30,63.03,1.293,80.2,46.2,0
ASSET-BF9793CE,2026-07-31,70.0,1.117,74.9,71.9,0
ASSET-BF9793CE,2026-08-01,64.23,1.354,85.3,56.3,0
ASSET-BF9793CE,2026-08-02,62.14,1.147,79.8,48.0,0
ASSET-BF9793CE,2026-08-03,62.9,1.484,87.3,52.6,0
ASSET-BF9793CE,2026-08-04,66.06,1.624,89.2,56.9,0
ASSET-BF9793CE,2026-08-05,69.34,0.997,79.7,56.7,0
ASSET-BF9793CE,2026-08-06,64.25,1.815,69.1,56.3,0
ASSET-BF9793CE,2026-08-07,65.65,1.548,78.3,47.9,0
ASSET-BF9793CE,2026-08-08,66.52,1.59,82.4,45.5,0
ASSET-BF9793CE,2026-08-09,62.71,1.358,75.4,49.9,0
ASSET-BF9793CE,2026-08-10,65.92,1.393,78.6,65.5,0
ASSET-BF9793CE,2026-08-11,75.34,1.501,75.2,67.1,0
ASSET-BF9793CE,2026-08-12,63.6,1.496,73.8,35.0,0
ASSET-BF9793CE,2026-08-13,70.47,1.55,81.1,41.6,0
ASSET-BF9793CE,2026-08-14,65.29,1.48,72.4,27.7,0
ASSET-BF9793CE,2026-08-15,62.14,1.261,79.4,48.7,0
ASSET-BF9793CE,2026-08-16,64.61,1.682,76.1,43.6,0
ASSET-BF9793CE,2026-08-17,68.79,1.309,84.6,59.4,0
ASSET-BF9793CE,2026-08-18,72.51,1.569,71.7,61.9,0
ASSET-BF9793CE,2026-08-19,70.48,1.881,83.6,52.6,0
ASSET-BF9793CE,2026-08-20,66.37,1.684,90.3,72.4,0
ASSET-BF9793CE,2026-08-21,69.5,1.948,77.5,65.7,0
ASSET-BF9793CE,2026-08-22,70.19,2.531,69.9,90.8,0
ASSET-BF9793CE,2026-08-23,70.58,2.159,73.0,90.3,0
ASSET-BF9793CE,2026-08-24,69.76,2.456,76.1,81.7,0
ASSET-BF9793CE,2026-08-25,71.05,2.611,71.1,123.3,0
ASSET-BF9793CE,2026-08-26,78.29,2.464,69.7,102.3,0
ASSET-BF9793CE,2026-08-27,74.06,2.964,74.8,112.3,0
ASSET-BF9793CE,2026-08-28,72.25,2.27,64.4,124.0,0
ASSET-BF9793CE,2026-08-29,79.43,3.164,69.3,113.0,0
ASSET-BF9793CE,2026-08-30,76.26,2.785,72.7,128.0,0
ASSET-BF9793CE,2026-08-31,80.24,3.338,76.7,138.9,0
ASSET-BF9793CE,2026-09-01,78.64,3.39,66.0,127.8,0
ASSET-BF9793CE,2026-09-02,75.24,3.406,61.9,134.3,0
ASSET-BF9793CE,2026-09-03,78.08,3.067,49.5,150.9,0
ASSET-BF9793CE,2026-09-04,78.73,3.952,57.8,136.6,0
ASSET-BF9793CE,2026-09-05,81.89,4.271,63.4,159.0,0
ASSET-BF9793CE,2026-09-06,82.78,3.53,60.4,181.0,0
ASSET-BF9793CE,2026-09-07,86.38,3.713,67.6,204.0,0
ASSET-BF9793CE,2026-09-08,83.79,4.128,56.8,191.1,0
ASSET-BF9793CE,2026-09-09,83.11,4.506,56.1,223.1,0
ASSET-BF9793CE,2026-09-10,80.89,4.293,66.8,233.2,0
ASSET-BF9793CE,2026-09-11,86.04,4.636,52.1,236.4,0
ASSET-BF9793CE,2026-09-12,91.65,3.962,50.7,232.1,0
ASSET-BF9793CE,2026-09-13,85.19,5.242,51.3,267.3,0
ASSET-BF9793CE,2026-09-14,89.85,3.521,47.8,238.6,0
ASSET-BF9793CE,2026-09-15,92.24,4.57,66.4,211.0,1
ASSET-6F1E5C7D,2026-03-20,61.01,1.428,93.8,41.5,0
ASSET-6F1E5C7D,2026-03-21,64.63,1.382,82.0,57.4,0
ASSET-6F1E5C7D,2026-03-22,66.58,1.224,87.0,52.4,0
ASSET-6F1E5C7D,2026-03-23,68.28,1.647,75.0,30.0,0
ASSET-6F1E5C7D,2026-03-24,69.46,1.485,77.4,44.9,0
ASSET-6F1E5C7D,2026-03-25,66.59,1.412,85.5,36.8,0
ASSET-6F1E5C7D,2026-03-26,62.14,1.501,78.6,51.8,0
ASSET-6F1E5C7D,2026-03-27,61.84,1.647,78.2,56.7,0
ASSET-6F1E5C7D,2026-03-28,67.81,1.535,86.5,49.4,0
ASSET-6F1E5C7D,2026-03-29,68.48,1.406,86.4,56.5,0
ASSET-6F1E5C7D,2026-03-30,62.14,1.79,74.8,37.0,0
ASSET-6F1E5C7D,2026-03-31,61.42,1.871,75.1,52.5,0
ASSET-6F1E5C7D,2026-04-01,69.27,1.389,81.6,43.4,0
ASSET-6F1E5C7D,2026-04-02,61.82,1.51,77.0,62.6,0
ASSET-6F1E5C7D,2026-04-03,66.7,1.442,81.5,62.8,0
ASSET-6F1E5C7D,2026-04-04,63.94,1.825,80.8,46.6,0
ASSET-6F1E5C7D,2026-04-05,67.63,1.466,92.3,47.5,0
ASSET-6F1E5C7D,2026-04-06,65.17,1.683,74.2,64.1,0
ASSET-6F1E5C7D,2026-04-07,61.87,1.578,82.8,66.5,0
ASSET-6F1E5C7D,2026-04-08,66.52,1.473,81.6,50.3,0
ASSET-6F1E5C7D,2026-04-09,62.19,1.532,74.2,52.2,0
ASSET-6F1E5C7D,2026-04-10,65.77,1.33,80.8,42.8,0
ASSET-6F1E5C7D,2026-04-11,61.14,1.251,83.6,48.8,0
ASSET-6F1E5C7D,2026-04-12,63.81,1.312,70.7,46.9,0
ASSET-6F1E5C7D,2026-04-13,67.78,1.505,74.8,55.2,0
ASSET-6F1E5C7D,2026-04-14,63.39,1.42,75.9,49.3,0
ASSET-6F1E5C7D,2026-04-15,58.43,1.587,87.1,38.6,0
ASSET-6F1E5C7D,2026-04-16,63.2,1.341,74.9,46.0,0
ASSET-6F1E5C7D,2026-04-17,60.29,1.326,76.5,53.9,0
ASSET-6F1E5C7D,2026-04-18,72.19,1.46,85.5,44.7,0
ASSET-6F1E5C7D,2026-04-19,57.78,1.511,85.4,54.6,0
ASSET-6F1E5C7D,2026-04-20,61.7,1.546,90.1,49.4,0
ASSET-6F1E5C7D,2026-04-21,64.77,1.421,84.2,42.3,0
ASSET-6F1E5C7D,2026-04-22,66.5,1.312,73.8,37.6,0
ASSET-6F1E5C7D,2026-04-23,64.2,1.684,90.1,53.6,0
ASSET-6F1E5C7D,2026-04-24,63.59,1.198,80.6,35.3,0
ASSET-6F1E5C7D,2026-04-25,65.94,1.753,68.6,55.9,0
ASSET-6F1E5C7D,2026-04-26,65.03,1.66,81.1,51.8,0
ASSET-6F1E5C7D,2026-04-27,68.41,1.468,70.1,58.6,0
ASSET-6F1E5C7D,2026-04-28,66.05,1.347,78.5,49.6,0
ASSET-6F1E5C7D,2026-04-29,69.05,1.309,80.1,49.5,0
ASSET-6F1E5C7D,2026-04-30,71.25,1.388,80.9,57.3,0
ASSET-6F1E5C7D,2026-05-01,67.23,1.443,74.4,47.3,0
ASSET-6F1E5C7D,2026-05-02,66.1,1.556,88.4,51.5,0
ASSET-6F1E5C7D,2026-05-03,61.24,1.548,74.6,60.9,0
ASSET-6F1E5C7D,2026-05-04,64.76,1.588,90.7,47.1,0
ASSET-6F1E5C7D,2026-05-05,72.46,1.2,77.8,63.0,0
ASSET-6F1E5C7D,2026-05-06,62.17,1.653,88.5,46.0,0
ASSET-6F1E5C7D,2026-05-07,62.23,1.364,82.1,42.2,0
ASSET-6F1E5C7D,2026-05-08,69.09,1.298,82.8,48.0,0
ASSET-6F1E5C7D,2026-05-09,66.2,1.601,76.2,58.8,0
ASSET-6F1E5C7D,2026-05-10,68.72,1.557,71.6,50.7,0
ASSET-6F1E5C7D,2026-05-11,63.01,1.885,75.9,45.4,0
ASSET-6F1E5C7D,2026-05-12,61.96,1.633,83.1,59.6,0
ASSET-6F1E5C7D,2026-05-13,62.7,1.598,68.2,61.6,0
ASSET-6F1E5C7D,2026-05-14,64.17,1.44,85.6,51.8,0
ASSET-6F1E5C7D,2026-05-15,63.98,1.605,82.7,46.7,0
ASSET-6F1E5C7D,2026-05-16,72.57,1.298,83.8,44.7,0
ASSET-6F1E5C7D,2026-05-17,64.23,1.604,89.5,44.9,0
ASSET-6F1E5C7D,2026-05-18,65.64,2.028,75.2,49.0,0
ASSET-6F1E5C7D,2026-05-19,61.12,1.349,89.6,47.7,0
ASSET-6F1E5C7D,2026-05-20,63.49,1.643,77.0,30.1,0
ASSET-6F1E5C7D,2026-05-21,69.4,1.445,72.9,37.9,0
ASSET-6F1E5C7D,2026-05-22,63.09,1.421,81.8,53.8,0
ASSET-6F1E5C7D,2026-05-23,62.98,1.21,81.9,48.1,0
ASSET-6F1E5C7D,2026-05-24,63.53,1.725,83.9,52.0,0
ASSET-6F1E5C7D,2026-05-25,64.45,1.679,80.5,46.9,0
ASSET-6F1E5C7D,2026-05-26,64.48,1.075,82.7,45.0,0
ASSET-6F1E5C7D,2026-05-27,63.03,1.463,81.7,40.5,0
ASSET-6F1E5C7D,2026-05-28,62.15,1.344,75.0,31.0,0
ASSET-6F1E5C7D,2026-05-29,61.7,1.55,87.1,53.3,0
ASSET-6F1E5C7D,2026-05-30,70.99,1.23,74.3,44.9,0
ASSET-6F1E5C7D,2026-05-31,65.61,1.283,76.5,72.2,0
ASSET-6F1E5C7D,2026-06-01,63.89,1.34,79.1,43.9,0
ASSET-6F1E5C7D,2026-06-02,61.6,1.728,82.0,80.9,0
ASSET-6F1E5C7D,2026-06-03,65.01,1.345,87.5,51.8,0
ASSET-6F1E5C7D,2026-06-04,66.34,1.401,81.6,46.4,0
ASSET-6F1E5C7D,2026-06-05,61.4,1.62,80.8,59.9,0
ASSET-6F1E5C7D,2026-06-06,62.61,1.06,79.5,42.9,0
ASSET-6F1E5C7D,2026-06-07,64.72,0.846,75.9,47.7,0
ASSET-6F1E5C7D,2026-06-08,65.2,1.609,90.5,49.9,0
ASSET-6F1E5C7D,2026-06-09,71.65,1.515,71.5,51.3,0
ASSET-6F1E5C7D,2026-06-10,67.52,1.645,67.5,43.8,0
ASSET-6F1E5C7D,2026-06-11,63.98,1.54,82.1,56.7,0
ASSET-6F1E5C7D,2026-06-12,66.02,1.887,77.9,37.6,0
ASSET-6F1E5C7D,2026-06-13,65.46,1.525,76.4,47.7,0
ASSET-6F1E5C7D,2026-06-14,66.14,1.244,70.3,45.7,0
ASSET-6F1E5C7D,2026-06-15,67.01,1.341,76.0,62.0,0
ASSET-6F1E5C7D,2026-06-16,62.42,1.824,82.6,62.6,0
ASSET-6F1E5C7D,2026-06-17,64.32,1.513,74.7,46.5,0
ASSET-6F1E5C7D,2026-06-18,73.63,1.7,82.6,57.5,0
ASSET-6F1E5C7D,2026-06-19,64.39,1.539,83.0,62.7,0
ASSET-6F1E5C7D,2026-06-20,61.99,1.545,81.7,42.3,0
ASSET-6F1E5C7D,2026-06-21,60.71,1.255,77.7,53.8,0
ASSET-6F1E5C7D,2026-06-22,73.11,1.31,72.1,59.6,0
ASSET-6F1E5C7D,2026-06-23,60.68,1.543,85.2,44.4,0
ASSET-6F1E5C7D,2026-06-24,64.16,1.326,79.1,52.0,0
ASSET-6F1E5C7D,2026-06-25,58.49,1.29,81.5,57.1,0
ASSET-6F1E5C7D,2026-06-26,66.15,1.662,82.1,41.5,0
ASSET-6F1E5C7D,2026-06-27,64.22,1.833,81.0,52.0,0
ASSET-6F1E5C7D,2026-06-28,66.46,1.277,73.1,58.7,0
ASSET-6F1E5C7D,2026-06-29,61.42,1.454,86.1,52.4,0
ASSET-6F1E5C7D,2026-06-30,66.84,1.73,75.6,72.1,0
ASSET-6F1E5C7D,2026-07-01,64.3,1.374,81.2,31.7,0
ASSET-6F1E5C7D,2026-07-02,61.49,1.191,76.9,41.1,0
ASSET-6F1E5C7D,2026-07-03,58.27,1.562,82.2,54.6,0
ASSET-6F1E5C7D,2026-07-04,62.88,1.414,76.7,58.3,0
ASSET-6F1E5C7D,2026-07-05,67.93,1.752,83.1,43.2,0
ASSET-6F1E5C7D,2026-07-06,62.79,1.501,80.3,51.1,0
ASSET-6F1E5C7D,2026-07-07,61.21,1.775,78.7,55.3,0
ASSET-6F1E5C7D,2026-07-08,64.89,1.763,88.7,37.6,0
ASSET-6F1E5C7D,2026-07-09,64.83,1.754,78.2,55.4,0
ASSET-6F1E5C7D,2026-07-10,67.57,1.642,80.2,39.7,0
ASSET-6F1E5C7D,2026-07-11,63.57,1.547,79.7,48.2,0
ASSET-6F1E5C7D,2026-07-12,66.87,1.574,77.4,51.7,0
ASSET-6F1E5C7D,2026-07-13,59.42,1.626,77.5,44.0,0
ASSET-6F1E5C7D,2026-07-14,62.5,1.608,78.4,55.8,0
ASSET-6F1E5C7D,2026-07-15,56.11,1.864,80.7,51.5,0
ASSET-6F1E5C7D,2026-07-16,63.95,1.685,84.8,47.8,0
ASSET-6F1E5C7D,2026-07-17,67.85,1.267,81.0,59.9,0
ASSET-6F1E5C7D,2026-07-18,64.75,1.45,86.3,48.4,0
ASSET-6F1E5C7D,2026-07-19,64.62,1.378,78.6,39.4,0
ASSET-6F1E5C7D,2026-07-20,65.38,1.601,79.4,48.3,0
ASSET-6F1E5C7D,2026-07-21,69.58,1.494,73.7,42.3,0
ASSET-6F1E5C7D,2026-07-22,63.21,1.537,84.4,57.0,0
ASSET-6F1E5C7D,2026-07-23,62.15,1.424,79.1,43.6,0
ASSET-6F1E5C7D,2026-07-24,63.45,1.732,75.3,41.7,0
ASSET-6F1E5C7D,2026-07-25,72.75,1.548,77.1,55.6,0
ASSET-6F1E5C7D,2026-07-26,66.57,1.588,77.9,46.4,0
ASSET-6F1E5C7D,2026-07-27,65.0,1.368,72.0,40.4,0
ASSET-6F1E5C7D,2026-07-28,63.81,1.343,74.5,58.8,0
ASSET-6F1E5C7D,2026-07-29,62.4,1.546,75.4,52.9,0
ASSET-6F1E5C7D,2026-07-30,66.11,1.207,72.6,38.0,0
ASSET-6F1E5C7D,2026-07-31,58.95,1.473,80.8,59.0,0
ASSET-6F1E5C7D,2026-08-01,65.13,1.616,73.3,66.2,0
ASSET-6F1E5C7D,2026-08-02,67.23,1.101,80.1,48.4,0
ASSET-6F1E5C7D,2026-08-03,66.67,1.481,82.8,55.9,0
ASSET-6F1E5C7D,2026-08-04,64.83,1.379,84.3,59.8,0
ASSET-6F1E5C7D,2026-08-05,63.76,1.742,72.3,62.3,0
ASSET-6F1E5C7D,2026-08-06,66.01,1.398,88.5,56.0,0
ASSET-6F1E5C7D,2026-08-07,59.76,1.031,83.9,72.5,0
ASSET-6F1E5C7D,2026-08-08,62.08,1.219,79.9,40.9,0
ASSET-6F1E5C7D,2026-08-09,71.64,1.692,82.0,60.6,0
ASSET-6F1E5C7D,2026-08-10,66.31,1.411,91.9,62.2,0
ASSET-6F1E5C7D,2026-08-11,62.31,1.687,72.2,49.8,0
ASSET-6F1E5C7D,2026-08-12,62.97,1.358,82.5,44.9,0
ASSET-6F1E5C7D,2026-08-13,62.22,1.369,78.3,45.2,0
ASSET-6F1E5C7D,2026-08-14,66.04,1.637,75.8,53.2,0
ASSET-6F1E5C7D,2026-08-15,69.21,1.235,80.7,43.5,0
ASSET-6F1E5C7D,2026-08-16,67.91,1.184,82.5,36.0,0
ASSET-6F1E5C7D,2026-08-17,64.69,1.486,79.2,55.4,0
ASSET-6F1E5C7D,2026-08-18,59.89,1.696,89.9,57.9,0
ASSET-6F1E5C7D,2026-08-19,67.6,1.221,79.5,52.7,0
ASSET-6F1E5C7D,2026-08-20,57.01,1.246,76.4,49.6,0
ASSET-6F1E5C7D,2026-08-21,62.99,1.632,78.5,50.3,0
ASSET-6F1E5C7D,2026-08-22,63.37,1.382,70.3,51.8,0
ASSET-6F1E5C7D,2026-08-23,69.71,1.285,89.7,47.1,0
ASSET-6F1E5C7D,2026-08-24,65.52,1.215,76.0,52.6,0
ASSET-6F1E5C7D,2026-08-25,65.39,1.221,78.9,50.9,0
ASSET-6F1E5C7D,2026-08-26,59.16,1.67,81.7,33.7,0
ASSET-6F1E5C7D,2026-08-27,65.6,1.462,83.0,48.3,0
ASSET-6F1E5C7D,2026-08-28,67.14,1.786,78.0,46.8,0
ASSET-6F1E5C7D,2026-08-29,61.66,1.703,83.8,51.4,0
ASSET-6F1E5C7D,2026-08-30,65.38,1.464,83.2,58.8,0
ASSET-6F1E5C7D,2026-08-31,66.78,1.088,75.4,40.3,0
ASSET-6F1E5C7D,2026-09-01,62.2,1.528,86.8,57.6,0
ASSET-6F1E5C7D,2026-09-02,65.51,1.195,74.1,17.1,0
ASSET-6F1E5C7D,2026-09-03,64.69,1.843,82.8,36.8,0
ASSET-6F1E5C7D,2026-09-04,67.13,1.504,77.1,64.7,0
ASSET-6F1E5C7D,2026-09-05,68.36,1.46,83.7,63.9,0
ASSET-6F1E5C7D,2026-09-06,63.84,1.455,79.0,46.7,0
ASSET-6F1E5C7D,2026-09-07,62.55,1.683,72.9,66.3,0
ASSET-6F1E5C7D,2026-09-08,62.61,1.136,87.9,52.3,0
ASSET-6F1E5C7D,2026-09-09,60.0,1.544,81.5,57.4,0
ASSET-6F1E5C7D,2026-09-10,69.7,1.483,83.9,57.8,0
ASSET-6F1E5C7D,2026-09-11,65.28,1.636,80.7,59.4,0
ASSET-6F1E5C7D,2026-09-12,66.61,1.511,77.4,54.4,0
ASSET-6F1E5C7D,2026-09-13,61.11,1.557,78.4,53.8,0
ASSET-6F1E5C7D,2026-09-14,64.09,1.277,71.7,39.6,0
ASSET-6F1E5C7D,2026-09-15,57.5,1.495,84.5,55.7,0
ASSET-7164771A,2026-03-20,61.72,1.486,79.4,52.7,0
ASSET-7164771A,2026-03-21,66.62,1.783,77.1,45.4,0
ASSET-7164771A,2026-03-22,69.38,1.563,91.8,41.5,0
ASSET-7164771A,2026-03-23,63.67,1.449,81.6,63.8,0
ASSET-7164771A,2026-03-24,64.38,1.57,76.8,42.3,0
ASSET-7164771A,2026-03-25,65.63,1.724,78.5,63.0,0
ASSET-7164771A,2026-03-26,60.95,1.428,85.8,51.4,0
ASSET-7164771A,2026-03-27,72.55,1.56,73.6,47.5,0
ASSET-7164771A,2026-03-28,63.63,1.724,85.5,53.3,0
ASSET-7164771A,2026-03-29,66.46,1.469,81.1,46.8,0
ASSET-7164771A,2026-03-30,64.2,1.717,75.1,41.5,0
ASSET-7164771A,2026-03-31,61.46,1.363,83.0,53.2,0
ASSET-7164771A,2026-04-01,65.92,1.125,79.5,54.7,0
ASSET-7164771A,2026-04-02,66.05,1.327,81.1,47.1,0
ASSET-7164771A,2026-04-03,70.42,1.721,77.6,55.5,0
ASSET-7164771A,2026-04-04,62.71,1.127,90.8,41.9,0
ASSET-7164771A,2026-04-05,60.98,1.223,85.8,56.7,0
ASSET-7164771A,2026-04-06,60.79,1.494,85.3,40.4,0
ASSET-7164771A,2026-04-07,63.47,1.531,86.1,62.3,0
ASSET-7164771A,2026-04-08,67.03,1.707,82.2,54.3,0
ASSET-7164771A,2026-04-09,61.72,1.566,79.9,48.3,0
ASSET-7164771A,2026-04-10,61.65,1.456,81.2,38.7,0
ASSET-7164771A,2026-04-11,63.66,1.439,73.9,55.0,0
ASSET-7164771A,2026-04-12,62.56,1.718,84.1,54.7,0
ASSET-7164771A,2026-04-13,70.66,1.677,77.1,71.1,0
ASSET-7164771A,2026-04-14,68.47,1.603,81.9,54.3,0
ASSET-7164771A,2026-04-15,63.6,1.445,79.8,56.2,0
ASSET-7164771A,2026-04-16,64.63,1.559,83.7,45.3,0
ASSET-7164771A,2026-04-17,67.22,1.408,82.2,51.3,0
ASSET-7164771A,2026-04-18,65.08,1.687,74.2,59.3,0
ASSET-7164771A,2026-04-19,66.14,1.353,87.0,43.3,0
ASSET-7164771A,2026-04-20,66.33,1.941,76.8,47.9,0
ASSET-7164771A,2026-04-21,60.43,1.183,83.8,62.0,0
ASSET-7164771A,2026-04-22,63.65,1.352,87.9,37.3,0
ASSET-7164771A,2026-04-23,65.65,1.648,80.1,44.1,0
ASSET-7164771A,2026-04-24,60.27,1.884,69.8,42.2,0
ASSET-7164771A,2026-04-25,68.3,1.422,87.6,62.1,0
ASSET-7164771A,2026-04-26,63.0,1.338,84.1,49.0,0
ASSET-7164771A,2026-04-27,66.72,1.655,75.9,38.4,0
ASSET-7164771A,2026-04-28,57.91,1.236,85.2,36.3,0
ASSET-7164771A,2026-04-29,69.93,1.73,93.7,58.4,0
ASSET-7164771A,2026-04-30,62.08,1.505,90.4,38.9,0
ASSET-7164771A,2026-05-01,60.15,1.267,77.0,39.0,0
ASSET-7164771A,2026-05-02,61.54,1.54,78.7,49.5,0
ASSET-7164771A,2026-05-03,72.32,1.459,84.5,35.0,0
ASSET-7164771A,2026-05-04,68.68,1.488,79.8,36.5,0
ASSET-7164771A,2026-05-05,69.08,1.489,83.9,43.7,0
ASSET-7164771A,2026-05-06,65.15,1.27,73.6,51.3,0
ASSET-7164771A,2026-05-07,64.16,1.532,84.3,56.3,0
ASSET-7164771A,2026-05-08,65.91,1.11,86.0,61.7,0
ASSET-7164771A,2026-05-09,68.77,1.324,89.8,24.2,0
ASSET-7164771A,2026-05-10,63.79,1.61,74.1,51.3,0
ASSET-7164771A,2026-05-11,61.55,1.19,81.5,43.9,0
ASSET-7164771A,2026-05-12,67.34,1.389,89.6,34.1,0
ASSET-7164771A,2026-05-13,68.57,1.485,77.4,58.8,0
ASSET-7164771A,2026-05-14,61.28,1.44,69.6,43.8,0
ASSET-7164771A,2026-05-15,67.8,1.405,81.8,41.8,0
ASSET-7164771A,2026-05-16,61.46,1.59,73.4,54.0,0
ASSET-7164771A,2026-05-17,65.12,1.475,75.5,64.9,0
ASSET-7164771A,2026-05-18,61.92,1.632,75.6,59.9,0
ASSET-7164771A,2026-05-19,68.88,1.412,76.8,58.5,0
ASSET-7164771A,2026-05-20,63.41,1.606,82.1,30.9,0
ASSET-7164771A,2026-05-21,69.55,1.471,86.3,51.7,0
ASSET-7164771A,2026-05-22,68.63,1.599,75.5,61.9,0
ASSET-7164771A,2026-05-23,66.98,1.641,72.5,61.6,0
ASSET-7164771A,2026-05-24,67.96,1.987,84.5,62.0,0
ASSET-7164771A,2026-05-25,67.33,1.177,75.3,60.8,0
ASSET-7164771A,2026-05-26,66.35,1.458,83.4,41.4,0
ASSET-7164771A,2026-05-27,63.12,1.624,79.1,51.9,0
ASSET-7164771A,2026-05-28,69.4,1.511,81.2,51.6,0
ASSET-7164771A,2026-05-29,63.57,1.566,76.0,37.0,0
ASSET-7164771A,2026-05-30,63.64,1.593,80.9,46.2,0
ASSET-7164771A,2026-05-31,67.57,1.361,84.5,59.4,0
ASSET-7164771A,2026-06-01,68.5,1.292,78.3,35.6,0
ASSET-7164771A,2026-06-02,69.72,1.595,87.5,54.2,0
ASSET-7164771A,2026-06-03,63.65,1.423,81.3,56.2,0
ASSET-7164771A,2026-06-04,55.27,1.428,74.1,52.0,0
ASSET-7164771A,2026-06-05,63.41,1.685,83.3,45.2,0
ASSET-7164771A,2026-06-06,65.86,1.699,71.3,44.0,0
ASSET-7164771A,2026-06-07,61.74,1.664,83.0,56.4,0
ASSET-7164771A,2026-06-08,67.13,1.421,81.6,45.4,0
ASSET-7164771A,2026-06-09,66.0,1.38,78.1,71.1,0
ASSET-7164771A,2026-06-10,64.98,1.436,79.8,48.7,0
ASSET-7164771A,2026-06-11,63.22,1.367,75.3,50.3,0
ASSET-7164771A,2026-06-12,71.13,1.666,91.8,43.5,0
ASSET-7164771A,2026-06-13,62.25,1.506,80.5,46.7,0
ASSET-7164771A,2026-06-14,66.07,1.472,80.1,45.9,0
ASSET-7164771A,2026-06-15,65.85,1.592,81.2,59.9,0
ASSET-7164771A,2026-06-16,63.01,1.739,79.9,51.3,0
ASSET-7164771A,2026-06-17,62.69,1.555,80.3,38.9,0
ASSET-7164771A,2026-06-18,66.0,1.364,77.3,44.9,0
ASSET-7164771A,2026-06-19,65.46,1.741,77.2,52.4,0
ASSET-7164771A,2026-06-20,70.77,1.57,82.6,51.2,0
ASSET-7164771A,2026-06-21,66.58,1.392,80.1,52.3,0
ASSET-7164771A,2026-06-22,67.4,1.425,74.9,48.0,0
ASSET-7164771A,2026-06-23,67.23,1.087,78.7,47.8,0
ASSET-7164771A,2026-06-24,67.97,1.638,78.4,60.7,0
ASSET-7164771A,2026-06-25,67.08,1.633,82.9,51.3,0
ASSET-7164771A,2026-06-26,69.64,1.703,75.1,51.5,0
ASSET-7164771A,2026-06-27,69.24,1.578,81.1,44.9,0
ASSET-7164771A,2026-06-28,69.12,1.79,79.7,56.6,0
ASSET-7164771A,2026-06-29,67.51,1.55,83.3,50.7,0
ASSET-7164771A,2026-06-30,67.32,1.466,88.5,41.0,0
ASSET-7164771A,2026-07-01,67.86,1.639,69.5,56.2,0
ASSET-7164771A,2026-07-02,64.33,1.301,79.4,53.2,0
ASSET-7164771A,2026-07-03,63.18,1.52,77.2,21.0,0
ASSET-7164771A,2026-07-04,63.31,1.297,72.2,56.2,0
ASSET-7164771A,2026-07-05,61.89,1.623,78.1,51.5,0
ASSET-7164771A,2026-07-06,64.0,1.409,80.1,63.6,0
ASSET-7164771A,2026-07-07,67.64,1.4,79.3,57.7,0
ASSET-7164771A,2026-07-08,59.44,1.313,75.5,57.4,0
ASSET-7164771A,2026-07-09,70.49,1.189,79.5,53.3,0
ASSET-7164771A,2026-07-10,61.66,1.609,82.4,30.7,0
ASSET-7164771A,2026-07-11,67.0,1.732,76.2,48.5,0
ASSET-7164771A,2026-07-12,67.15,1.294,79.4,31.5,0
ASSET-7164771A,2026-07-13,66.16,1.043,72.5,49.8,0
ASSET-7164771A,2026-07-14,68.57,1.656,94.3,64.6,0
ASSET-7164771A,2026-07-15,68.5,1.446,92.3,54.0,0
ASSET-7164771A,2026-07-16,64.82,1.528,79.2,64.3,0
ASSET-7164771A,2026-07-17,62.67,1.127,79.4,33.3,0
ASSET-7164771A,2026-07-18,61.17,1.886,75.8,64.9,0
ASSET-7164771A,2026-07-19,67.71,1.505,78.6,36.1,0
ASSET-7164771A,2026-07-20,68.32,1.302,84.0,53.9,0
ASSET-7164771A,2026-07-21,64.07,1.929,79.2,62.8,0
ASSET-7164771A,2026-07-22,59.13,1.508,84.4,60.7,0
ASSET-7164771A,2026-07-23,64.19,1.637,74.3,52.2,0
ASSET-7164771A,2026-07-24,63.65,1.38,80.0,52.7,0
ASSET-7164771A,2026-07-25,67.99,1.7,78.7,52.0,0
ASSET-7164771A,2026-07-26,69.41,1.933,79.9,60.5,0
ASSET-7164771A,2026-07-27,69.01,1.615,75.5,50.0,0
ASSET-7164771A,2026-07-28,63.26,1.688,67.2,53.5,0
ASSET-7164771A,2026-07-29,65.99,1.733,81.0,39.1,0
ASSET-7164771A,2026-07-30,58.95,1.255,82.7,38.3,0
ASSET-7164771A,2026-07-31,69.1,1.534,80.6,42.2,0
ASSET-7164771A,2026-08-01,59.19,1.221,75.3,54.2,0
ASSET-7164771A,2026-08-02,67.78,1.704,83.4,51.3,0
ASSET-7164771A,2026-08-03,60.99,1.44,76.9,40.7,0
ASSET-7164771A,2026-08-04,66.28,1.677,78.2,55.2,0
ASSET-7164771A,2026-08-05,66.29,1.93,79.6,51.1,0
ASSET-7164771A,2026-08-06,64.06,1.347,81.2,53.8,0
ASSET-7164771A,2026-08-07,63.7,1.007,78.0,42.8,0
ASSET-7164771A,2026-08-08,69.34,1.531,79.8,49.4,0
ASSET-7164771A,2026-08-09,64.2,1.755,74.4,52.9,0
ASSET-7164771A,2026-08-10,64.47,1.773,80.2,50.8,0
ASSET-7164771A,2026-08-11,66.56,1.53,79.0,39.2,0
ASSET-7164771A,2026-08-12,63.3,1.219,75.2,52.4,0
ASSET-7164771A,2026-08-13,60.33,1.325,77.8,42.6,0
ASSET-7164771A,2026-08-14,68.18,1.702,83.8,62.8,0
ASSET-7164771A,2026-08-15,67.89,1.46,75.0,38.5,0
ASSET-7164771A,2026-08-16,69.53,1.362,74.1,68.0,0
ASSET-7164771A,2026-08-17,66.13,1.574,77.6,59.6,0
ASSET-7164771A,2026-08-18,65.87,1.343,84.6,53.6,0
ASSET-7164771A,2026-08-19,57.74,1.871,80.3,52.6,0
ASSET-7164771A,2026-08-20,63.57,1.515,91.9,41.9,0
ASSET-7164771A,2026-08-21,62.91,1.392,81.3,51.8,0
ASSET-7164771A,2026-08-22,65.12,1.87,74.6,41.3,0
ASSET-7164771A,2026-08-23,70.57,1.422,78.2,30.7,0
ASSET-7164771A,2026-08-24,68.74,1.477,69.5,43.6,0
ASSET-7164771A,2026-08-25,66.22,1.559,78.8,46.9,0
ASSET-7164771A,2026-08-26,62.75,1.738,73.6,60.7,0
ASSET-7164771A,2026-08-27,63.58,1.334,96.1,41.1,0
ASSET-7164771A,2026-08-28,64.17,1.494,79.2,38.2,0
ASSET-7164771A,2026-08-29,66.92,1.452,85.0,49.5,0
ASSET-7164771A,2026-08-30,64.99,1.638,78.7,58.0,0
ASSET-7164771A,2026-08-31,64.6,1.441,83.7,71.3,0
ASSET-7164771A,2026-09-01,65.12,1.535,82.5,49.8,0
ASSET-7164771A,2026-09-02,66.67,1.292,75.0,53.4,0
ASSET-7164771A,2026-09-03,65.75,1.684,83.3,59.7,0
ASSET-7164771A,2026-09-04,62.5,1.811,84.6,56.6,0
ASSET-7164771A,2026-09-05,65.29,1.729,85.9,34.2,0
ASSET-7164771A,2026-09-06,65.91,1.786,76.8,51.0,0
ASSET-7164771A,2026-09-07,62.21,1.633,73.3,43.8,0
ASSET-7164771A,2026-09-08,67.15,1.59,83.4,51.1,0
ASSET-7164771A,2026-09-09,64.8,1.596,82.9,47.1,0
ASSET-7164771A,2026-09-10,67.84,1.535,77.3,53.3,0
ASSET-7164771A,2026-09-11,67.84,1.621,80.6,56.5,0
ASSET-7164771A,2026-09-12,64.57,1.218,82.5,32.4,0
ASSET-7164771A,2026-09-13,67.68,1.446,77.1,46.7,0
ASSET-7164771A,2026-09-14,68.48,1.318,71.9,31.3,0
ASSET-7164771A,2026-09-15,63.66,1.44,90.1,57.8,0
ASSET-16A4F252,2026-03-20,67.2,1.241,80.7,56.1,0
ASSET-16A4F252,2026-03-21,67.18,1.711,74.4,47.4,0
ASSET-16A4F252,2026-03-22,63.67,1.291,88.1,44.9,0
ASSET-16A4F252,2026-03-23,68.13,1.68,88.8,51.2,0
ASSET-16A4F252,2026-03-24,67.65,1.375,81.1,36.8,0
ASSET-16A4F252,2026-03-25,62.75,1.662,76.5,35.6,0
ASSET-16A4F252,2026-03-26,65.89,1.832,92.8,52.6,0
ASSET-16A4F252,2026-03-27,66.38,1.541,72.6,69.7,0
ASSET-16A4F252,2026-03-28,66.09,1.952,77.9,64.3,0
ASSET-16A4F252,2026-03-29,62.25,1.758,86.7,58.5,0
ASSET-16A4F252,2026-03-30,65.25,1.666,77.0,46.3,0
ASSET-16A4F252,2026-03-31,66.95,1.335,78.6,40.4,0
ASSET-16A4F252,2026-04-01,68.8,1.536,80.7,52.8,0
ASSET-16A4F252,2026-04-02,65.86,1.423,83.6,62.2,0
ASSET-16A4F252,2026-04-03,70.88,1.583,78.4,36.5,0
ASSET-16A4F252,2026-04-04,68.26,1.469,77.8,52.5,0
ASSET-16A4F252,2026-04-05,64.31,1.545,84.4,65.4,0
ASSET-16A4F252,2026-04-06,74.77,1.589,85.2,63.5,0
ASSET-16A4F252,2026-04-07,63.47,1.796,80.7,75.4,0
ASSET-16A4F252,2026-04-08,66.86,1.21,65.3,21.3,0
ASSET-16A4F252,2026-04-09,62.96,1.316,87.6,50.9,0
ASSET-16A4F252,2026-04-10,63.34,1.426,79.5,47.5,0
ASSET-16A4F252,2026-04-11,66.01,1.428,72.8,39.3,0
ASSET-16A4F252,2026-04-12,58.79,1.839,76.6,63.3,0
ASSET-16A4F252,2026-04-13,67.84,1.556,74.0,53.2,0
ASSET-16A4F252,2026-04-14,68.23,1.412,84.4,46.5,0
ASSET-16A4F252,2026-04-15,69.17,1.299,78.0,36.9,0
ASSET-16A4F252,2026-04-16,62.39,1.593,83.6,45.1,0
ASSET-16A4F252,2026-04-17,63.67,1.386,75.1,44.2,0
ASSET-16A4F252,2026-04-18,61.79,1.392,83.5,31.9,0
ASSET-16A4F252,2026-04-19,65.15,1.596,82.2,52.6,0
ASSET-16A4F252,2026-04-20,61.22,1.425,70.1,52.7,0
ASSET-16A4F252,2026-04-21,62.18,1.652,77.1,53.1,0
ASSET-16A4F252,2026-04-22,60.95,1.866,81.4,55.0,0
ASSET-16A4F252,2026-04-23,62.43,1.701,82.3,44.8,0
ASSET-16A4F252,2026-04-24,65.19,1.458,83.8,53.6,0
ASSET-16A4F252,2026-04-25,65.9,1.342,78.0,42.5,0
ASSET-16A4F252,2026-04-26,64.04,1.647,84.0,53.4,0
ASSET-16A4F252,2026-04-27,65.7,1.455,79.2,39.5,0
ASSET-16A4F252,2026-04-28,61.7,1.948,82.0,53.9,0
ASSET-16A4F252,2026-04-29,68.63,1.622,84.4,53.4,0
ASSET-16A4F252,2026-04-30,68.85,1.18,75.7,60.2,0
ASSET-16A4F252,2026-05-01,68.17,1.731,83.0,65.0,0
ASSET-16A4F252,2026-05-02,67.42,1.271,93.0,33.4,0
ASSET-16A4F252,2026-05-03,60.65,1.41,80.2,47.8,0
ASSET-16A4F252,2026-05-04,62.02,1.632,80.3,45.7,0
ASSET-16A4F252,2026-05-05,66.5,1.783,84.8,56.0,0
ASSET-16A4F252,2026-05-06,63.01,1.254,77.7,50.7,0
ASSET-16A4F252,2026-05-07,64.61,1.606,76.7,53.2,0
ASSET-16A4F252,2026-05-08,61.07,1.42,75.7,38.1,0
ASSET-16A4F252,2026-05-09,65.89,1.77,74.0,51.2,0
ASSET-16A4F252,2026-05-10,63.13,1.384,94.5,44.5,0
ASSET-16A4F252,2026-05-11,63.01,1.299,82.1,62.2,0
ASSET-16A4F252,2026-05-12,65.97,1.58,76.6,52.1,0
ASSET-16A4F252,2026-05-13,60.68,1.313,71.2,40.8,0
ASSET-16A4F252,2026-05-14,68.33,1.641,80.5,54.0,0
ASSET-16A4F252,2026-05-15,63.71,1.527,79.1,62.9,0
ASSET-16A4F252,2026-05-16,65.01,1.357,89.3,52.5,0
ASSET-16A4F252,2026-05-17,65.76,1.233,74.3,70.7,0
ASSET-16A4F252,2026-05-18,63.2,1.548,75.3,40.2,0
ASSET-16A4F252,2026-05-19,65.17,1.928,86.4,43.9,0
ASSET-16A4F252,2026-05-20,63.28,1.597,76.4,48.4,0
ASSET-16A4F252,2026-05-21,61.29,1.144,67.8,43.2,0
ASSET-16A4F252,2026-05-22,64.1,1.306,82.1,64.0,0
ASSET-16A4F252,2026-05-23,63.01,1.395,79.8,55.9,0
ASSET-16A4F252,2026-05-24,67.68,1.804,78.7,53.6,0
ASSET-16A4F252,2026-05-25,66.17,1.322,81.1,49.2,0
ASSET-16A4F252,2026-05-26,67.98,1.735,87.7,68.3,0
ASSET-16A4F252,2026-05-27,68.23,1.646,78.2,40.9,0
ASSET-16A4F252,2026-05-28,66.55,1.424,79.0,39.8,0
ASSET-16A4F252,2026-05-29,64.14,1.326,82.6,34.5,0
ASSET-16A4F252,2026-05-30,66.19,1.59,82.0,60.5,0
ASSET-16A4F252,2026-05-31,61.01,1.464,75.9,51.5,0
ASSET-16A4F252,2026-06-01,68.45,1.555,77.8,58.1,0
ASSET-16A4F252,2026-06-02,67.3,1.41,83.6,48.9,0
ASSET-16A4F252,2026-06-03,62.32,1.611,82.0,59.7,0
ASSET-16A4F252,2026-06-04,66.56,1.389,73.4,55.3,0
ASSET-16A4F252,2026-06-05,68.96,1.645,76.2,56.4,0
ASSET-16A4F252,2026-06-06,67.99,1.687,77.8,54.7,0
ASSET-16A4F252,2026-06-07,63.42,1.402,76.0,35.2,0
ASSET-16A4F252,2026-06-08,66.38,1.269,82.3,37.4,0
ASSET-16A4F252,2026-06-09,64.75,1.249,78.2,42.4,0
ASSET-16A4F252,2026-06-10,66.01,1.443,78.3,61.6,0
ASSET-16A4F252,2026-06-11,65.03,1.606,86.9,37.9,0
ASSET-16A4F252,2026-06-12,70.26,1.316,71.4,52.4,0
ASSET-16A4F252,2026-06-13,65.79,1.204,74.2,54.9,0
ASSET-16A4F252,2026-06-14,71.07,1.583,77.1,64.4,0
ASSET-16A4F252,2026-06-15,64.42,1.703,77.1,56.1,0
ASSET-16A4F252,2026-06-16,61.11,1.824,82.3,61.6,0
ASSET-16A4F252,2026-06-17,63.48,1.649,80.5,55.6,0
ASSET-16A4F252,2026-06-18,65.34,1.214,82.5,50.9,0
ASSET-16A4F252,2026-06-19,60.28,1.356,79.3,52.6,0
ASSET-16A4F252,2026-06-20,65.8,1.504,84.4,46.9,0
ASSET-16A4F252,2026-06-21,63.5,1.625,76.5,59.0,0
ASSET-16A4F252,2026-06-22,62.7,1.281,77.1,56.2,0
ASSET-16A4F252,2026-06-23,64.72,1.671,75.4,61.4,0
ASSET-16A4F252,2026-06-24,61.91,1.527,89.5,35.8,0
ASSET-16A4F252,2026-06-25,64.36,1.867,86.2,34.6,0
ASSET-16A4F252,2026-06-26,61.48,1.587,88.1,47.3,0
ASSET-16A4F252,2026-06-27,61.72,1.468,72.2,50.6,0
ASSET-16A4F252,2026-06-28,72.18,1.86,77.9,59.7,0
ASSET-16A4F252,2026-06-29,63.16,1.728,80.8,39.2,0
ASSET-16A4F252,2026-06-30,68.56,1.38,75.9,46.1,0
ASSET-16A4F252,2026-07-01,69.16,1.328,69.2,53.5,0
ASSET-16A4F252,2026-07-02,62.5,1.524,83.2,59.8,0
ASSET-16A4F252,2026-07-03,63.85,1.482,80.0,49.2,0
ASSET-16A4F252,2026-07-04,67.23,1.347,83.1,51.7,0
ASSET-16A4F252,2026-07-05,63.48,1.549,82.7,50.0,0
ASSET-16A4F252,2026-07-06,64.56,1.346,81.1,53.4,0
ASSET-16A4F252,2026-07-07,60.51,1.289,86.2,35.5,0
ASSET-16A4F252,2026-07-08,65.45,2.016,73.5,30.2,0
ASSET-16A4F252,2026-07-09,67.01,1.427,90.1,69.5,0
ASSET-16A4F252,2026-07-10,64.73,1.659,78.2,56.1,0
ASSET-16A4F252,2026-07-11,58.79,1.92,86.3,50.1,0
ASSET-16A4F252,2026-07-12,61.61,1.48,72.9,26.6,0
ASSET-16A4F252,2026-07-13,65.23,1.142,80.9,45.1,0
ASSET-16A4F252,2026-07-14,65.67,1.48,86.4,55.8,0
ASSET-16A4F252,2026-07-15,63.82,1.69,84.2,59.4,0
ASSET-16A4F252,2026-07-16,64.95,1.444,87.1,42.0,0
ASSET-16A4F252,2026-07-17,57.67,1.437,80.6,48.1,0
ASSET-16A4F252,2026-07-18,65.33,1.371,78.6,53.9,0
ASSET-16A4F252,2026-07-19,62.07,1.385,78.2,41.5,0
ASSET-16A4F252,2026-07-20,61.7,1.626,83.5,63.9,0
ASSET-16A4F252,2026-07-21,69.71,1.558,77.0,64.1,0
ASSET-16A4F252,2026-07-22,70.2,1.157,78.7,60.0,0
ASSET-16A4F252,2026-07-23,61.65,1.88,78.6,54.0,0
ASSET-16A4F252,2026-07-24,70.98,1.732,81.4,48.5,0
ASSET-16A4F252,2026-07-25,63.83,1.781,85.0,38.9,0
ASSET-16A4F252,2026-07-26,60.57,1.365,74.6,61.0,0
ASSET-16A4F252,2026-07-27,64.35,1.599,80.1,49.0,0
ASSET-16A4F252,2026-07-28,70.91,1.494,79.3,45.8,0
ASSET-16A4F252,2026-07-29,65.85,1.329,75.0,45.2,0
ASSET-16A4F252,2026-07-30,63.22,1.839,89.1,56.1,0
ASSET-16A4F252,2026-07-31,69.55,1.276,79.3,40.1,0
ASSET-16A4F252,2026-08-01,69.73,1.349,77.5,46.0,0
ASSET-16A4F252,2026-08-02,64.07,1.458,75.3,47.6,0
ASSET-16A4F252,2026-08-03,63.73,1.444,80.2,38.5,0
ASSET-16A4F252,2026-08-04,66.49,1.658,70.2,62.1,0
ASSET-16A4F252,2026-08-05,72.08,1.52,76.9,54.4,0
ASSET-16A4F252,2026-08-06,62.41,1.105,83.3,49.8,0
ASSET-16A4F252,2026-08-07,67.11,1.309,71.6,57.7,0
ASSET-16A4F252,2026-08-08,68.49,1.204,76.7,52.3,0
ASSET-16A4F252,2026-08-09,64.35,1.38,79.0,63.7,0
ASSET-16A4F252,2026-08-10,63.99,1.345,85.2,66.9,0
ASSET-16A4F252,2026-08-11,67.15,1.52,81.6,55.7,0
ASSET-16A4F252,2026-08-12,63.3,1.546,77.5,39.5,0
ASSET-16A4F252,2026-08-13,59.74,1.294,80.2,43.2,0
ASSET-16A4F252,2026-08-14,64.26,1.496,80.6,56.5,0
ASSET-16A4F252,2026-08-15,71.27,1.505,74.7,53.7,0
ASSET-16A4F252,2026-08-16,65.35,1.353,77.4,60.2,0
ASSET-16A4F252,2026-08-17,66.44,1.439,76.7,46.0,0
ASSET-16A4F252,2026-08-18,66.61,1.497,83.9,69.4,0
ASSET-16A4F252,2026-08-19,68.42,1.752,79.5,57.7,0
ASSET-16A4F252,2026-08-20,68.51,1.758,76.5,83.5,0
ASSET-16A4F252,2026-08-21,71.92,2.137,73.5,74.4,0
ASSET-16A4F252,2026-08-22,60.31,2.045,77.5,102.2,0
ASSET-16A4F252,2026-08-23,68.07,2.317,67.3,86.3,0
ASSET-16A4F252,2026-08-24,71.15,2.376,77.0,90.1,0
ASSET-16A4F252,2026-08-25,74.92,2.313,75.0,92.4,0
ASSET-16A4F252,2026-08-26,71.46,2.681,70.6,123.8,0
ASSET-16A4F252,2026-08-27,69.31,2.777,72.8,140.6,0
ASSET-16A4F252,2026-08-28,75.93,2.43,71.0,131.3,0
ASSET-16A4F252,2026-08-29,74.04,2.459,75.6,115.4,0
ASSET-16A4F252,2026-08-30,75.26,2.892,79.1,171.3,0
ASSET-16A4F252,2026-08-31,80.05,2.747,71.4,130.2,0
ASSET-16A4F252,2026-09-01,76.47,3.479,66.7,123.0,0
ASSET-16A4F252,2026-09-02,82.42,3.474,65.8,161.3,0
ASSET-16A4F252,2026-09-03,74.06,3.289,59.6,156.2,0
ASSET-16A4F252,2026-09-04,81.21,3.935,66.3,182.8,0
ASSET-16A4F252,2026-09-05,82.12,3.315,66.6,216.4,0
ASSET-16A4F252,2026-09-06,86.28,4.056,55.9,186.5,0
ASSET-16A4F252,2026-09-07,81.07,3.888,59.8,229.9,0
ASSET-16A4F252,2026-09-08,87.08,3.786,62.5,223.2,0
ASSET-16A4F252,2026-09-09,82.3,4.412,60.5,227.6,0
ASSET-16A4F252,2026-09-10,87.22,4.639,60.4,255.3,0
ASSET-16A4F252,2026-09-11,82.28,5.221,59.8,211.8,0
ASSET-16A4F252,2026-09-12,85.11,5.341,79.9,245.3,0
ASSET-16A4F252,2026-09-13,91.76,4.009,64.0,187.8,0
ASSET-16A4F252,2026-09-14,89.28,4.775,53.1,205.5,0
ASSET-16A4F252,2026-09-15,92.77,4.948,47.2,220.5,1
ASSET-94F0EE40,2026-03-20,62.95,1.804,84.7,28.3,0
ASSET-94F0EE40,2026-03-21,65.23,1.515,81.8,67.4,0
ASSET-94F0EE40,2026-03-22,64.19,1.427,71.0,51.8,0
ASSET-94F0EE40,2026-03-23,61.45,1.43,77.5,40.1,0
ASSET-94F0EE40,2026-03-24,65.03,1.59,82.5,42.8,0
ASSET-94F0EE40,2026-03-25,66.65,1.343,83.6,46.0,0
ASSET-94F0EE40,2026-03-26,67.61,1.396,90.0,59.6,0
ASSET-94F0EE40,2026-03-27,69.77,1.335,75.8,62.5,0
ASSET-94F0EE40,2026-03-28,63.62,1.825,86.2,48.0,0
ASSET-94F0EE40,2026-03-29,68.03,1.498,68.3,57.9,0
ASSET-94F0EE40,2026-03-30,63.77,1.518,78.1,49.7,0
ASSET-94F0EE40,2026-03-31,63.71,1.576,82.6,62.5,0
ASSET-94F0EE40,2026-04-01,65.94,1.454,77.4,47.4,0
ASSET-94F0EE40,2026-04-02,66.49,1.716,83.0,55.0,0
ASSET-94F0EE40,2026-04-03,62.17,1.498,78.8,51.9,0
ASSET-94F0EE40,2026-04-04,64.78,1.156,76.9,53.3,0
ASSET-94F0EE40,2026-04-05,64.94,1.631,78.6,35.9,0
ASSET-94F0EE40,2026-04-06,66.43,1.446,84.5,62.9,0
ASSET-94F0EE40,2026-04-07,62.06,1.571,80.9,41.1,0
ASSET-94F0EE40,2026-04-08,62.18,1.62,81.8,50.3,0
ASSET-94F0EE40,2026-04-09,68.72,1.592,76.4,37.8,0
ASSET-94F0EE40,2026-04-10,67.18,1.354,84.2,68.4,0
ASSET-94F0EE40,2026-04-11,64.64,1.669,82.7,39.7,0
ASSET-94F0EE40,2026-04-12,71.92,1.632,82.6,61.6,0
ASSET-94F0EE40,2026-04-13,65.08,1.485,88.6,50.7,0
ASSET-94F0EE40,2026-04-14,63.94,1.378,82.4,58.2,0
ASSET-94F0EE40,2026-04-15,69.43,1.692,82.6,51.2,0
ASSET-94F0EE40,2026-04-16,63.14,1.437,84.8,40.5,0
ASSET-94F0EE40,2026-04-17,62.23,1.306,76.2,48.0,0
ASSET-94F0EE40,2026-04-18,70.39,1.522,76.2,46.6,0
ASSET-94F0EE40,2026-04-19,62.62,1.73,78.3,47.5,0
ASSET-94F0EE40,2026-04-20,67.89,1.277,82.5,65.6,0
ASSET-94F0EE40,2026-04-21,66.01,1.675,77.9,42.3,0
ASSET-94F0EE40,2026-04-22,63.24,1.332,79.2,38.6,0
ASSET-94F0EE40,2026-04-23,68.92,1.593,78.2,68.7,0
ASSET-94F0EE40,2026-04-24,60.49,1.33,82.6,38.0,0
ASSET-94F0EE40,2026-04-25,67.05,1.672,81.3,44.8,0
ASSET-94F0EE40,2026-04-26,66.44,1.526,77.1,50.8,0
ASSET-94F0EE40,2026-04-27,56.46,1.537,71.5,52.9,0
ASSET-94F0EE40,2026-04-28,61.04,1.197,74.8,40.1,0
ASSET-94F0EE40,2026-04-29,61.43,1.535,78.9,66.5,0
ASSET-94F0EE40,2026-04-30,66.23,1.426,79.5,68.8,0
ASSET-94F0EE40,2026-05-01,65.09,1.528,88.2,61.1,0
ASSET-94F0EE40,2026-05-02,59.47,1.745,84.3,55.1,0
ASSET-94F0EE40,2026-05-03,63.37,1.439,82.0,54.0,0
ASSET-94F0EE40,2026-05-04,67.2,1.554,80.3,74.9,0
ASSET-94F0EE40,2026-05-05,65.39,1.5,87.9,35.3,0
ASSET-94F0EE40,2026-05-06,62.4,1.615,83.5,68.2,0
ASSET-94F0EE40,2026-05-07,58.79,1.456,75.2,60.5,0
ASSET-94F0EE40,2026-05-08,66.62,1.604,79.9,43.9,0
ASSET-94F0EE40,2026-05-09,64.76,1.604,74.9,31.1,0
ASSET-94F0EE40,2026-05-10,65.51,1.62,77.7,64.4,0
ASSET-94F0EE40,2026-05-11,70.06,0.875,75.4,44.0,0
ASSET-94F0EE40,2026-05-12,60.49,1.297,76.6,82.0,0
ASSET-94F0EE40,2026-05-13,64.82,1.577,78.2,47.6,0
ASSET-94F0EE40,2026-05-14,64.63,1.295,80.4,55.5,0
ASSET-94F0EE40,2026-05-15,57.4,1.248,75.9,60.3,0
ASSET-94F0EE40,2026-05-16,63.13,1.695,80.7,74.1,0
ASSET-94F0EE40,2026-05-17,65.23,1.899,79.0,56.4,0
ASSET-94F0EE40,2026-05-18,66.67,1.501,83.7,27.7,0
ASSET-94F0EE40,2026-05-19,66.89,1.281,88.5,60.1,0
ASSET-94F0EE40,2026-05-20,66.75,1.596,76.0,61.3,0
ASSET-94F0EE40,2026-05-21,68.07,1.576,77.6,47.7,0
ASSET-94F0EE40,2026-05-22,67.6,1.752,83.6,35.3,0
ASSET-94F0EE40,2026-05-23,70.3,1.637,71.9,57.9,0
ASSET-94F0EE40,2026-05-24,59.97,1.529,69.0,49.2,0
ASSET-94F0EE40,2026-05-25,63.72,1.283,79.9,50.1,0
ASSET-94F0EE40,2026-05-26,66.55,1.628,86.1,59.2,0
ASSET-94F0EE40,2026-05-27,65.77,1.314,75.3,58.2,0
ASSET-94F0EE40,2026-05-28,65.86,1.21,79.5,67.0,0
ASSET-94F0EE40,2026-05-29,65.51,1.701,83.4,60.0,0
ASSET-94F0EE40,2026-05-30,62.84,1.088,78.7,40.0,0
ASSET-94F0EE40,2026-05-31,68.58,1.507,77.3,44.6,0
ASSET-94F0EE40,2026-06-01,61.33,1.189,81.9,24.4,0
ASSET-94F0EE40,2026-06-02,59.73,1.54,77.7,63.2,0
ASSET-94F0EE40,2026-06-03,62.97,1.076,83.4,53.8,0
ASSET-94F0EE40,2026-06-04,64.91,1.416,83.6,39.2,0
ASSET-94F0EE40,2026-06-05,68.66,1.642,82.8,45.1,0
ASSET-94F0EE40,2026-06-06,61.99,1.92,83.8,45.2,0
ASSET-94F0EE40,2026-06-07,60.97,1.687,70.3,69.9,0
ASSET-94F0EE40,2026-06-08,69.96,1.627,83.8,45.9,0
ASSET-94F0EE40,2026-06-09,67.88,1.317,76.2,67.3,0
ASSET-94F0EE40,2026-06-10,61.34,1.762,77.2,67.3,0
ASSET-94F0EE40,2026-06-11,65.4,1.502,83.9,44.4,0
ASSET-94F0EE40,2026-06-12,64.43,1.827,82.9,66.0,0
ASSET-94F0EE40,2026-06-13,66.22,1.485,83.1,57.9,0
ASSET-94F0EE40,2026-06-14,68.4,1.492,77.2,67.6,0
ASSET-94F0EE40,2026-06-15,64.75,1.52,76.5,64.8,0
ASSET-94F0EE40,2026-06-16,63.75,1.316,83.7,58.2,0
ASSET-94F0EE40,2026-06-17,67.04,1.419,75.4,48.9,0
ASSET-94F0EE40,2026-06-18,65.55,1.958,83.8,35.2,0
ASSET-94F0EE40,2026-06-19,62.97,1.33,77.1,50.0,0
ASSET-94F0EE40,2026-06-20,65.04,1.54,80.7,40.4,0
ASSET-94F0EE40,2026-06-21,61.87,1.616,81.4,44.8,0
ASSET-94F0EE40,2026-06-22,65.11,1.356,76.0,54.4,0
ASSET-94F0EE40,2026-06-23,65.89,1.246,84.1,32.4,0
ASSET-94F0EE40,2026-06-24,69.08,1.55,74.4,34.6,0
ASSET-94F0EE40,2026-06-25,66.11,1.227,80.9,52.9,0
ASSET-94F0EE40,2026-06-26,64.66,1.413,84.0,58.2,0
ASSET-94F0EE40,2026-06-27,64.65,1.17,78.3,44.2,0
ASSET-94F0EE40,2026-06-28,62.87,1.319,82.7,54.5,0
ASSET-94F0EE40,2026-06-29,64.64,1.536,78.1,50.4,0
ASSET-94F0EE40,2026-06-30,62.43,1.531,74.4,73.8,0
ASSET-94F0EE40,2026-07-01,63.58,1.557,72.0,57.8,0
ASSET-94F0EE40,2026-07-02,65.65,1.724,74.2,38.6,0
ASSET-94F0EE40,2026-07-03,59.56,1.465,78.5,53.2,0
ASSET-94F0EE40,2026-07-04,62.08,1.087,77.6,38.5,0
ASSET-94F0EE40,2026-07-05,67.98,1.777,81.4,45.1,0
ASSET-94F0EE40,2026-07-06,67.91,1.505,73.8,57.6,0
ASSET-94F0EE40,2026-07-07,64.15,1.529,80.6,42.1,0
ASSET-94F0EE40,2026-07-08,65.58,1.095,84.4,35.6,0
ASSET-94F0EE40,2026-07-09,65.46,1.266,74.6,49.1,0
ASSET-94F0EE40,2026-07-10,63.23,1.467,87.9,35.1,0
ASSET-94F0EE40,2026-07-11,63.07,1.642,74.2,61.5,0
ASSET-94F0EE40,2026-07-12,62.68,1.416,75.1,33.9,0
ASSET-94F0EE40,2026-07-13,63.37,1.488,80.0,73.8,0
ASSET-94F0EE40,2026-07-14,64.31,1.339,77.9,50.2,0
ASSET-94F0EE40,2026-07-15,64.23,1.491,84.9,64.9,0
ASSET-94F0EE40,2026-07-16,62.95,1.343,85.8,57.1,0
ASSET-94F0EE40,2026-07-17,63.23,1.468,82.4,50.6,0
ASSET-94F0EE40,2026-07-18,67.87,1.695,71.0,66.0,0
ASSET-94F0EE40,2026-07-19,66.62,1.394,83.0,49.9,0
ASSET-94F0EE40,2026-07-20,62.35,1.464,77.7,55.7,0
ASSET-94F0EE40,2026-07-21,61.53,1.341,79.4,49.4,0
ASSET-94F0EE40,2026-07-22,61.74,1.554,82.1,58.8,0
ASSET-94F0EE40,2026-07-23,64.54,1.385,77.8,31.5,0
ASSET-94F0EE40,2026-07-24,62.23,1.419,77.5,43.4,0
ASSET-94F0EE40,2026-07-25,62.09,1.424,82.2,55.3,0
ASSET-94F0EE40,2026-07-26,65.32,1.252,78.3,57.1,0
ASSET-94F0EE40,2026-07-27,63.53,1.463,78.1,54.0,0
ASSET-94F0EE40,2026-07-28,67.13,1.746,88.0,48.6,0
ASSET-94F0EE40,2026-07-29,68.36,1.268,79.0,41.3,0
ASSET-94F0EE40,2026-07-30,67.25,1.585,81.5,58.1,0
ASSET-94F0EE40,2026-07-31,66.0,1.479,76.4,49.8,0
ASSET-94F0EE40,2026-08-01,66.92,1.508,89.4,51.9,0
ASSET-94F0EE40,2026-08-02,64.15,1.209,78.0,57.2,0
ASSET-94F0EE40,2026-08-03,66.22,1.474,81.5,25.7,0
ASSET-94F0EE40,2026-08-04,61.84,1.417,82.4,62.9,0
ASSET-94F0EE40,2026-08-05,64.02,1.542,88.6,27.8,0
ASSET-94F0EE40,2026-08-06,61.94,1.615,71.7,48.0,0
ASSET-94F0EE40,2026-08-07,64.88,1.128,83.6,52.1,0
ASSET-94F0EE40,2026-08-08,65.91,1.431,74.2,27.7,0
ASSET-94F0EE40,2026-08-09,63.68,1.104,83.4,37.8,0
ASSET-94F0EE40,2026-08-10,65.08,1.514,77.1,42.2,0
ASSET-94F0EE40,2026-08-11,62.81,1.434,83.5,42.3,0
ASSET-94F0EE40,2026-08-12,60.7,1.889,74.8,42.6,0
ASSET-94F0EE40,2026-08-13,56.89,1.352,76.6,46.6,0
ASSET-94F0EE40,2026-08-14,67.62,1.6,78.4,64.2,0
ASSET-94F0EE40,2026-08-15,62.27,1.856,74.9,44.5,0
ASSET-94F0EE40,2026-08-16,68.36,1.548,76.8,53.2,0
ASSET-94F0EE40,2026-08-17,63.61,1.664,92.5,50.5,0
ASSET-94F0EE40,2026-08-18,62.21,1.368,90.9,61.1,0
ASSET-94F0EE40,2026-08-19,61.18,1.489,73.8,60.1,0
ASSET-94F0EE40,2026-08-20,68.1,1.281,85.4,40.8,0
ASSET-94F0EE40,2026-08-21,64.82,1.443,85.9,50.7,0
ASSET-94F0EE40,2026-08-22,63.94,1.559,81.2,38.9,0
ASSET-94F0EE40,2026-08-23,61.27,1.789,75.8,53.5,0
ASSET-94F0EE40,2026-08-24,64.87,1.502,78.5,45.6,0
ASSET-94F0EE40,2026-08-25,62.86,1.456,76.6,56.8,0
ASSET-94F0EE40,2026-08-26,64.31,1.618,84.0,34.2,0
ASSET-94F0EE40,2026-08-27,65.09,1.659,80.7,44.4,0
ASSET-94F0EE40,2026-08-28,64.35,1.293,81.1,44.6,0
ASSET-94F0EE40,2026-08-29,63.29,1.38,90.7,59.4,0
ASSET-94F0EE40,2026-08-30,64.47,1.636,70.3,41.2,0
ASSET-94F0EE40,2026-08-31,64.5,1.246,77.2,50.3,0
ASSET-94F0EE40,2026-09-01,62.67,1.628,73.5,54.5,0
ASSET-94F0EE40,2026-09-02,70.22,1.948,73.1,72.9,0
ASSET-94F0EE40,2026-09-03,62.42,1.482,76.9,41.7,0
ASSET-94F0EE40,2026-09-04,62.99,1.487,90.2,38.9,0
ASSET-94F0EE40,2026-09-05,64.73,1.492,69.0,45.6,0
ASSET-94F0EE40,2026-09-06,61.66,1.728,75.4,22.2,0
ASSET-94F0EE40,2026-09-07,61.21,1.364,71.7,31.1,0
ASSET-94F0EE40,2026-09-08,67.83,1.568,74.4,32.1,0
ASSET-94F0EE40,2026-09-09,62.47,1.407,85.1,37.6,0
ASSET-94F0EE40,2026-09-10,60.29,1.615,79.0,41.6,0
ASSET-94F0EE40,2026-09-11,61.77,1.599,84.7,55.4,0
ASSET-94F0EE40,2026-09-12,59.69,1.389,84.3,38.5,0
ASSET-94F0EE40,2026-09-13,68.01,1.148,83.6,64.4,0
ASSET-94F0EE40,2026-09-14,69.14,1.647,73.5,41.5,0
ASSET-94F0EE40,2026-09-15,65.19,1.519,80.2,44.7,0
ASSET-07AB27B8,2026-03-20,62.87,1.529,76.8,65.6,0
ASSET-07AB27B8,2026-03-21,61.45,1.347,81.2,49.4,0
ASSET-07AB27B8,2026-03-22,69.75,1.325,74.2,48.9,0
ASSET-07AB27B8,2026-03-23,64.35,1.502,80.3,78.2,0
ASSET-07AB27B8,2026-03-24,61.72,1.353,71.4,59.3,0
ASSET-07AB27B8,2026-03-25,67.28,1.582,86.0,39.5,0
ASSET-07AB27B8,2026-03-26,62.37,1.438,89.5,55.9,0
ASSET-07AB27B8,2026-03-27,62.31,1.413,85.5,72.5,0
ASSET-07AB27B8,2026-03-28,67.53,1.427,80.3,42.3,0
ASSET-07AB27B8,2026-03-29,64.74,1.557,84.1,48.3,0
ASSET-07AB27B8,2026-03-30,65.96,1.324,77.0,65.0,0
ASSET-07AB27B8,2026-03-31,58.88,1.726,76.2,41.6,0
ASSET-07AB27B8,2026-04-01,60.57,1.31,83.6,36.3,0
ASSET-07AB27B8,2026-04-02,65.63,1.555,82.7,52.1,0
ASSET-07AB27B8,2026-04-03,68.01,1.577,68.1,52.7,0
ASSET-07AB27B8,2026-04-04,64.09,1.301,74.1,61.6,0
ASSET-07AB27B8,2026-04-05,67.22,1.583,80.6,42.7,0
ASSET-07AB27B8,2026-04-06,63.81,1.645,82.1,48.6,0
ASSET-07AB27B8,2026-04-07,62.03,1.808,74.0,63.3,0
ASSET-07AB27B8,2026-04-08,67.15,1.578,78.6,54.6,0
ASSET-07AB27B8,2026-04-09,64.0,1.33,77.4,53.8,0
ASSET-07AB27B8,2026-04-10,67.31,1.229,74.6,39.2,0
ASSET-07AB27B8,2026-04-11,66.35,1.518,87.1,35.4,0
ASSET-07AB27B8,2026-04-12,66.91,1.416,83.7,50.7,0
ASSET-07AB27B8,2026-04-13,66.28,1.458,86.8,49.5,0
ASSET-07AB27B8,2026-04-14,65.79,1.16,78.1,34.8,0
ASSET-07AB27B8,2026-04-15,67.47,1.359,77.4,38.4,0
ASSET-07AB27B8,2026-04-16,71.26,1.442,84.0,41.0,0
ASSET-07AB27B8,2026-04-17,63.27,1.301,73.6,56.0,0
ASSET-07AB27B8,2026-04-18,64.06,1.667,83.9,44.5,0
ASSET-07AB27B8,2026-04-19,67.13,1.66,73.4,67.5,0
ASSET-07AB27B8,2026-04-20,66.78,1.512,71.3,42.2,0
ASSET-07AB27B8,2026-04-21,62.53,1.544,81.6,17.2,0
ASSET-07AB27B8,2026-04-22,69.63,1.74,79.7,44.6,0
ASSET-07AB27B8,2026-04-23,66.86,1.653,71.9,47.4,0
ASSET-07AB27B8,2026-04-24,67.46,1.665,77.3,48.0,0
ASSET-07AB27B8,2026-04-25,67.75,1.8,84.3,45.2,0
ASSET-07AB27B8,2026-04-26,69.27,1.352,84.1,53.3,0
ASSET-07AB27B8,2026-04-27,64.13,1.304,84.5,65.5,0
ASSET-07AB27B8,2026-04-28,68.07,1.364,72.1,55.1,0
ASSET-07AB27B8,2026-04-29,63.19,1.725,79.3,63.2,0
ASSET-07AB27B8,2026-04-30,65.99,1.639,70.0,85.3,0
ASSET-07AB27B8,2026-05-01,61.58,1.335,83.9,64.8,0
ASSET-07AB27B8,2026-05-02,64.24,1.195,87.4,44.2,0
ASSET-07AB27B8,2026-05-03,63.69,1.34,79.4,45.9,0
ASSET-07AB27B8,2026-05-04,62.41,1.637,84.1,49.2,0
ASSET-07AB27B8,2026-05-05,62.76,1.558,88.6,48.3,0
ASSET-07AB27B8,2026-05-06,66.94,1.628,82.6,57.6,0
ASSET-07AB27B8,2026-05-07,64.24,1.801,77.2,54.8,0
ASSET-07AB27B8,2026-05-08,62.95,1.533,84.1,46.2,0
ASSET-07AB27B8,2026-05-09,65.31,1.599,83.9,40.4,0
ASSET-07AB27B8,2026-05-10,67.93,1.443,85.4,41.5,0
ASSET-07AB27B8,2026-05-11,60.08,1.473,76.2,55.8,0
ASSET-07AB27B8,2026-05-12,67.31,1.494,82.5,27.8,0
ASSET-07AB27B8,2026-05-13,62.29,1.66,83.7,37.1,0
ASSET-07AB27B8,2026-05-14,62.73,1.462,74.9,36.6,0
ASSET-07AB27B8,2026-05-15,69.0,1.301,81.0,56.2,0
ASSET-07AB27B8,2026-05-16,69.46,1.019,92.6,57.1,0
ASSET-07AB27B8,2026-05-17,67.46,1.135,81.7,58.0,0
ASSET-07AB27B8,2026-05-18,67.35,1.893,82.9,54.6,0
ASSET-07AB27B8,2026-05-19,66.37,1.563,85.3,39.0,0
ASSET-07AB27B8,2026-05-20,64.36,1.571,86.3,55.7,0
ASSET-07AB27B8,2026-05-21,63.78,1.462,70.8,57.4,0
ASSET-07AB27B8,2026-05-22,67.61,1.431,71.5,28.8,0
ASSET-07AB27B8,2026-05-23,64.77,1.794,85.4,62.6,0
ASSET-07AB27B8,2026-05-24,63.94,1.563,81.7,58.5,0
ASSET-07AB27B8,2026-05-25,64.45,1.331,77.8,35.8,0
ASSET-07AB27B8,2026-05-26,60.37,1.249,71.2,52.0,0
ASSET-07AB27B8,2026-05-27,62.61,1.423,76.1,50.5,0
ASSET-07AB27B8,2026-05-28,62.79,1.375,73.1,47.6,0
ASSET-07AB27B8,2026-05-29,70.34,1.26,78.6,50.3,0
ASSET-07AB27B8,2026-05-30,61.23,1.59,82.0,67.2,0
ASSET-07AB27B8,2026-05-31,72.17,1.306,74.4,49.7,0
ASSET-07AB27B8,2026-06-01,65.98,1.375,79.1,38.7,0
ASSET-07AB27B8,2026-06-02,62.32,1.493,82.6,43.8,0
ASSET-07AB27B8,2026-06-03,64.07,1.727,91.9,64.0,0
ASSET-07AB27B8,2026-06-04,69.31,1.559,78.4,52.3,0
ASSET-07AB27B8,2026-06-05,62.03,1.264,76.8,64.1,0
ASSET-07AB27B8,2026-06-06,68.25,1.714,82.3,40.2,0
ASSET-07AB27B8,2026-06-07,69.5,1.299,68.5,48.7,0
ASSET-07AB27B8,2026-06-08,67.37,1.303,83.7,61.8,0
ASSET-07AB27B8,2026-06-09,66.17,1.651,81.7,62.9,0
ASSET-07AB27B8,2026-06-10,67.72,1.656,86.6,52.9,0
ASSET-07AB27B8,2026-06-11,69.5,1.764,74.2,52.1,0
ASSET-07AB27B8,2026-06-12,61.6,1.519,83.4,34.8,0
ASSET-07AB27B8,2026-06-13,60.88,1.829,71.8,42.2,0
ASSET-07AB27B8,2026-06-14,60.51,1.334,81.5,47.8,0
ASSET-07AB27B8,2026-06-15,62.21,1.146,79.4,68.0,0
ASSET-07AB27B8,2026-06-16,63.61,1.166,77.2,69.1,0
ASSET-07AB27B8,2026-06-17,64.59,1.523,75.2,54.8,0
ASSET-07AB27B8,2026-06-18,67.14,1.248,78.8,70.6,0
ASSET-07AB27B8,2026-06-19,63.77,1.346,86.1,44.1,0
ASSET-07AB27B8,2026-06-20,69.67,1.657,79.1,29.5,0
ASSET-07AB27B8,2026-06-21,61.05,1.271,86.4,48.8,0
ASSET-07AB27B8,2026-06-22,64.12,1.046,82.0,43.2,0
ASSET-07AB27B8,2026-06-23,64.95,1.609,81.8,37.1,0
ASSET-07AB27B8,2026-06-24,66.11,1.471,76.4,51.5,0
ASSET-07AB27B8,2026-06-25,61.79,1.21,80.1,50.3,0
ASSET-07AB27B8,2026-06-26,58.89,1.374,70.9,50.7,0
ASSET-07AB27B8,2026-06-27,64.87,1.163,78.9,54.1,0
ASSET-07AB27B8,2026-06-28,64.34,1.353,82.4,52.3,0
ASSET-07AB27B8,2026-06-29,71.63,1.434,82.8,30.4,0
ASSET-07AB27B8,2026-06-30,62.29,1.719,74.5,50.3,0
ASSET-07AB27B8,2026-07-01,64.02,1.355,73.5,57.4,0
ASSET-07AB27B8,2026-07-02,70.5,1.738,82.8,61.2,0
ASSET-07AB27B8,2026-07-03,64.34,1.272,75.0,57.0,0
ASSET-07AB27B8,2026-07-04,65.47,1.272,79.0,52.8,0
ASSET-07AB27B8,2026-07-05,70.46,1.678,80.7,51.1,0
ASSET-07AB27B8,2026-07-06,69.84,1.109,81.2,57.7,0
ASSET-07AB27B8,2026-07-07,62.28,1.548,84.3,55.5,0
ASSET-07AB27B8,2026-07-08,60.51,1.218,84.6,61.6,0
ASSET-07AB27B8,2026-07-09,66.03,1.52,76.0,59.4,0
ASSET-07AB27B8,2026-07-10,73.65,1.532,83.5,58.1,0
ASSET-07AB27B8,2026-07-11,68.06,1.301,73.9,54.0,0
ASSET-07AB27B8,2026-07-12,64.18,1.657,83.4,49.1,0
ASSET-07AB27B8,2026-07-13,63.9,1.343,82.6,31.2,0
ASSET-07AB27B8,2026-07-14,62.89,1.459,77.2,39.6,0
ASSET-07AB27B8,2026-07-15,63.67,1.38,88.0,44.8,0
ASSET-07AB27B8,2026-07-16,65.3,1.595,84.3,55.9,0
ASSET-07AB27B8,2026-07-17,59.56,1.355,72.5,44.1,0
ASSET-07AB27B8,2026-07-18,66.79,1.402,79.1,51.6,0
ASSET-07AB27B8,2026-07-19,66.1,1.222,78.9,43.3,0
ASSET-07AB27B8,2026-07-20,61.91,1.176,79.4,50.5,0
ASSET-07AB27B8,2026-07-21,63.19,1.475,79.0,50.9,0
ASSET-07AB27B8,2026-07-22,65.98,1.474,87.5,52.7,0
ASSET-07AB27B8,2026-07-23,64.26,1.894,78.3,65.5,0
ASSET-07AB27B8,2026-07-24,64.81,1.858,86.5,66.5,0
ASSET-07AB27B8,2026-07-25,65.02,1.757,81.0,54.8,0
ASSET-07AB27B8,2026-07-26,71.62,1.308,79.9,51.7,0
ASSET-07AB27B8,2026-07-27,71.18,1.314,73.9,45.4,0
ASSET-07AB27B8,2026-07-28,67.67,1.495,81.5,38.1,0
ASSET-07AB27B8,2026-07-29,69.97,1.59,79.2,40.9,0
ASSET-07AB27B8,2026-07-30,70.76,1.301,81.0,56.9,0
ASSET-07AB27B8,2026-07-31,63.84,1.419,88.3,55.3,0
ASSET-07AB27B8,2026-08-01,63.89,1.82,83.2,56.4,0
ASSET-07AB27B8,2026-08-02,63.17,1.356,78.7,48.5,0
ASSET-07AB27B8,2026-08-03,64.15,1.548,75.0,44.9,0
ASSET-07AB27B8,2026-08-04,63.64,1.542,74.5,43.9,0
ASSET-07AB27B8,2026-08-05,60.78,1.537,73.7,37.9,0
ASSET-07AB27B8,2026-08-06,65.73,1.442,80.0,60.7,0
ASSET-07AB27B8,2026-08-07,67.14,1.683,74.6,73.5,0
ASSET-07AB27B8,2026-08-08,70.68,1.589,79.3,73.9,0
ASSET-07AB27B8,2026-08-09,65.2,1.707,77.7,46.8,0
ASSET-07AB27B8,2026-08-10,67.45,1.311,77.1,61.5,0
ASSET-07AB27B8,2026-08-11,64.4,1.573,83.8,71.0,0
ASSET-07AB27B8,2026-08-12,65.61,1.759,82.5,57.1,0
ASSET-07AB27B8,2026-08-13,65.01,1.689,71.9,57.6,0
ASSET-07AB27B8,2026-08-14,62.63,1.284,75.7,58.4,0
ASSET-07AB27B8,2026-08-15,61.32,1.362,75.4,41.7,0
ASSET-07AB27B8,2026-08-16,59.23,1.495,79.6,42.9,0
ASSET-07AB27B8,2026-08-17,60.03,1.334,88.9,62.2,0
ASSET-07AB27B8,2026-08-18,66.08,1.253,81.3,49.9,0
ASSET-07AB27B8,2026-08-19,65.36,1.33,79.0,46.9,0
ASSET-07AB27B8,2026-08-20,58.39,1.868,78.5,28.2,0
ASSET-07AB27B8,2026-08-21,64.38,1.61,81.9,37.6,0
ASSET-07AB27B8,2026-08-22,60.58,1.269,83.3,52.5,0
ASSET-07AB27B8,2026-08-23,58.26,1.36,74.9,42.4,0
ASSET-07AB27B8,2026-08-24,65.51,1.484,85.9,55.3,0
ASSET-07AB27B8,2026-08-25,64.41,1.444,77.2,53.5,0
ASSET-07AB27B8,2026-08-26,69.26,1.94,83.6,32.7,0
ASSET-07AB27B8,2026-08-27,70.31,1.742,82.5,43.9,0
ASSET-07AB27B8,2026-08-28,64.75,1.207,84.5,53.3,0
ASSET-07AB27B8,2026-08-29,63.82,1.681,81.8,59.1,0
ASSET-07AB27B8,2026-08-30,67.38,1.574,88.8,35.2,0
ASSET-07AB27B8,2026-08-31,67.05,1.599,79.0,53.1,0
ASSET-07AB27B8,2026-09-01,64.2,1.162,87.4,49.9,0
ASSET-07AB27B8,2026-09-02,68.25,1.629,73.4,57.1,0
ASSET-07AB27B8,2026-09-03,64.62,1.467,73.9,40.6,0
ASSET-07AB27B8,2026-09-04,64.31,1.638,83.5,35.2,0
ASSET-07AB27B8,2026-09-05,66.76,1.41,77.5,55.2,0
ASSET-07AB27B8,2026-09-06,64.19,1.593,81.1,26.0,0
ASSET-07AB27B8,2026-09-07,64.77,1.189,85.7,49.6,0
ASSET-07AB27B8,2026-09-08,70.28,1.672,84.7,54.0,0
ASSET-07AB27B8,2026-09-09,65.7,1.958,85.8,55.3,0
ASSET-07AB27B8,2026-09-10,63.44,1.529,78.0,53.7,0
ASSET-07AB27B8,2026-09-11,67.0,1.424,79.8,58.3,0
ASSET-07AB27B8,2026-09-12,60.87,1.382,76.3,47.7,0
ASSET-07AB27B8,2026-09-13,67.66,1.676,74.1,36.4,0
ASSET-07AB27B8,2026-09-14,64.6,1.44,77.1,66.5,0
ASSET-07AB27B8,2026-09-15,66.87,1.485,83.6,54.7,0
ASSET-34F37036,2026-03-20,62.5,1.476,80.5,59.0,0
ASSET-34F37036,2026-03-21,62.2,1.712,83.3,51.0,0
ASSET-34F37036,2026-03-22,65.22,2.042,76.8,51.2,0
ASSET-34F37036,2026-03-23,68.4,1.776,82.8,74.4,0
ASSET-34F37036,2026-03-24,63.94,1.213,82.1,51.9,0
ASSET-34F37036,2026-03-25,68.64,1.117,76.4,45.5,0
ASSET-34F37036,2026-03-26,63.41,1.39,75.2,64.3,0
ASSET-34F37036,2026-03-27,61.76,1.687,74.7,37.9,0
ASSET-34F37036,2026-03-28,58.8,1.608,73.7,63.4,0
ASSET-34F37036,2026-03-29,70.37,1.298,82.0,36.8,0
ASSET-34F37036,2026-03-30,58.43,1.287,82.1,42.2,0
ASSET-34F37036,2026-03-31,69.31,1.708,74.0,54.4,0
ASSET-34F37036,2026-04-01,62.68,1.606,81.1,40.0,0
ASSET-34F37036,2026-04-02,63.69,1.668,80.3,71.4,0
ASSET-34F37036,2026-04-03,68.6,1.555,74.5,54.0,0
ASSET-34F37036,2026-04-04,61.38,1.382,74.0,45.5,0
ASSET-34F37036,2026-04-05,63.09,1.442,86.6,59.9,0
ASSET-34F37036,2026-04-06,66.12,1.773,73.2,44.7,0
ASSET-34F37036,2026-04-07,64.46,1.279,82.8,33.9,0
ASSET-34F37036,2026-04-08,68.15,1.713,84.9,67.2,0
ASSET-34F37036,2026-04-09,65.88,1.282,65.7,58.1,0
ASSET-34F37036,2026-04-10,60.47,1.689,86.1,50.8,0
ASSET-34F37036,2026-04-11,67.3,1.65,72.9,50.3,0
ASSET-34F37036,2026-04-12,62.5,1.472,76.9,44.5,0
ASSET-34F37036,2026-04-13,66.85,1.397,87.0,28.5,0
ASSET-34F37036,2026-04-14,65.17,1.304,78.2,56.7,0
ASSET-34F37036,2026-04-15,67.45,1.347,76.4,48.6,0
ASSET-34F37036,2026-04-16,65.45,1.518,82.8,63.5,0
ASSET-34F37036,2026-04-17,68.87,1.423,83.8,48.8,0
ASSET-34F37036,2026-04-18,63.22,1.665,81.2,49.2,0
ASSET-34F37036,2026-04-19,65.88,1.587,80.4,58.0,0
ASSET-34F37036,2026-04-20,64.84,1.534,74.8,55.5,0
ASSET-34F37036,2026-04-21,65.64,1.509,78.7,34.1,0
ASSET-34F37036,2026-04-22,64.74,1.55,84.8,62.1,0
ASSET-34F37036,2026-04-23,66.01,1.419,83.6,45.2,0
ASSET-34F37036,2026-04-24,65.86,1.234,88.1,53.4,0
ASSET-34F37036,2026-04-25,65.77,1.217,77.4,64.1,0
ASSET-34F37036,2026-04-26,63.78,1.246,88.9,49.7,0
ASSET-34F37036,2026-04-27,68.24,1.097,89.2,55.7,0
ASSET-34F37036,2026-04-28,61.97,1.207,82.8,38.4,0
ASSET-34F37036,2026-04-29,62.09,1.315,73.1,41.2,0
ASSET-34F37036,2026-04-30,63.7,1.319,88.0,49.4,0
ASSET-34F37036,2026-05-01,69.6,1.521,87.9,58.3,0
ASSET-34F37036,2026-05-02,64.52,1.396,80.4,56.9,0
ASSET-34F37036,2026-05-03,68.38,1.597,75.3,55.4,0
ASSET-34F37036,2026-05-04,66.0,1.095,84.3,36.2,0
ASSET-34F37036,2026-05-05,59.27,1.378,79.3,56.5,0
ASSET-34F37036,2026-05-06,72.45,1.348,82.6,59.9,0
ASSET-34F37036,2026-05-07,60.83,1.151,81.6,52.8,0
ASSET-34F37036,2026-05-08,69.94,1.423,80.4,49.9,0
ASSET-34F37036,2026-05-09,64.25,1.405,80.0,57.5,0
ASSET-34F37036,2026-05-10,61.83,1.487,79.7,55.3,0
ASSET-34F37036,2026-05-11,63.63,1.405,76.8,67.7,0
ASSET-34F37036,2026-05-12,63.42,1.7,86.3,48.3,0
ASSET-34F37036,2026-05-13,63.61,1.514,78.3,32.6,0
ASSET-34F37036,2026-05-14,67.6,1.644,83.0,58.5,0
ASSET-34F37036,2026-05-15,60.75,1.225,83.7,60.5,0
ASSET-34F37036,2026-05-16,58.58,2.083,71.6,57.6,0
ASSET-34F37036,2026-05-17,67.45,1.686,85.3,37.0,0
ASSET-34F37036,2026-05-18,65.14,1.309,74.2,62.1,0
ASSET-34F37036,2026-05-19,63.91,1.929,75.0,31.4,0
ASSET-34F37036,2026-05-20,66.49,1.321,83.3,37.8,0
ASSET-34F37036,2026-05-21,63.93,1.426,89.5,56.1,0
ASSET-34F37036,2026-05-22,70.12,1.857,86.2,44.4,0
ASSET-34F37036,2026-05-23,67.98,1.977,84.3,59.4,0
ASSET-34F37036,2026-05-24,67.1,2.026,88.6,70.1,0
ASSET-34F37036,2026-05-25,71.98,1.096,75.8,53.7,0
ASSET-34F37036,2026-05-26,63.85,1.518,78.4,30.2,0
ASSET-34F37036,2026-05-27,67.79,1.27,86.9,67.1,0
ASSET-34F37036,2026-05-28,67.45,1.606,78.1,54.3,0
ASSET-34F37036,2026-05-29,70.04,1.328,78.9,38.0,0
ASSET-34F37036,2026-05-30,68.21,1.652,74.9,32.9,0
ASSET-34F37036,2026-05-31,65.82,1.791,80.3,37.0,0
ASSET-34F37036,2026-06-01,62.82,1.446,78.8,43.5,0
ASSET-34F37036,2026-06-02,66.48,1.478,78.4,44.8,0
ASSET-34F37036,2026-06-03,62.97,1.758,77.9,64.6,0
ASSET-34F37036,2026-06-04,64.07,1.594,73.3,54.7,0
ASSET-34F37036,2026-06-05,70.79,1.806,78.8,61.2,0
ASSET-34F37036,2026-06-06,61.13,1.856,85.9,37.9,0
ASSET-34F37036,2026-06-07,65.58,1.543,68.2,47.7,0
ASSET-34F37036,2026-06-08,70.74,1.439,86.0,37.5,0
ASSET-34F37036,2026-06-09,64.9,1.509,79.9,59.8,0
ASSET-34F37036,2026-06-10,65.67,1.443,85.8,56.0,0
ASSET-34F37036,2026-06-11,65.93,1.571,86.5,60.0,0
ASSET-34F37036,2026-06-12,58.99,1.305,84.4,51.4,0
ASSET-34F37036,2026-06-13,62.26,1.276,75.5,72.3,0
ASSET-34F37036,2026-06-14,70.71,1.4,88.4,61.5,0
ASSET-34F37036,2026-06-15,64.97,1.648,76.9,57.6,0
ASSET-34F37036,2026-06-16,63.13,1.518,79.8,51.2,0
ASSET-34F37036,2026-06-17,67.95,1.8,84.4,56.6,0
ASSET-34F37036,2026-06-18,66.56,1.573,74.7,48.2,0
ASSET-34F37036,2026-06-19,64.46,1.526,76.3,39.1,0
ASSET-34F37036,2026-06-20,66.4,1.362,86.2,43.7,0
ASSET-34F37036,2026-06-21,67.24,1.7,83.3,49.3,0
ASSET-34F37036,2026-06-22,64.5,1.633,74.1,56.0,0
ASSET-34F37036,2026-06-23,60.58,1.807,77.9,55.0,0
ASSET-34F37036,2026-06-24,60.29,1.529,87.1,33.8,0
ASSET-34F37036,2026-06-25,65.59,1.518,88.0,47.7,0
ASSET-34F37036,2026-06-26,58.53,1.501,76.7,46.4,0
ASSET-34F37036,2026-06-27,69.44,1.538,81.7,64.1,0
ASSET-34F37036,2026-06-28,66.6,1.743,76.5,33.8,0
ASSET-34F37036,2026-06-29,66.6,1.704,78.5,42.4,0
ASSET-34F37036,2026-06-30,65.82,1.52,80.6,45.2,0
ASSET-34F37036,2026-07-01,67.54,1.653,83.9,55.0,0
ASSET-34F37036,2026-07-02,60.37,1.764,82.1,48.4,0
ASSET-34F37036,2026-07-03,67.41,1.484,84.6,36.6,0
ASSET-34F37036,2026-07-04,62.51,1.501,77.1,32.6,0
ASSET-34F37036,2026-07-05,65.65,1.4,91.6,52.7,0
ASSET-34F37036,2026-07-06,65.45,1.636,84.1,54.9,0
ASSET-34F37036,2026-07-07,64.34,1.578,80.5,51.3,0
ASSET-34F37036,2026-07-08,65.94,1.59,84.9,70.9,0
ASSET-34F37036,2026-07-09,66.05,1.545,79.5,26.8,0
ASSET-34F37036,2026-07-10,67.5,1.59,77.5,67.4,0
ASSET-34F37036,2026-07-11,63.44,1.639,76.4,55.5,0
ASSET-34F37036,2026-07-12,68.73,1.611,75.5,46.1,0
ASSET-34F37036,2026-07-13,68.08,1.573,80.7,54.3,0
ASSET-34F37036,2026-07-14,68.93,1.244,70.3,69.7,0
ASSET-34F37036,2026-07-15,61.19,1.174,68.9,72.7,0
ASSET-34F37036,2026-07-16,60.79,1.239,78.4,48.5,0
ASSET-34F37036,2026-07-17,64.8,1.614,87.5,31.8,0
ASSET-34F37036,2026-07-18,67.8,1.648,78.3,38.7,0
ASSET-34F37036,2026-07-19,65.42,1.168,73.6,48.4,0
ASSET-34F37036,2026-07-20,67.17,1.491,84.3,36.6,0
ASSET-34F37036,2026-07-21,70.11,1.557,83.6,50.3,0
ASSET-34F37036,2026-07-22,61.65,1.429,83.3,48.2,0
ASSET-34F37036,2026-07-23,67.28,1.692,80.9,45.3,0
ASSET-34F37036,2026-07-24,66.92,1.338,80.3,32.6,0
ASSET-34F37036,2026-07-25,72.07,1.413,72.3,34.7,0
ASSET-34F37036,2026-07-26,67.03,1.473,73.8,37.8,0
ASSET-34F37036,2026-07-27,62.28,1.281,80.5,45.0,0
ASSET-34F37036,2026-07-28,69.8,1.204,77.8,54.0,0
ASSET-34F37036,2026-07-29,62.36,1.433,76.1,52.2,0
ASSET-34F37036,2026-07-30,64.39,1.272,80.4,65.5,0
ASSET-34F37036,2026-07-31,63.31,1.452,72.4,21.1,0
ASSET-34F37036,2026-08-01,60.22,1.615,79.8,23.0,0
ASSET-34F37036,2026-08-02,60.62,1.726,86.5,48.7,0
ASSET-34F37036,2026-08-03,60.76,1.546,76.2,60.4,0
ASSET-34F37036,2026-08-04,65.12,1.631,83.6,54.8,0
ASSET-34F37036,2026-08-05,65.71,1.727,82.7,45.7,0
ASSET-34F37036,2026-08-06,68.27,1.44,88.3,41.1,0
ASSET-34F37036,2026-08-07,61.92,1.5,86.7,41.7,0
ASSET-34F37036,2026-08-08,65.62,1.811,87.5,64.5,0
ASSET-34F37036,2026-08-09,66.41,1.622,83.7,61.1,0
ASSET-34F37036,2026-08-10,65.31,1.61,85.4,50.1,0
ASSET-34F37036,2026-08-11,65.12,1.446,89.8,58.2,0
ASSET-34F37036,2026-08-12,66.47,1.615,79.1,50.2,0
ASSET-34F37036,2026-08-13,66.16,1.577,78.1,46.6,0
ASSET-34F37036,2026-08-14,65.29,1.616,79.1,39.7,0
ASSET-34F37036,2026-08-15,65.85,1.241,71.8,52.1,0
ASSET-34F37036,2026-08-16,65.82,1.339,90.6,56.0,0
ASSET-34F37036,2026-08-17,64.88,1.328,82.9,47.6,0
ASSET-34F37036,2026-08-18,70.0,1.535,80.9,41.1,0
ASSET-34F37036,2026-08-19,66.94,1.281,89.1,54.6,0
ASSET-34F37036,2026-08-20,64.46,1.466,79.9,46.0,0
ASSET-34F37036,2026-08-21,64.25,1.599,81.5,60.5,0
ASSET-34F37036,2026-08-22,60.73,1.52,80.8,50.4,0
ASSET-34F37036,2026-08-23,63.56,1.733,77.5,47.6,0
ASSET-34F37036,2026-08-24,63.14,1.512,69.6,53.8,0
ASSET-34F37036,2026-08-25,71.6,1.499,90.6,53.8,0
ASSET-34F37036,2026-08-26,63.82,1.376,84.1,48.5,0
ASSET-34F37036,2026-08-27,64.48,1.686,82.2,51.9,0
ASSET-34F37036,2026-08-28,63.54,1.674,76.0,62.1,0
ASSET-34F37036,2026-08-29,62.75,1.736,78.7,66.6,0
ASSET-34F37036,2026-08-30,66.9,1.705,86.1,30.0,0
ASSET-34F37036,2026-08-31,60.34,1.605,74.4,43.8,0
ASSET-34F37036,2026-09-01,64.94,1.511,83.1,62.2,0
ASSET-34F37036,2026-09-02,66.33,1.329,71.1,47.5,0
ASSET-34F37036,2026-09-03,61.37,1.628,83.2,49.0,0
ASSET-34F37036,2026-09-04,68.28,1.552,85.5,47.8,0
ASSET-34F37036,2026-09-05,61.77,1.472,75.1,62.9,0
ASSET-34F37036,2026-09-06,66.14,1.511,83.6,44.8,0
ASSET-34F37036,2026-09-07,69.15,1.17,87.3,57.3,0
ASSET-34F37036,2026-09-08,60.57,1.745,79.1,62.7,0
ASSET-34F37036,2026-09-09,59.97,1.491,75.9,55.3,0
ASSET-34F37036,2026-09-10,66.32,1.283,79.3,50.7,0
ASSET-34F37036,2026-09-11,63.7,1.483,81.3,58.6,0
ASSET-34F37036,2026-09-12,65.06,1.78,74.2,40.6,0
ASSET-34F37036,2026-09-13,60.48,1.603,79.0,39.0,0
ASSET-34F37036,2026-09-14,71.33,1.59,82.3,40.9,0
ASSET-34F37036,2026-09-15,65.35,1.353,84.1,42.3,0
ASSET-E7DEFA84,2026-03-20,67.56,1.535,80.0,44.4,0
ASSET-E7DEFA84,2026-03-21,70.05,1.251,78.2,42.2,0
ASSET-E7DEFA84,2026-03-22,59.92,1.749,77.8,40.8,0
ASSET-E7DEFA84,2026-03-23,64.89,1.43,89.7,62.4,0
ASSET-E7DEFA84,2026-03-24,67.65,1.79,74.4,53.4,0
ASSET-E7DEFA84,2026-03-25,67.51,1.488,84.8,46.2,0
ASSET-E7DEFA84,2026-03-26,63.49,1.554,78.5,42.5,0
ASSET-E7DEFA84,2026-03-27,65.03,1.406,85.3,36.7,0
ASSET-E7DEFA84,2026-03-28,66.99,1.831,73.1,40.4,0
ASSET-E7DEFA84,2026-03-29,66.57,1.578,79.1,61.1,0
ASSET-E7DEFA84,2026-03-30,63.99,1.418,79.6,66.0,0
ASSET-E7DEFA84,2026-03-31,66.23,1.391,71.6,44.0,0
ASSET-E7DEFA84,2026-04-01,65.73,1.761,88.6,56.8,0
ASSET-E7DEFA84,2026-04-02,61.34,1.472,77.1,54.0,0
ASSET-E7DEFA84,2026-04-03,65.7,1.778,78.6,35.4,0
ASSET-E7DEFA84,2026-04-04,65.38,1.596,84.6,45.2,0
ASSET-E7DEFA84,2026-04-05,62.94,1.701,89.0,55.5,0
ASSET-E7DEFA84,2026-04-06,63.34,1.842,78.6,62.5,0
ASSET-E7DEFA84,2026-04-07,62.12,1.188,85.4,40.2,0
ASSET-E7DEFA84,2026-04-08,64.59,1.359,86.1,11.7,0
ASSET-E7DEFA84,2026-04-09,61.81,1.103,79.0,68.1,0
ASSET-E7DEFA84,2026-04-10,70.81,1.268,81.1,52.1,0
ASSET-E7DEFA84,2026-04-11,59.03,1.483,73.3,48.3,0
ASSET-E7DEFA84,2026-04-12,69.84,1.48,74.7,65.0,0
ASSET-E7DEFA84,2026-04-13,70.42,1.514,75.4,62.0,0
ASSET-E7DEFA84,2026-04-14,65.75,1.196,81.9,61.5,0
ASSET-E7DEFA84,2026-04-15,63.07,1.18,87.1,39.1,0
ASSET-E7DEFA84,2026-04-16,61.66,1.598,78.4,59.8,0
ASSET-E7DEFA84,2026-04-17,64.65,1.487,74.9,48.6,0
ASSET-E7DEFA84,2026-04-18,66.04,1.592,75.9,47.6,0
ASSET-E7DEFA84,2026-04-19,67.42,1.673,74.9,41.3,0
ASSET-E7DEFA84,2026-04-20,62.18,1.16,78.0,43.6,0
ASSET-E7DEFA84,2026-04-21,61.9,1.589,89.7,39.8,0
ASSET-E7DEFA84,2026-04-22,62.63,1.478,91.4,31.4,0
ASSET-E7DEFA84,2026-04-23,67.82,1.749,83.1,54.3,0
ASSET-E7DEFA84,2026-04-24,63.13,1.718,76.5,44.2,0
ASSET-E7DEFA84,2026-04-25,70.01,1.335,79.0,35.3,0
ASSET-E7DEFA84,2026-04-26,60.95,1.418,76.7,49.8,0
ASSET-E7DEFA84,2026-04-27,60.77,1.487,77.4,64.2,0
ASSET-E7DEFA84,2026-04-28,58.09,1.653,88.1,41.6,0
ASSET-E7DEFA84,2026-04-29,64.78,1.481,78.2,78.0,0
ASSET-E7DEFA84,2026-04-30,65.05,1.528,82.3,44.9,0
ASSET-E7DEFA84,2026-05-01,62.42,1.114,82.8,47.0,0
ASSET-E7DEFA84,2026-05-02,65.84,1.542,80.9,43.0,0
ASSET-E7DEFA84,2026-05-03,63.22,1.899,84.2,44.1,0
ASSET-E7DEFA84,2026-05-04,68.91,1.362,86.5,56.6,0
ASSET-E7DEFA84,2026-05-05,58.04,1.811,82.9,35.1,0
ASSET-E7DEFA84,2026-05-06,66.04,1.468,82.6,65.9,0
ASSET-E7DEFA84,2026-05-07,69.55,1.635,75.1,55.8,0
ASSET-E7DEFA84,2026-05-08,62.73,1.269,81.7,49.2,0
ASSET-E7DEFA84,2026-05-09,66.03,1.413,76.0,51.0,0
ASSET-E7DEFA84,2026-05-10,64.99,1.097,79.8,60.7,0
ASSET-E7DEFA84,2026-05-11,65.74,1.716,83.5,49.2,0
ASSET-E7DEFA84,2026-05-12,69.59,1.273,89.3,40.6,0
ASSET-E7DEFA84,2026-05-13,67.18,1.043,77.2,63.9,0
ASSET-E7DEFA84,2026-05-14,64.68,1.687,77.8,43.4,0
ASSET-E7DEFA84,2026-05-15,64.91,1.41,91.1,45.0,0
ASSET-E7DEFA84,2026-05-16,65.33,1.416,79.8,42.7,0
ASSET-E7DEFA84,2026-05-17,63.08,1.698,75.7,52.7,0
ASSET-E7DEFA84,2026-05-18,72.91,1.722,84.3,34.2,0
ASSET-E7DEFA84,2026-05-19,62.94,1.543,78.2,81.7,0
ASSET-E7DEFA84,2026-05-20,56.16,1.436,87.4,49.9,0
ASSET-E7DEFA84,2026-05-21,63.46,1.901,75.6,67.2,0
ASSET-E7DEFA84,2026-05-22,62.93,1.644,86.8,57.7,0
ASSET-E7DEFA84,2026-05-23,64.33,1.161,69.3,22.9,0
ASSET-E7DEFA84,2026-05-24,65.47,1.577,75.7,37.5,0
ASSET-E7DEFA84,2026-05-25,67.35,1.776,82.4,41.4,0
ASSET-E7DEFA84,2026-05-26,66.02,1.419,68.0,37.1,0
ASSET-E7DEFA84,2026-05-27,67.48,1.631,87.1,35.5,0
ASSET-E7DEFA84,2026-05-28,61.01,1.373,72.6,60.7,0
ASSET-E7DEFA84,2026-05-29,64.5,1.19,75.6,24.0,0
ASSET-E7DEFA84,2026-05-30,60.04,1.465,78.6,51.3,0
ASSET-E7DEFA84,2026-05-31,60.98,1.169,76.9,36.4,0
ASSET-E7DEFA84,2026-06-01,67.43,2.023,82.3,39.4,0
ASSET-E7DEFA84,2026-06-02,65.79,1.164,76.9,39.2,0
ASSET-E7DEFA84,2026-06-03,66.13,1.743,77.2,49.6,0
ASSET-E7DEFA84,2026-06-04,66.36,1.439,91.2,37.2,0
ASSET-E7DEFA84,2026-06-05,61.2,1.193,73.3,47.7,0
ASSET-E7DEFA84,2026-06-06,67.23,1.482,83.6,47.7,0
ASSET-E7DEFA84,2026-06-07,64.57,1.628,76.2,49.7,0
ASSET-E7DEFA84,2026-06-08,68.21,1.418,81.8,52.2,0
ASSET-E7DEFA84,2026-06-09,65.51,1.604,84.5,55.3,0
ASSET-E7DEFA84,2026-06-10,66.76,1.417,80.7,54.5,0
ASSET-E7DEFA84,2026-06-11,67.48,1.335,80.7,49.1,0
ASSET-E7DEFA84,2026-06-12,66.15,1.597,76.4,59.2,0
ASSET-E7DEFA84,2026-06-13,64.8,1.571,72.8,60.8,0
ASSET-E7DEFA84,2026-06-14,64.86,1.595,77.1,46.0,0
ASSET-E7DEFA84,2026-06-15,67.23,1.51,80.8,22.3,0
ASSET-E7DEFA84,2026-06-16,62.4,1.463,82.5,53.5,0
ASSET-E7DEFA84,2026-06-17,66.89,1.646,83.6,45.7,0
ASSET-E7DEFA84,2026-06-18,64.58,1.743,85.9,56.8,0
ASSET-E7DEFA84,2026-06-19,59.78,1.537,76.0,58.2,0
ASSET-E7DEFA84,2026-06-20,62.81,0.983,77.9,30.5,0
ASSET-E7DEFA84,2026-06-21,70.92,1.747,81.6,43.3,0
ASSET-E7DEFA84,2026-06-22,68.23,1.576,76.9,37.3,0
ASSET-E7DEFA84,2026-06-23,65.73,1.145,85.1,58.4,0
ASSET-E7DEFA84,2026-06-24,62.31,1.527,71.1,32.2,0
ASSET-E7DEFA84,2026-06-25,63.91,1.452,85.4,61.4,0
ASSET-E7DEFA84,2026-06-26,59.46,1.234,78.7,46.2,0
ASSET-E7DEFA84,2026-06-27,66.53,1.561,80.0,54.2,0
ASSET-E7DEFA84,2026-06-28,67.52,1.447,83.4,59.6,0
ASSET-E7DEFA84,2026-06-29,65.87,1.61,73.4,52.7,0
ASSET-E7DEFA84,2026-06-30,64.13,1.876,83.9,50.8,0
ASSET-E7DEFA84,2026-07-01,64.18,1.481,76.3,37.4,0
ASSET-E7DEFA84,2026-07-02,58.89,1.467,75.1,58.7,0
ASSET-E7DEFA84,2026-07-03,65.8,1.585,79.4,42.2,0
ASSET-E7DEFA84,2026-07-04,59.52,1.196,82.3,58.6,0
ASSET-E7DEFA84,2026-07-05,61.75,1.783,80.0,44.3,0
ASSET-E7DEFA84,2026-07-06,66.22,1.483,80.0,46.0,0
ASSET-E7DEFA84,2026-07-07,63.14,1.725,80.9,52.5,0
ASSET-E7DEFA84,2026-07-08,65.94,1.489,79.2,66.7,0
ASSET-E7DEFA84,2026-07-09,65.94,1.474,78.0,49.3,0
ASSET-E7DEFA84,2026-07-10,71.63,1.512,83.2,47.7,0
ASSET-E7DEFA84,2026-07-11,64.69,1.459,77.4,56.0,0
ASSET-E7DEFA84,2026-07-12,69.59,1.286,84.4,43.7,0
ASSET-E7DEFA84,2026-07-13,59.17,1.527,73.4,56.0,0
ASSET-E7DEFA84,2026-07-14,65.02,1.339,80.4,46.9,0
ASSET-E7DEFA84,2026-07-15,69.44,1.827,81.8,53.0,0
ASSET-E7DEFA84,2026-07-16,68.38,1.682,73.3,61.2,0
ASSET-E7DEFA84,2026-07-17,62.24,1.378,85.3,45.6,0
ASSET-E7DEFA84,2026-07-18,62.93,0.996,79.3,52.8,0
ASSET-E7DEFA84,2026-07-19,67.53,1.342,73.7,56.4,0
ASSET-E7DEFA84,2026-07-20,64.93,1.4,82.1,60.5,0
ASSET-E7DEFA84,2026-07-21,62.08,1.537,77.4,56.4,0
ASSET-E7DEFA84,2026-07-22,65.55,1.58,82.4,58.5,0
ASSET-E7DEFA84,2026-07-23,65.85,1.317,74.1,53.8,0
ASSET-E7DEFA84,2026-07-24,67.15,1.418,74.2,39.1,0
ASSET-E7DEFA84,2026-07-25,69.06,1.475,82.3,40.5,0
ASSET-E7DEFA84,2026-07-26,65.91,1.491,80.8,44.9,0
ASSET-E7DEFA84,2026-07-27,59.02,1.252,83.4,40.6,0
ASSET-E7DEFA84,2026-07-28,67.98,1.397,90.1,39.7,0
ASSET-E7DEFA84,2026-07-29,69.96,1.547,80.6,69.4,0
ASSET-E7DEFA84,2026-07-30,64.77,1.606,76.4,50.8,0
ASSET-E7DEFA84,2026-07-31,65.82,1.318,76.8,51.5,0
ASSET-E7DEFA84,2026-08-01,67.08,1.407,78.8,61.3,0
ASSET-E7DEFA84,2026-08-02,66.11,1.361,79.2,37.5,0
ASSET-E7DEFA84,2026-08-03,60.38,1.568,77.1,52.9,0
ASSET-E7DEFA84,2026-08-04,68.14,1.349,80.5,63.0,0
ASSET-E7DEFA84,2026-08-05,64.0,1.523,76.1,51.2,0
ASSET-E7DEFA84,2026-08-06,67.85,1.267,85.2,60.4,0
ASSET-E7DEFA84,2026-08-07,63.34,1.53,78.6,62.1,0
ASSET-E7DEFA84,2026-08-08,61.42,1.627,72.3,48.7,0
ASSET-E7DEFA84,2026-08-09,63.68,1.611,75.6,32.2,0
ASSET-E7DEFA84,2026-08-10,62.48,1.375,88.5,49.4,0
ASSET-E7DEFA84,2026-08-11,65.72,1.608,78.6,50.7,0
ASSET-E7DEFA84,2026-08-12,65.4,1.155,78.0,54.0,0
ASSET-E7DEFA84,2026-08-13,68.61,1.518,77.2,62.8,0
ASSET-E7DEFA84,2026-08-14,61.82,1.532,71.7,63.1,0
ASSET-E7DEFA84,2026-08-15,59.29,1.47,87.8,35.0,0
ASSET-E7DEFA84,2026-08-16,65.07,1.185,74.6,63.9,0
ASSET-E7DEFA84,2026-08-17,65.11,1.427,77.2,57.2,0
ASSET-E7DEFA84,2026-08-18,63.65,1.635,89.1,40.5,0
ASSET-E7DEFA84,2026-08-19,59.08,1.746,69.4,64.7,0
ASSET-E7DEFA84,2026-08-20,60.6,1.485,79.6,62.9,0
ASSET-E7DEFA84,2026-08-21,64.97,1.737,87.7,44.6,0
ASSET-E7DEFA84,2026-08-22,67.77,1.745,73.8,41.4,0
ASSET-E7DEFA84,2026-08-23,63.01,1.804,73.7,45.4,0
ASSET-E7DEFA84,2026-08-24,62.5,1.921,80.9,64.7,0
ASSET-E7DEFA84,2026-08-25,62.76,1.398,76.2,30.5,0
ASSET-E7DEFA84,2026-08-26,64.85,1.49,84.3,59.0,0
ASSET-E7DEFA84,2026-08-27,61.89,1.729,73.9,66.4,0
ASSET-E7DEFA84,2026-08-28,60.87,1.819,83.9,42.0,0
ASSET-E7DEFA84,2026-08-29,64.93,1.468,72.8,51.7,0
ASSET-E7DEFA84,2026-08-30,63.76,1.551,78.1,57.2,0
ASSET-E7DEFA84,2026-08-31,68.76,1.591,79.6,46.9,0
ASSET-E7DEFA84,2026-09-01,68.55,1.294,81.3,38.0,0
ASSET-E7DEFA84,2026-09-02,71.53,1.696,78.7,53.7,0
ASSET-E7DEFA84,2026-09-03,70.13,1.455,76.8,50.5,0
ASSET-E7DEFA84,2026-09-04,62.27,1.604,74.9,32.6,0
ASSET-E7DEFA84,2026-09-05,62.08,1.503,87.8,42.0,0
ASSET-E7DEFA84,2026-09-06,66.11,1.446,80.4,28.6,0
ASSET-E7DEFA84,2026-09-07,66.08,1.477,88.3,33.7,0
ASSET-E7DEFA84,2026-09-08,65.47,1.544,83.6,44.1,0
ASSET-E7DEFA84,2026-09-09,64.89,1.342,88.5,74.7,0
ASSET-E7DEFA84,2026-09-10,66.84,1.458,83.9,45.4,0
ASSET-E7DEFA84,2026-09-11,64.0,1.687,83.6,26.7,0
ASSET-E7DEFA84,2026-09-12,64.66,1.662,85.5,48.9,0
ASSET-E7DEFA84,2026-09-13,63.48,1.368,82.7,54.2,0
ASSET-E7DEFA84,2026-09-14,66.78,1.745,87.9,34.0,0
ASSET-E7DEFA84,2026-09-15,60.53,1.485,76.1,55.9,0
ASSET-F3ED6E72,2026-03-20,61.63,1.398,68.4,38.9,0
ASSET-F3ED6E72,2026-03-21,64.07,1.692,86.5,49.4,0
ASSET-F3ED6E72,2026-03-22,67.12,1.047,82.6,58.5,0
ASSET-F3ED6E72,2026-03-23,65.73,1.76,84.6,53.0,0
ASSET-F3ED6E72,2026-03-24,63.44,1.162,78.6,40.2,0
ASSET-F3ED6E72,2026-03-25,58.97,1.35,76.9,32.2,0
ASSET-F3ED6E72,2026-03-26,64.8,1.649,76.2,47.3,0
ASSET-F3ED6E72,2026-03-27,66.05,1.208,79.0,42.0,0
ASSET-F3ED6E72,2026-03-28,64.71,1.706,83.8,55.6,0
ASSET-F3ED6E72,2026-03-29,63.76,1.341,76.6,36.0,0
ASSET-F3ED6E72,2026-03-30,67.27,1.543,86.5,38.7,0
ASSET-F3ED6E72,2026-03-31,67.89,1.756,75.6,56.1,0
ASSET-F3ED6E72,2026-04-01,67.61,1.587,79.6,37.1,0
ASSET-F3ED6E72,2026-04-02,64.91,1.185,82.8,40.0,0
ASSET-F3ED6E72,2026-04-03,71.37,1.193,78.4,48.3,0
ASSET-F3ED6E72,2026-04-04,64.42,1.333,80.3,55.7,0
ASSET-F3ED6E72,2026-04-05,65.07,1.458,80.0,56.4,0
ASSET-F3ED6E72,2026-04-06,66.08,1.314,79.7,51.8,0
ASSET-F3ED6E72,2026-04-07,64.05,1.055,82.7,56.4,0
ASSET-F3ED6E72,2026-04-08,61.56,1.644,78.8,52.6,0
ASSET-F3ED6E72,2026-04-09,68.58,1.561,84.8,47.6,0
ASSET-F3ED6E72,2026-04-10,65.12,1.764,77.6,40.0,0
ASSET-F3ED6E72,2026-04-11,66.23,1.697,79.1,40.5,0
ASSET-F3ED6E72,2026-04-12,68.15,1.522,69.9,48.0,0
ASSET-F3ED6E72,2026-04-13,63.66,1.622,77.2,53.5,0
ASSET-F3ED6E72,2026-04-14,67.9,1.822,70.6,61.4,0
ASSET-F3ED6E72,2026-04-15,67.83,1.09,90.8,39.8,0
ASSET-F3ED6E72,2026-04-16,64.18,1.223,76.9,55.0,0
ASSET-F3ED6E72,2026-04-17,62.56,1.304,71.6,39.5,0
ASSET-F3ED6E72,2026-04-18,62.42,1.659,82.2,47.0,0
ASSET-F3ED6E72,2026-04-19,64.7,1.574,78.7,61.0,0
ASSET-F3ED6E72,2026-04-20,67.71,1.065,94.1,51.2,0
ASSET-F3ED6E72,2026-04-21,67.57,1.52,69.8,51.5,0
ASSET-F3ED6E72,2026-04-22,65.58,1.306,80.5,50.4,0
ASSET-F3ED6E72,2026-04-23,69.15,1.657,84.3,54.6,0
ASSET-F3ED6E72,2026-04-24,62.45,1.227,82.1,53.1,0
ASSET-F3ED6E72,2026-04-25,68.17,1.714,87.9,59.6,0
ASSET-F3ED6E72,2026-04-26,65.33,1.396,87.1,64.2,0
ASSET-F3ED6E72,2026-04-27,64.07,1.571,79.4,41.2,0
ASSET-F3ED6E72,2026-04-28,61.03,1.563,79.8,63.7,0
ASSET-F3ED6E72,2026-04-29,70.07,1.387,83.0,41.8,0
ASSET-F3ED6E72,2026-04-30,62.28,1.44,74.9,46.5,0
ASSET-F3ED6E72,2026-05-01,68.59,1.636,75.7,57.7,0
ASSET-F3ED6E72,2026-05-02,66.1,1.482,81.7,34.8,0
ASSET-F3ED6E72,2026-05-03,66.36,1.456,78.4,58.4,0
ASSET-F3ED6E72,2026-05-04,61.0,1.657,77.7,41.8,0
ASSET-F3ED6E72,2026-05-05,59.36,1.287,73.8,56.8,0
ASSET-F3ED6E72,2026-05-06,66.29,1.642,77.7,40.2,0
ASSET-F3ED6E72,2026-05-07,62.28,1.6,85.2,44.7,0
ASSET-F3ED6E72,2026-05-08,65.45,1.459,81.4,43.5,0
ASSET-F3ED6E72,2026-05-09,65.36,1.459,82.8,55.2,0
ASSET-F3ED6E72,2026-05-10,60.69,1.307,73.2,51.4,0
ASSET-F3ED6E72,2026-05-11,64.03,1.443,82.0,52.9,0
ASSET-F3ED6E72,2026-05-12,66.91,1.838,86.0,66.0,0
ASSET-F3ED6E72,2026-05-13,63.74,1.542,84.2,61.0,0
ASSET-F3ED6E72,2026-05-14,64.14,1.481,75.5,40.7,0
ASSET-F3ED6E72,2026-05-15,67.69,1.191,81.9,50.8,0
ASSET-F3ED6E72,2026-05-16,65.49,1.424,83.4,54.0,0
ASSET-F3ED6E72,2026-05-17,66.08,1.746,91.0,41.4,0
ASSET-F3ED6E72,2026-05-18,65.35,1.644,80.6,39.5,0
ASSET-F3ED6E72,2026-05-19,68.02,1.7,81.1,53.3,0
ASSET-F3ED6E72,2026-05-20,58.77,1.466,74.1,30.5,0
ASSET-F3ED6E72,2026-05-21,58.78,1.663,85.2,42.6,0
ASSET-F3ED6E72,2026-05-22,63.97,1.856,67.6,41.7,0
ASSET-F3ED6E72,2026-05-23,60.96,1.606,80.7,52.9,0
ASSET-F3ED6E72,2026-05-24,70.84,1.511,71.3,50.2,0
ASSET-F3ED6E72,2026-05-25,65.27,1.382,85.6,49.8,0
ASSET-F3ED6E72,2026-05-26,63.54,1.116,84.3,44.4,0
ASSET-F3ED6E72,2026-05-27,62.12,1.656,81.7,57.7,0
ASSET-F3ED6E72,2026-05-28,60.27,1.568,84.0,44.3,0
ASSET-F3ED6E72,2026-05-29,63.93,1.332,73.3,46.2,0
ASSET-F3ED6E72,2026-05-30,63.25,1.333,73.9,57.8,0
ASSET-F3ED6E72,2026-05-31,61.0,1.528,80.4,45.7,0
ASSET-F3ED6E72,2026-06-01,63.09,1.363,85.2,41.3,0
ASSET-F3ED6E72,2026-06-02,62.12,1.406,75.6,42.1,0
ASSET-F3ED6E72,2026-06-03,64.81,1.761,77.7,53.9,0
ASSET-F3ED6E72,2026-06-04,61.28,1.339,78.5,36.0,0
ASSET-F3ED6E72,2026-06-05,61.39,1.624,73.9,36.0,0
ASSET-F3ED6E72,2026-06-06,61.75,1.365,83.3,59.7,0
ASSET-F3ED6E72,2026-06-07,69.75,1.652,81.5,52.3,0
ASSET-F3ED6E72,2026-06-08,62.48,1.848,78.1,49.4,0
ASSET-F3ED6E72,2026-06-09,64.39,1.329,76.5,58.2,0
ASSET-F3ED6E72,2026-06-10,61.9,1.429,100.0,69.9,0
ASSET-F3ED6E72,2026-06-11,63.47,1.74,84.0,51.2,0
ASSET-F3ED6E72,2026-06-12,62.74,1.693,77.6,47.1,0
ASSET-F3ED6E72,2026-06-13,70.71,1.627,84.9,60.1,0
ASSET-F3ED6E72,2026-06-14,61.96,1.619,84.8,69.1,0
ASSET-F3ED6E72,2026-06-15,72.6,1.14,80.8,72.9,0
ASSET-F3ED6E72,2026-06-16,64.32,1.104,83.1,32.8,0
ASSET-F3ED6E72,2026-06-17,66.01,1.59,85.3,66.2,0
ASSET-F3ED6E72,2026-06-18,64.76,1.68,83.8,62.6,0
ASSET-F3ED6E72,2026-06-19,64.85,1.408,80.0,49.5,0
ASSET-F3ED6E72,2026-06-20,65.03,2.059,78.0,57.5,0
ASSET-F3ED6E72,2026-06-21,61.08,1.734,75.9,70.5,0
ASSET-F3ED6E72,2026-06-22,65.56,1.322,79.9,41.6,0
ASSET-F3ED6E72,2026-06-23,70.62,1.26,70.8,50.4,0
ASSET-F3ED6E72,2026-06-24,62.74,1.286,89.5,46.7,0
ASSET-F3ED6E72,2026-06-25,62.76,1.511,82.3,40.0,0
ASSET-F3ED6E72,2026-06-26,72.06,1.282,77.2,45.2,0
ASSET-F3ED6E72,2026-06-27,66.29,1.153,77.2,51.0,0
ASSET-F3ED6E72,2026-06-28,61.76,1.372,82.4,48.5,0
ASSET-F3ED6E72,2026-06-29,63.58,1.412,74.9,53.0,0
ASSET-F3ED6E72,2026-06-30,69.41,1.426,85.9,59.2,0
ASSET-F3ED6E72,2026-07-01,68.73,1.443,76.3,58.6,0
ASSET-F3ED6E72,2026-07-02,65.79,1.689,76.1,39.6,0
ASSET-F3ED6E72,2026-07-03,69.42,1.642,75.8,55.6,0
ASSET-F3ED6E72,2026-07-04,63.57,1.419,79.6,46.5,0
ASSET-F3ED6E72,2026-07-05,68.33,1.619,87.9,66.6,0
ASSET-F3ED6E72,2026-07-06,65.24,1.522,76.1,65.1,0
ASSET-F3ED6E72,2026-07-07,69.52,1.394,85.6,51.5,0
ASSET-F3ED6E72,2026-07-08,63.6,1.757,81.1,51.0,0
ASSET-F3ED6E72,2026-07-09,68.35,1.601,79.7,37.6,0
ASSET-F3ED6E72,2026-07-10,66.03,1.726,73.4,70.8,0
ASSET-F3ED6E72,2026-07-11,64.71,1.779,82.3,49.6,0
ASSET-F3ED6E72,2026-07-12,63.98,1.824,80.4,53.5,0
ASSET-F3ED6E72,2026-07-13,66.31,0.925,84.8,48.7,0
ASSET-F3ED6E72,2026-07-14,67.08,1.439,79.9,46.7,0
ASSET-F3ED6E72,2026-07-15,65.87,1.299,76.7,67.9,0
ASSET-F3ED6E72,2026-07-16,66.38,1.559,76.3,39.0,0
ASSET-F3ED6E72,2026-07-17,64.75,1.592,83.6,50.8,0
ASSET-F3ED6E72,2026-07-18,63.22,1.088,74.6,42.3,0
ASSET-F3ED6E72,2026-07-19,61.01,1.76,74.6,42.2,0
ASSET-F3ED6E72,2026-07-20,62.75,1.422,70.1,57.6,0
ASSET-F3ED6E72,2026-07-21,69.73,2.029,77.4,64.1,0
ASSET-F3ED6E72,2026-07-22,64.86,1.64,89.5,62.4,0
ASSET-F3ED6E72,2026-07-23,72.39,1.152,84.0,48.1,0
ASSET-F3ED6E72,2026-07-24,71.97,1.55,84.1,42.2,0
ASSET-F3ED6E72,2026-07-25,66.45,1.575,86.8,35.2,0
ASSET-F3ED6E72,2026-07-26,67.13,1.524,71.8,61.9,0
ASSET-F3ED6E72,2026-07-27,65.05,1.284,82.1,56.6,0
ASSET-F3ED6E72,2026-07-28,67.77,1.418,82.0,49.7,0
ASSET-F3ED6E72,2026-07-29,63.07,1.365,79.1,53.8,0
ASSET-F3ED6E72,2026-07-30,66.71,1.347,84.5,53.6,0
ASSET-F3ED6E72,2026-07-31,65.24,1.289,74.7,27.5,0
ASSET-F3ED6E72,2026-08-01,63.87,1.516,83.2,62.8,0
ASSET-F3ED6E72,2026-08-02,70.82,1.461,81.9,57.3,0
ASSET-F3ED6E72,2026-08-03,62.92,1.514,84.6,57.0,0
ASSET-F3ED6E72,2026-08-04,64.74,1.597,85.2,44.5,0
ASSET-F3ED6E72,2026-08-05,64.53,1.802,81.4,46.8,0
ASSET-F3ED6E72,2026-08-06,71.24,1.918,76.4,50.0,0
ASSET-F3ED6E72,2026-08-07,65.31,1.31,82.9,47.0,0
ASSET-F3ED6E72,2026-08-08,65.73,1.654,93.5,69.4,0
ASSET-F3ED6E72,2026-08-09,71.13,1.47,80.9,56.7,0
ASSET-F3ED6E72,2026-08-10,71.76,1.521,81.7,43.3,0
ASSET-F3ED6E72,2026-08-11,69.69,1.306,69.9,52.6,0
ASSET-F3ED6E72,2026-08-12,63.43,0.966,84.9,44.0,0
ASSET-F3ED6E72,2026-08-13,71.6,1.64,84.6,46.5,0
ASSET-F3ED6E72,2026-08-14,67.34,1.533,81.2,51.6,0
ASSET-F3ED6E72,2026-08-15,67.76,1.361,82.5,52.6,0
ASSET-F3ED6E72,2026-08-16,64.65,1.691,75.7,46.7,0
ASSET-F3ED6E72,2026-08-17,66.26,1.572,80.7,60.3,0
ASSET-F3ED6E72,2026-08-18,72.82,1.527,69.0,50.5,0
ASSET-F3ED6E72,2026-08-19,63.29,1.563,82.0,58.7,0
ASSET-F3ED6E72,2026-08-20,63.76,1.88,77.5,42.0,0
ASSET-F3ED6E72,2026-08-21,64.93,1.839,82.9,41.6,0
ASSET-F3ED6E72,2026-08-22,65.22,1.31,89.3,58.7,0
ASSET-F3ED6E72,2026-08-23,68.73,1.549,82.0,38.0,0
ASSET-F3ED6E72,2026-08-24,68.36,1.509,81.7,46.7,0
ASSET-F3ED6E72,2026-08-25,62.84,1.368,75.8,43.4,0
ASSET-F3ED6E72,2026-08-26,65.73,1.122,82.5,48.9,0
ASSET-F3ED6E72,2026-08-27,58.81,1.326,77.3,53.8,0
ASSET-F3ED6E72,2026-08-28,62.14,1.61,76.8,63.6,0
ASSET-F3ED6E72,2026-08-29,64.34,1.394,92.5,49.9,0
ASSET-F3ED6E72,2026-08-30,64.47,1.724,78.2,50.7,0
ASSET-F3ED6E72,2026-08-31,68.5,1.245,78.5,43.4,0
ASSET-F3ED6E72,2026-09-01,63.98,1.369,82.7,48.3,0
ASSET-F3ED6E72,2026-09-02,64.37,1.08,78.9,37.6,0
ASSET-F3ED6E72,2026-09-03,73.4,1.786,79.5,48.6,0
ASSET-F3ED6E72,2026-09-04,60.82,1.331,78.8,58.3,0
ASSET-F3ED6E72,2026-09-05,66.59,1.766,77.3,42.7,0
ASSET-F3ED6E72,2026-09-06,70.38,1.525,78.3,47.2,0
ASSET-F3ED6E72,2026-09-07,65.1,1.747,85.0,45.7,0
ASSET-F3ED6E72,2026-09-08,65.02,1.309,77.6,41.1,0
ASSET-F3ED6E72,2026-09-09,64.44,1.499,70.3,46.6,0
ASSET-F3ED6E72,2026-09-10,62.75,1.604,72.5,58.7,0
ASSET-F3ED6E72,2026-09-11,60.97,1.435,88.5,37.9,0
ASSET-F3ED6E72,2026-09-12,69.11,1.544,74.4,52.7,0
ASSET-F3ED6E72,2026-09-13,67.54,1.347,76.4,54.9,0
ASSET-F3ED6E72,2026-09-14,66.66,1.307,73.5,51.8,0
ASSET-F3ED6E72,2026-09-15,67.15,1.291,79.4,45.0,0
ASSET-18E25628,2026-03-20,67.21,1.468,82.1,45.7,0
ASSET-18E25628,2026-03-21,63.95,1.511,87.6,60.1,0
ASSET-18E25628,2026-03-22,70.81,1.276,80.7,49.3,0
ASSET-18E25628,2026-03-23,66.17,1.357,77.1,63.2,0
ASSET-18E25628,2026-03-24,66.68,1.514,79.5,42.2,0
ASSET-18E25628,2026-03-25,59.77,1.353,85.5,48.3,0
ASSET-18E25628,2026-03-26,65.92,1.233,77.0,40.5,0
ASSET-18E25628,2026-03-27,68.99,1.398,77.7,71.1,0
ASSET-18E25628,2026-03-28,62.03,1.48,78.6,52.1,0
ASSET-18E25628,2026-03-29,57.02,1.457,81.5,46.1,0
ASSET-18E25628,2026-03-30,66.05,1.273,84.0,47.5,0
ASSET-18E25628,2026-03-31,61.63,1.457,81.7,43.3,0
ASSET-18E25628,2026-04-01,62.42,1.61,70.6,44.8,0
ASSET-18E25628,2026-04-02,66.32,1.652,76.8,38.2,0
ASSET-18E25628,2026-04-03,60.19,1.61,80.1,61.5,0
ASSET-18E25628,2026-04-04,68.71,1.486,76.0,50.6,0
ASSET-18E25628,2026-04-05,62.51,1.259,79.3,51.0,0
ASSET-18E25628,2026-04-06,66.12,1.46,84.3,44.3,0
ASSET-18E25628,2026-04-07,65.52,1.077,82.3,50.5,0
ASSET-18E25628,2026-04-08,71.19,1.233,77.0,52.5,0
ASSET-18E25628,2026-04-09,68.49,1.128,77.8,71.7,0
ASSET-18E25628,2026-04-10,62.2,1.657,71.2,61.9,0
ASSET-18E25628,2026-04-11,69.94,1.193,83.7,54.7,0
ASSET-18E25628,2026-04-12,65.43,1.663,75.5,57.4,0
ASSET-18E25628,2026-04-13,69.05,1.372,79.0,58.9,0
ASSET-18E25628,2026-04-14,64.88,1.521,77.6,48.7,0
ASSET-18E25628,2026-04-15,66.69,1.578,79.2,48.1,0
ASSET-18E25628,2026-04-16,66.02,1.611,72.1,41.9,0
ASSET-18E25628,2026-04-17,60.81,1.375,84.9,36.2,0
ASSET-18E25628,2026-04-18,61.74,1.403,79.1,48.5,0
ASSET-18E25628,2026-04-19,65.7,1.484,81.6,65.6,0
ASSET-18E25628,2026-04-20,67.98,1.618,79.9,52.2,0
ASSET-18E25628,2026-04-21,64.89,1.517,85.2,61.3,0
ASSET-18E25628,2026-04-22,61.83,1.445,81.0,36.2,0
ASSET-18E25628,2026-04-23,65.67,1.705,72.3,61.6,0
ASSET-18E25628,2026-04-24,65.23,1.513,83.9,42.3,0
ASSET-18E25628,2026-04-25,68.08,1.638,83.4,47.2,0
ASSET-18E25628,2026-04-26,64.92,1.504,81.7,63.6,0
ASSET-18E25628,2026-04-27,65.74,1.72,84.8,36.6,0
ASSET-18E25628,2026-04-28,69.32,1.194,79.8,49.1,0
ASSET-18E25628,2026-04-29,65.58,1.526,87.0,48.1,0
ASSET-18E25628,2026-04-30,61.85,1.457,80.3,52.3,0
ASSET-18E25628,2026-05-01,66.66,1.622,74.2,32.5,0
ASSET-18E25628,2026-05-02,70.5,1.235,81.9,56.0,0
ASSET-18E25628,2026-05-03,65.61,1.445,69.6,52.5,0
ASSET-18E25628,2026-05-04,63.52,1.954,86.7,52.9,0
ASSET-18E25628,2026-05-05,68.51,1.707,79.9,42.8,0
ASSET-18E25628,2026-05-06,67.17,1.629,84.3,61.9,0
ASSET-18E25628,2026-05-07,62.65,1.285,80.8,49.8,0
ASSET-18E25628,2026-05-08,63.31,1.458,89.2,45.6,0
ASSET-18E25628,2026-05-09,71.85,1.591,81.1,46.4,0
ASSET-18E25628,2026-05-10,63.13,1.413,70.3,30.0,0
ASSET-18E25628,2026-05-11,67.09,1.437,79.7,63.6,0
ASSET-18E25628,2026-05-12,65.85,1.018,83.2,69.8,0
ASSET-18E25628,2026-05-13,66.81,2.104,76.9,42.0,0
ASSET-18E25628,2026-05-14,58.48,1.372,77.5,49.2,0
ASSET-18E25628,2026-05-15,68.22,1.788,81.5,44.2,0
ASSET-18E25628,2026-05-16,66.95,1.496,79.0,64.5,0
ASSET-18E25628,2026-05-17,60.44,1.205,81.7,45.8,0
ASSET-18E25628,2026-05-18,65.48,1.485,91.0,56.8,0
ASSET-18E25628,2026-05-19,60.72,1.85,77.9,53.9,0
ASSET-18E25628,2026-05-20,67.01,1.545,75.4,42.7,0
ASSET-18E25628,2026-05-21,60.17,1.554,84.2,42.2,0
ASSET-18E25628,2026-05-22,67.59,1.426,82.0,67.0,0
ASSET-18E25628,2026-05-23,64.21,1.463,88.0,38.1,0
ASSET-18E25628,2026-05-24,68.85,1.707,78.3,41.9,0
ASSET-18E25628,2026-05-25,65.36,1.585,77.3,45.6,0
ASSET-18E25628,2026-05-26,66.37,1.54,89.4,46.3,0
ASSET-18E25628,2026-05-27,64.49,1.469,82.5,60.8,0
ASSET-18E25628,2026-05-28,62.74,1.816,77.0,49.4,0
ASSET-18E25628,2026-05-29,66.08,1.595,79.0,51.6,0
ASSET-18E25628,2026-05-30,65.09,1.37,79.5,63.9,0
ASSET-18E25628,2026-05-31,69.72,1.758,86.5,42.4,0
ASSET-18E25628,2026-06-01,66.25,2.026,83.1,38.9,0
ASSET-18E25628,2026-06-02,67.12,1.429,78.7,38.3,0
ASSET-18E25628,2026-06-03,64.86,1.615,82.2,32.2,0
ASSET-18E25628,2026-06-04,67.11,1.393,72.1,56.2,0
ASSET-18E25628,2026-06-05,62.91,1.573,82.0,59.6,0
ASSET-18E25628,2026-06-06,68.05,1.764,69.1,32.1,0
ASSET-18E25628,2026-06-07,65.16,1.691,80.4,31.4,0
ASSET-18E25628,2026-06-08,64.38,1.794,85.8,65.0,0
ASSET-18E25628,2026-06-09,65.63,1.593,77.7,53.7,0
ASSET-18E25628,2026-06-10,66.43,1.443,77.5,42.7,0
ASSET-18E25628,2026-06-11,64.67,1.481,71.8,42.7,0
ASSET-18E25628,2026-06-12,66.53,1.695,80.0,65.6,0
ASSET-18E25628,2026-06-13,64.64,1.102,89.1,45.8,0
ASSET-18E25628,2026-06-14,58.86,1.382,74.0,55.5,0
ASSET-18E25628,2026-06-15,61.39,1.618,80.0,47.8,0
ASSET-18E25628,2026-06-16,63.6,0.956,84.1,52.4,0
ASSET-18E25628,2026-06-17,68.18,1.751,79.8,49.2,0
ASSET-18E25628,2026-06-18,61.73,1.432,82.5,51.0,0
ASSET-18E25628,2026-06-19,62.21,1.605,78.0,44.9,0
ASSET-18E25628,2026-06-20,66.75,1.248,85.1,63.2,0
ASSET-18E25628,2026-06-21,60.89,1.804,70.8,71.4,0
ASSET-18E25628,2026-06-22,61.82,1.201,82.8,38.3,0
ASSET-18E25628,2026-06-23,65.97,1.749,82.9,47.8,0
ASSET-18E25628,2026-06-24,65.8,1.181,84.5,55.8,0
ASSET-18E25628,2026-06-25,67.53,1.428,68.1,57.3,0
ASSET-18E25628,2026-06-26,67.74,1.496,94.4,38.8,0
ASSET-18E25628,2026-06-27,66.14,1.477,77.5,41.3,0
ASSET-18E25628,2026-06-28,66.5,1.511,77.0,47.8,0
ASSET-18E25628,2026-06-29,65.7,1.659,72.7,63.9,0
ASSET-18E25628,2026-06-30,65.66,1.276,83.8,65.1,0
ASSET-18E25628,2026-07-01,64.15,1.445,84.9,28.3,0
ASSET-18E25628,2026-07-02,65.68,1.492,82.6,28.8,0
ASSET-18E25628,2026-07-03,66.02,1.766,85.2,43.9,0
ASSET-18E25628,2026-07-04,62.48,1.688,86.2,55.2,0
ASSET-18E25628,2026-07-05,65.87,1.468,87.0,79.1,0
ASSET-18E25628,2026-07-06,65.53,1.761,74.9,48.0,0
ASSET-18E25628,2026-07-07,63.33,1.268,73.7,54.9,0
ASSET-18E25628,2026-07-08,68.48,1.635,88.0,60.4,0
ASSET-18E25628,2026-07-09,69.04,1.372,81.4,67.3,0
ASSET-18E25628,2026-07-10,65.45,1.265,83.9,48.9,0
ASSET-18E25628,2026-07-11,66.49,1.27,72.5,32.2,0
ASSET-18E25628,2026-07-12,64.5,1.342,76.7,61.5,0
ASSET-18E25628,2026-07-13,61.82,1.526,76.0,62.0,0
ASSET-18E25628,2026-07-14,68.67,1.111,79.4,64.6,0
ASSET-18E25628,2026-07-15,63.17,1.49,84.2,33.3,0
ASSET-18E25628,2026-07-16,68.31,1.43,80.8,43.2,0
ASSET-18E25628,2026-07-17,61.07,1.612,81.0,57.7,0
ASSET-18E25628,2026-07-18,60.62,1.965,76.6,47.5,0
ASSET-18E25628,2026-07-19,71.86,1.577,81.7,63.4,0
ASSET-18E25628,2026-07-20,65.57,1.313,77.9,42.5,0
ASSET-18E25628,2026-07-21,59.4,1.268,71.2,39.2,0
ASSET-18E25628,2026-07-22,62.2,1.199,78.2,56.7,0
ASSET-18E25628,2026-07-23,66.24,1.433,75.3,51.7,0
ASSET-18E25628,2026-07-24,60.41,1.446,76.9,44.2,0
ASSET-18E25628,2026-07-25,61.49,1.519,81.9,46.0,0
ASSET-18E25628,2026-07-26,67.94,1.614,77.3,64.2,0
ASSET-18E25628,2026-07-27,72.74,1.808,88.9,61.9,0
ASSET-18E25628,2026-07-28,65.85,1.616,85.8,42.3,0
ASSET-18E25628,2026-07-29,68.84,1.775,77.9,29.8,0
ASSET-18E25628,2026-07-30,58.43,1.612,84.0,50.4,0
ASSET-18E25628,2026-07-31,70.88,1.912,82.0,56.3,0
ASSET-18E25628,2026-08-01,62.79,1.256,84.4,59.4,0
ASSET-18E25628,2026-08-02,62.02,1.669,87.2,64.5,0
ASSET-18E25628,2026-08-03,66.9,1.388,82.4,62.6,0
ASSET-18E25628,2026-08-04,66.16,1.674,78.0,57.2,0
ASSET-18E25628,2026-08-05,61.72,1.454,83.9,45.0,0
ASSET-18E25628,2026-08-06,63.71,1.356,91.2,47.0,0
ASSET-18E25628,2026-08-07,64.64,1.398,76.2,55.6,0
ASSET-18E25628,2026-08-08,68.06,1.506,76.5,37.1,0
ASSET-18E25628,2026-08-09,60.92,1.779,79.4,61.7,0
ASSET-18E25628,2026-08-10,68.97,1.705,73.8,49.5,0
ASSET-18E25628,2026-08-11,63.23,1.421,87.4,45.9,0
ASSET-18E25628,2026-08-12,58.84,1.402,82.1,44.2,0
ASSET-18E25628,2026-08-13,64.97,1.627,77.4,43.1,0
ASSET-18E25628,2026-08-14,67.7,1.644,79.6,56.5,0
ASSET-18E25628,2026-08-15,70.43,1.342,77.5,63.7,0
ASSET-18E25628,2026-08-16,62.87,1.838,77.1,40.8,0
ASSET-18E25628,2026-08-17,64.59,0.884,77.0,63.8,0
ASSET-18E25628,2026-08-18,65.44,1.448,79.1,52.8,0
ASSET-18E25628,2026-08-19,67.84,1.828,77.4,49.8,0
ASSET-18E25628,2026-08-20,71.86,2.072,87.4,80.8,0
ASSET-18E25628,2026-08-21,73.64,2.063,76.6,92.1,0
ASSET-18E25628,2026-08-22,73.61,2.324,73.5,71.8,0
ASSET-18E25628,2026-08-23,73.1,2.251,67.9,113.7,0
ASSET-18E25628,2026-08-24,65.47,2.327,67.6,100.6,0
ASSET-18E25628,2026-08-25,71.14,2.557,67.5,76.3,0
ASSET-18E25628,2026-08-26,70.76,2.367,71.8,135.5,0
ASSET-18E25628,2026-08-27,69.46,2.609,69.5,106.6,0
ASSET-18E25628,2026-08-28,73.46,2.57,81.4,84.9,0
ASSET-18E25628,2026-08-29,78.42,2.601,63.4,100.9,0
ASSET-18E25628,2026-08-30,73.29,3.47,75.0,126.8,0
ASSET-18E25628,2026-08-31,77.49,3.288,73.4,130.1,0
ASSET-18E25628,2026-09-01,77.15,3.34,81.2,116.1,0
ASSET-18E25628,2026-09-02,79.13,3.57,67.3,139.4,0
ASSET-18E25628,2026-09-03,79.56,3.014,70.4,144.5,0
ASSET-18E25628,2026-09-04,80.03,3.642,57.9,139.5,0
ASSET-18E25628,2026-09-05,73.34,4.001,65.8,208.5,0
ASSET-18E25628,2026-09-06,87.11,3.882,63.6,180.7,0
ASSET-18E25628,2026-09-07,85.79,3.856,62.9,204.1,0
ASSET-18E25628,2026-09-08,83.89,3.735,60.7,188.1,0
ASSET-18E25628,2026-09-09,77.48,4.083,72.8,189.6,0
ASSET-18E25628,2026-09-10,82.21,3.819,64.6,179.7,0
ASSET-18E25628,2026-09-11,84.53,4.067,50.5,246.0,0
ASSET-18E25628,2026-09-12,86.41,5.346,56.8,167.5,0
ASSET-18E25628,2026-09-13,82.36,5.553,56.3,246.4,0
ASSET-18E25628,2026-09-14,84.16,5.35,42.7,200.3,0
ASSET-18E25628,2026-09-15,97.95,4.54,55.7,249.6,1
ASSET-8E0299D9,2026-03-20,64.71,1.265,80.5,50.6,0
ASSET-8E0299D9,2026-03-21,65.66,1.359,80.6,55.0,0
ASSET-8E0299D9,2026-03-22,66.24,1.445,80.1,61.8,0
ASSET-8E0299D9,2026-03-23,63.74,1.74,84.3,41.8,0
ASSET-8E0299D9,2026-03-24,65.05,1.278,86.6,39.0,0
ASSET-8E0299D9,2026-03-25,66.6,1.436,90.7,48.4,0
ASSET-8E0299D9,2026-03-26,68.8,1.499,81.6,49.9,0
ASSET-8E0299D9,2026-03-27,62.73,1.629,75.1,42.0,0
ASSET-8E0299D9,2026-03-28,68.31,1.791,76.2,43.8,0
ASSET-8E0299D9,2026-03-29,63.59,1.493,84.0,36.7,0
ASSET-8E0299D9,2026-03-30,65.15,1.672,76.0,52.5,0
ASSET-8E0299D9,2026-03-31,69.54,1.471,78.2,61.8,0
ASSET-8E0299D9,2026-04-01,61.69,1.439,79.5,50.8,0
ASSET-8E0299D9,2026-04-02,65.68,1.394,83.3,36.4,0
ASSET-8E0299D9,2026-04-03,59.94,1.311,76.7,41.3,0
ASSET-8E0299D9,2026-04-04,66.55,1.386,78.9,25.9,0
ASSET-8E0299D9,2026-04-05,60.22,1.387,72.3,46.6,0
ASSET-8E0299D9,2026-04-06,60.39,1.751,87.8,51.3,0
ASSET-8E0299D9,2026-04-07,60.25,1.568,88.9,41.2,0
ASSET-8E0299D9,2026-04-08,63.25,1.77,78.1,32.7,0
ASSET-8E0299D9,2026-04-09,66.38,1.641,75.6,62.3,0
ASSET-8E0299D9,2026-04-10,65.92,1.393,74.5,49.9,0
ASSET-8E0299D9,2026-04-11,68.46,1.508,83.3,55.5,0
ASSET-8E0299D9,2026-04-12,62.45,1.594,83.1,71.4,0
ASSET-8E0299D9,2026-04-13,64.63,1.218,71.6,57.4,0
ASSET-8E0299D9,2026-04-14,63.89,1.765,82.6,62.1,0
ASSET-8E0299D9,2026-04-15,64.0,1.463,84.6,32.3,0
ASSET-8E0299D9,2026-04-16,63.8,1.518,69.4,61.6,0
ASSET-8E0299D9,2026-04-17,66.98,1.587,67.1,57.4,0
ASSET-8E0299D9,2026-04-18,64.83,1.808,82.0,63.5,0
ASSET-8E0299D9,2026-04-19,68.75,1.622,81.1,50.7,0
ASSET-8E0299D9,2026-04-20,64.89,1.712,82.2,53.6,0
ASSET-8E0299D9,2026-04-21,64.33,1.711,85.6,43.8,0
ASSET-8E0299D9,2026-04-22,62.21,1.801,79.0,46.6,0
ASSET-8E0299D9,2026-04-23,61.71,1.415,75.8,58.7,0
ASSET-8E0299D9,2026-04-24,65.62,1.482,90.0,55.3,0
ASSET-8E0299D9,2026-04-25,68.92,1.555,84.8,49.4,0
ASSET-8E0299D9,2026-04-26,63.47,1.538,83.1,55.9,0
ASSET-8E0299D9,2026-04-27,68.21,1.618,75.9,34.4,0
ASSET-8E0299D9,2026-04-28,62.89,1.489,79.5,37.8,0
ASSET-8E0299D9,2026-04-29,61.46,1.585,84.9,41.5,0
ASSET-8E0299D9,2026-04-30,66.74,1.658,82.2,56.9,0
ASSET-8E0299D9,2026-05-01,66.34,1.362,81.7,44.8,0
ASSET-8E0299D9,2026-05-02,65.11,1.321,78.6,69.2,0
ASSET-8E0299D9,2026-05-03,63.48,1.556,79.9,48.4,0
ASSET-8E0299D9,2026-05-04,66.65,1.832,84.9,55.9,0
ASSET-8E0299D9,2026-05-05,63.09,2.042,69.7,23.6,0
ASSET-8E0299D9,2026-05-06,65.77,1.14,80.7,56.9,0
ASSET-8E0299D9,2026-05-07,59.91,1.599,76.5,51.2,0
ASSET-8E0299D9,2026-05-08,64.38,1.316,77.8,43.0,0
ASSET-8E0299D9,2026-05-09,66.03,1.483,80.8,51.5,0
ASSET-8E0299D9,2026-05-10,59.72,1.615,81.2,55.4,0
ASSET-8E0299D9,2026-05-11,67.28,1.765,75.7,56.2,0
ASSET-8E0299D9,2026-05-12,68.93,1.056,73.7,74.1,0
ASSET-8E0299D9,2026-05-13,68.15,1.851,69.5,62.7,0
ASSET-8E0299D9,2026-05-14,61.66,1.629,76.2,44.8,0
ASSET-8E0299D9,2026-05-15,67.85,1.489,89.5,54.8,0
ASSET-8E0299D9,2026-05-16,65.39,1.323,71.2,53.5,0
ASSET-8E0299D9,2026-05-17,70.9,1.569,78.5,36.1,0
ASSET-8E0299D9,2026-05-18,65.74,1.392,82.1,29.3,0
ASSET-8E0299D9,2026-05-19,56.76,1.495,88.2,49.7,0
ASSET-8E0299D9,2026-05-20,70.31,1.631,88.1,28.2,0
ASSET-8E0299D9,2026-05-21,59.38,1.617,85.0,64.9,0
ASSET-8E0299D9,2026-05-22,64.26,1.44,71.1,49.6,0
ASSET-8E0299D9,2026-05-23,64.18,1.698,76.8,66.3,0
ASSET-8E0299D9,2026-05-24,65.78,1.071,77.8,47.7,0
ASSET-8E0299D9,2026-05-25,65.95,1.601,79.0,42.8,0
ASSET-8E0299D9,2026-05-26,67.25,1.907,81.9,45.1,0
ASSET-8E0299D9,2026-05-27,60.77,1.491,74.9,70.8,0
ASSET-8E0299D9,2026-05-28,68.94,1.447,78.6,64.4,0
ASSET-8E0299D9,2026-05-29,71.43,1.451,77.0,57.9,0
ASSET-8E0299D9,2026-05-30,68.52,1.427,75.2,40.8,0
ASSET-8E0299D9,2026-05-31,63.09,1.511,78.2,47.5,0
ASSET-8E0299D9,2026-06-01,61.17,1.437,83.3,41.1,0
ASSET-8E0299D9,2026-06-02,64.27,1.834,79.5,44.5,0
ASSET-8E0299D9,2026-06-03,68.53,1.69,81.7,62.7,0
ASSET-8E0299D9,2026-06-04,62.16,1.415,82.2,48.4,0
ASSET-8E0299D9,2026-06-05,68.03,1.357,83.9,49.5,0
ASSET-8E0299D9,2026-06-06,66.7,1.496,78.5,61.5,0
ASSET-8E0299D9,2026-06-07,63.21,1.516,70.6,42.9,0
ASSET-8E0299D9,2026-06-08,63.35,1.399,74.9,31.7,0
ASSET-8E0299D9,2026-06-09,62.76,1.607,85.9,67.4,0
ASSET-8E0299D9,2026-06-10,65.02,1.521,76.7,37.0,0
ASSET-8E0299D9,2026-06-11,69.1,1.38,77.0,39.4,0
ASSET-8E0299D9,2026-06-12,64.88,1.317,75.0,44.8,0
ASSET-8E0299D9,2026-06-13,62.11,1.514,77.3,61.6,0
ASSET-8E0299D9,2026-06-14,63.35,1.75,79.7,37.7,0
ASSET-8E0299D9,2026-06-15,64.44,2.062,73.2,43.4,0
ASSET-8E0299D9,2026-06-16,63.91,1.403,77.6,35.3,0
ASSET-8E0299D9,2026-06-17,63.56,1.825,78.9,50.3,0
ASSET-8E0299D9,2026-06-18,66.17,1.511,87.4,47.5,0
ASSET-8E0299D9,2026-06-19,65.94,1.463,80.7,60.4,0
ASSET-8E0299D9,2026-06-20,65.81,1.761,79.4,54.7,0
ASSET-8E0299D9,2026-06-21,62.1,1.471,85.1,52.4,0
ASSET-8E0299D9,2026-06-22,64.3,1.332,76.2,57.0,0
ASSET-8E0299D9,2026-06-23,64.37,1.445,78.5,64.3,0
ASSET-8E0299D9,2026-06-24,66.94,1.385,71.2,58.4,0
ASSET-8E0299D9,2026-06-25,60.51,1.658,75.4,39.0,0
ASSET-8E0299D9,2026-06-26,61.86,1.66,77.6,40.7,0
ASSET-8E0299D9,2026-06-27,64.62,1.473,83.7,39.7,0
ASSET-8E0299D9,2026-06-28,70.13,1.451,80.1,48.0,0
ASSET-8E0299D9,2026-06-29,67.43,1.429,77.6,49.8,0
ASSET-8E0299D9,2026-06-30,63.33,1.52,82.2,64.1,0
ASSET-8E0299D9,2026-07-01,68.2,1.367,83.9,58.2,0
ASSET-8E0299D9,2026-07-02,70.25,1.136,80.1,50.8,0
ASSET-8E0299D9,2026-07-03,70.75,1.44,79.3,37.0,0
ASSET-8E0299D9,2026-07-04,66.16,1.261,79.0,47.7,0
ASSET-8E0299D9,2026-07-05,65.78,1.62,82.7,46.0,0
ASSET-8E0299D9,2026-07-06,66.28,1.765,83.2,44.9,0
ASSET-8E0299D9,2026-07-07,63.42,1.772,86.6,58.9,0
ASSET-8E0299D9,2026-07-08,63.89,1.774,73.1,47.7,0
ASSET-8E0299D9,2026-07-09,67.75,1.42,82.8,57.4,0
ASSET-8E0299D9,2026-07-10,69.5,1.564,87.4,42.4,0
ASSET-8E0299D9,2026-07-11,68.26,1.463,88.6,28.3,0
ASSET-8E0299D9,2026-07-12,61.82,1.377,83.5,52.3,0
ASSET-8E0299D9,2026-07-13,61.39,1.466,80.1,47.3,0
ASSET-8E0299D9,2026-07-14,64.63,1.334,75.9,44.3,0
ASSET-8E0299D9,2026-07-15,61.91,2.0,72.7,53.5,0
ASSET-8E0299D9,2026-07-16,65.39,1.114,74.7,48.7,0
ASSET-8E0299D9,2026-07-17,65.1,1.531,68.6,56.5,0
ASSET-8E0299D9,2026-07-18,61.67,1.191,82.9,52.8,0
ASSET-8E0299D9,2026-07-19,65.88,1.773,77.3,54.8,0
ASSET-8E0299D9,2026-07-20,59.69,1.531,76.5,63.8,0
ASSET-8E0299D9,2026-07-21,69.43,1.53,79.2,52.2,0
ASSET-8E0299D9,2026-07-22,60.05,1.348,74.9,47.6,0
ASSET-8E0299D9,2026-07-23,61.2,1.759,75.1,50.2,0
ASSET-8E0299D9,2026-07-24,65.39,1.6,83.8,52.4,0
ASSET-8E0299D9,2026-07-25,72.86,1.676,81.6,43.7,0
ASSET-8E0299D9,2026-07-26,64.91,1.741,85.5,53.0,0
ASSET-8E0299D9,2026-07-27,64.79,1.269,79.5,53.4,0
ASSET-8E0299D9,2026-07-28,67.03,1.586,82.0,53.2,0
ASSET-8E0299D9,2026-07-29,68.21,1.482,79.2,42.1,0
ASSET-8E0299D9,2026-07-30,70.32,1.416,84.9,57.1,0
ASSET-8E0299D9,2026-07-31,63.32,1.368,82.6,68.9,0
ASSET-8E0299D9,2026-08-01,63.43,1.463,75.3,50.1,0
ASSET-8E0299D9,2026-08-02,64.37,1.421,80.9,40.6,0
ASSET-8E0299D9,2026-08-03,63.89,1.775,72.3,46.2,0
ASSET-8E0299D9,2026-08-04,67.86,1.484,79.3,58.5,0
ASSET-8E0299D9,2026-08-05,64.1,1.576,79.8,50.4,0
ASSET-8E0299D9,2026-08-06,65.86,1.149,80.6,54.2,0
ASSET-8E0299D9,2026-08-07,57.01,1.898,76.0,60.4,0
ASSET-8E0299D9,2026-08-08,67.01,1.637,80.4,58.3,0
ASSET-8E0299D9,2026-08-09,63.61,1.297,78.7,31.4,0
ASSET-8E0299D9,2026-08-10,67.2,1.675,76.6,42.2,0
ASSET-8E0299D9,2026-08-11,69.75,1.364,79.9,59.2,0
ASSET-8E0299D9,2026-08-12,65.27,1.436,80.3,67.0,0
ASSET-8E0299D9,2026-08-13,67.95,1.7,77.2,38.1,0
ASSET-8E0299D9,2026-08-14,66.61,1.556,80.4,37.2,0
ASSET-8E0299D9,2026-08-15,61.35,1.139,87.9,35.3,0
ASSET-8E0299D9,2026-08-16,66.01,0.962,83.2,53.8,0
ASSET-8E0299D9,2026-08-17,61.38,1.461,78.8,41.0,0
ASSET-8E0299D9,2026-08-18,70.62,1.444,73.1,49.3,0
ASSET-8E0299D9,2026-08-19,61.72,1.11,79.1,46.0,0
ASSET-8E0299D9,2026-08-20,67.53,1.528,77.9,43.4,0
ASSET-8E0299D9,2026-08-21,66.95,1.097,79.4,61.1,0
ASSET-8E0299D9,2026-08-22,60.71,1.345,80.6,41.3,0
ASSET-8E0299D9,2026-08-23,66.9,1.693,67.9,49.0,0
ASSET-8E0299D9,2026-08-24,70.62,1.267,79.7,58.2,0
ASSET-8E0299D9,2026-08-25,64.26,1.53,77.2,48.9,0
ASSET-8E0299D9,2026-08-26,61.89,1.865,84.2,64.3,0
ASSET-8E0299D9,2026-08-27,60.93,1.651,76.5,64.0,0
ASSET-8E0299D9,2026-08-28,65.91,1.862,79.6,66.0,0
ASSET-8E0299D9,2026-08-29,65.38,1.84,79.3,55.7,0
ASSET-8E0299D9,2026-08-30,69.5,1.746,75.4,60.0,0
ASSET-8E0299D9,2026-08-31,63.78,1.801,81.2,61.7,0
ASSET-8E0299D9,2026-09-01,68.43,1.74,80.4,58.0,0
ASSET-8E0299D9,2026-09-02,66.35,1.453,82.6,44.4,0
ASSET-8E0299D9,2026-09-03,58.99,1.62,80.1,56.9,0
ASSET-8E0299D9,2026-09-04,64.12,1.461,82.0,53.7,0
ASSET-8E0299D9,2026-09-05,65.05,1.537,90.3,40.0,0
ASSET-8E0299D9,2026-09-06,70.1,1.733,76.3,59.4,0
ASSET-8E0299D9,2026-09-07,66.34,1.43,79.7,35.2,0
ASSET-8E0299D9,2026-09-08,67.88,1.572,81.3,33.7,0
ASSET-8E0299D9,2026-09-09,64.23,1.447,90.1,48.3,0
ASSET-8E0299D9,2026-09-10,65.37,1.535,78.9,44.9,0
ASSET-8E0299D9,2026-09-11,67.42,1.216,88.3,52.0,0
ASSET-8E0299D9,2026-09-12,67.14,1.704,76.8,45.2,0
ASSET-8E0299D9,2026-09-13,61.76,1.653,81.6,40.8,0
ASSET-8E0299D9,2026-09-14,62.81,1.505,74.0,32.6,0
ASSET-8E0299D9,2026-09-15,65.22,1.241,82.8,65.6,0
ASSET-20ED689C,2026-03-20,66.08,1.746,79.0,68.4,0
ASSET-20ED689C,2026-03-21,71.69,1.712,80.4,38.8,0
ASSET-20ED689C,2026-03-22,57.77,1.652,80.1,28.5,0
ASSET-20ED689C,2026-03-23,67.96,1.578,65.6,44.8,0
ASSET-20ED689C,2026-03-24,66.71,1.23,91.9,45.3,0
ASSET-20ED689C,2026-03-25,64.59,1.706,92.7,38.1,0
ASSET-20ED689C,2026-03-26,65.81,1.637,77.8,36.4,0
ASSET-20ED689C,2026-03-27,66.69,1.548,89.5,44.9,0
ASSET-20ED689C,2026-03-28,65.26,0.976,75.6,59.7,0
ASSET-20ED689C,2026-03-29,64.77,1.457,75.5,53.5,0
ASSET-20ED689C,2026-03-30,66.2,1.635,76.1,34.4,0
ASSET-20ED689C,2026-03-31,64.04,1.677,79.6,46.0,0
ASSET-20ED689C,2026-04-01,66.96,1.444,80.3,49.9,0
ASSET-20ED689C,2026-04-02,65.31,1.268,70.1,30.7,0
ASSET-20ED689C,2026-04-03,64.01,1.747,85.5,57.2,0
ASSET-20ED689C,2026-04-04,68.58,1.44,87.4,55.8,0
ASSET-20ED689C,2026-04-05,67.59,1.312,86.3,23.9,0
ASSET-20ED689C,2026-04-06,70.75,1.442,77.1,36.5,0
ASSET-20ED689C,2026-04-07,62.8,1.205,74.8,49.7,0
ASSET-20ED689C,2026-04-08,67.74,1.464,88.3,51.9,0
ASSET-20ED689C,2026-04-09,70.22,1.147,75.4,62.2,0
ASSET-20ED689C,2026-04-10,60.32,1.523,86.1,50.9,0
ASSET-20ED689C,2026-04-11,67.28,1.9,75.3,33.3,0
ASSET-20ED689C,2026-04-12,64.88,1.696,80.5,46.6,0
ASSET-20ED689C,2026-04-13,64.77,1.549,86.1,65.9,0
ASSET-20ED689C,2026-04-14,61.67,1.61,77.0,44.2,0
ASSET-20ED689C,2026-04-15,63.98,1.492,83.0,39.4,0
ASSET-20ED689C,2026-04-16,61.23,1.372,69.8,42.2,0
ASSET-20ED689C,2026-04-17,63.88,1.469,80.7,41.0,0
ASSET-20ED689C,2026-04-18,66.85,1.424,81.3,53.5,0
ASSET-20ED689C,2026-04-19,72.12,1.669,78.5,39.2,0
ASSET-20ED689C,2026-04-20,69.18,1.637,70.5,42.5,0
ASSET-20ED689C,2026-04-21,60.85,1.461,69.1,53.2,0
ASSET-20ED689C,2026-04-22,63.28,1.225,84.5,57.1,0
ASSET-20ED689C,2026-04-23,68.99,1.501,82.7,66.9,0
ASSET-20ED689C,2026-04-24,66.2,1.251,78.9,41.9,0
ASSET-20ED689C,2026-04-25,63.57,1.524,80.4,57.0,0
ASSET-20ED689C,2026-04-26,67.83,1.567,81.1,57.5,0
ASSET-20ED689C,2026-04-27,61.4,1.932,84.5,48.1,0
ASSET-20ED689C,2026-04-28,63.79,1.168,78.8,59.6,0
ASSET-20ED689C,2026-04-29,71.19,1.606,73.4,22.9,0
ASSET-20ED689C,2026-04-30,66.87,1.463,73.3,55.8,0
ASSET-20ED689C,2026-05-01,66.57,1.79,84.6,63.6,0
ASSET-20ED689C,2026-05-02,61.15,1.75,88.9,55.9,0
ASSET-20ED689C,2026-05-03,71.42,1.905,77.4,55.5,0
ASSET-20ED689C,2026-05-04,64.15,1.672,77.3,55.3,0
ASSET-20ED689C,2026-05-05,63.45,1.721,81.6,51.7,0
ASSET-20ED689C,2026-05-06,63.18,1.417,75.5,33.2,0
ASSET-20ED689C,2026-05-07,65.24,1.63,85.3,48.3,0
ASSET-20ED689C,2026-05-08,64.57,1.235,71.2,41.5,0
ASSET-20ED689C,2026-05-09,69.96,1.459,73.9,46.9,0
ASSET-20ED689C,2026-05-10,64.52,1.258,78.7,53.8,0
ASSET-20ED689C,2026-05-11,67.86,1.491,80.4,45.3,0
ASSET-20ED689C,2026-05-12,64.17,1.454,82.7,56.4,0
ASSET-20ED689C,2026-05-13,60.8,1.183,77.7,36.3,0
ASSET-20ED689C,2026-05-14,61.86,1.515,83.7,35.5,0
ASSET-20ED689C,2026-05-15,64.98,1.543,88.9,61.0,0
ASSET-20ED689C,2026-05-16,66.51,1.552,76.9,41.3,0
ASSET-20ED689C,2026-05-17,66.73,1.604,83.8,53.4,0
ASSET-20ED689C,2026-05-18,65.76,1.676,67.3,65.7,0
ASSET-20ED689C,2026-05-19,65.09,1.255,79.0,55.6,0
ASSET-20ED689C,2026-05-20,61.11,1.321,75.3,38.5,0
ASSET-20ED689C,2026-05-21,66.44,1.485,71.2,36.4,0
ASSET-20ED689C,2026-05-22,62.59,1.61,86.7,27.7,0
ASSET-20ED689C,2026-05-23,64.21,1.607,78.3,51.4,0
ASSET-20ED689C,2026-05-24,62.15,1.798,80.0,55.3,0
ASSET-20ED689C,2026-05-25,64.63,1.296,85.1,39.0,0
ASSET-20ED689C,2026-05-26,69.2,1.146,82.1,33.9,0
ASSET-20ED689C,2026-05-27,71.04,1.939,81.0,55.5,0
ASSET-20ED689C,2026-05-28,61.89,1.828,80.0,63.5,0
ASSET-20ED689C,2026-05-29,63.36,1.763,81.8,40.6,0
ASSET-20ED689C,2026-05-30,66.07,1.578,78.3,49.3,0
ASSET-20ED689C,2026-05-31,65.46,1.252,79.1,47.4,0
ASSET-20ED689C,2026-06-01,63.55,1.558,81.2,44.4,0
ASSET-20ED689C,2026-06-02,68.66,1.304,77.6,36.0,0
ASSET-20ED689C,2026-06-03,62.54,1.346,78.4,37.1,0
ASSET-20ED689C,2026-06-04,63.22,1.622,83.8,37.9,0
ASSET-20ED689C,2026-06-05,63.73,2.251,77.0,50.7,0
ASSET-20ED689C,2026-06-06,69.04,1.409,87.5,43.0,0
ASSET-20ED689C,2026-06-07,62.8,1.529,74.2,74.2,0
ASSET-20ED689C,2026-06-08,61.66,1.414,78.2,45.9,0
ASSET-20ED689C,2026-06-09,61.11,1.715,74.3,50.5,0
ASSET-20ED689C,2026-06-10,64.53,1.23,81.0,58.7,0
ASSET-20ED689C,2026-06-11,62.28,1.718,82.1,49.5,0
ASSET-20ED689C,2026-06-12,62.71,1.764,84.7,54.2,0
ASSET-20ED689C,2026-06-13,64.01,1.386,80.5,53.5,0
ASSET-20ED689C,2026-06-14,63.29,1.677,78.9,51.0,0
ASSET-20ED689C,2026-06-15,67.89,1.385,72.2,55.2,0
ASSET-20ED689C,2026-06-16,65.5,1.54,87.8,50.6,0
ASSET-20ED689C,2026-06-17,64.63,1.741,84.0,42.8,0
ASSET-20ED689C,2026-06-18,62.69,1.337,69.6,50.3,0
ASSET-20ED689C,2026-06-19,63.14,1.301,76.6,44.1,0
ASSET-20ED689C,2026-06-20,64.35,1.409,81.1,55.6,0
ASSET-20ED689C,2026-06-21,63.28,1.514,71.8,48.6,0
ASSET-20ED689C,2026-06-22,62.54,1.408,85.2,38.4,0
ASSET-20ED689C,2026-06-23,68.46,1.772,79.9,50.3,0
ASSET-20ED689C,2026-06-24,63.73,1.422,71.5,44.8,0
ASSET-20ED689C,2026-06-25,69.57,1.54,83.1,51.7,0
ASSET-20ED689C,2026-06-26,57.81,1.677,72.3,52.1,0
ASSET-20ED689C,2026-06-27,62.41,1.691,71.0,30.0,0
ASSET-20ED689C,2026-06-28,62.78,1.761,87.5,77.2,0
ASSET-20ED689C,2026-06-29,60.21,1.569,81.0,52.5,0
ASSET-20ED689C,2026-06-30,66.45,1.565,80.5,43.7,0
ASSET-20ED689C,2026-07-01,64.83,1.279,75.2,41.4,0
ASSET-20ED689C,2026-07-02,64.54,1.573,75.7,59.8,0
ASSET-20ED689C,2026-07-03,63.85,1.609,63.3,32.8,0
ASSET-20ED689C,2026-07-04,67.96,1.638,78.7,59.6,0
ASSET-20ED689C,2026-07-05,64.52,1.05,83.7,44.7,0
ASSET-20ED689C,2026-07-06,66.56,1.692,76.3,36.2,0
ASSET-20ED689C,2026-07-07,63.74,1.629,75.7,44.7,0
ASSET-20ED689C,2026-07-08,58.19,1.411,75.4,50.1,0
ASSET-20ED689C,2026-07-09,68.68,1.484,79.3,53.0,0
ASSET-20ED689C,2026-07-10,65.9,1.432,81.0,43.4,0
ASSET-20ED689C,2026-07-11,64.81,1.381,78.2,53.2,0
ASSET-20ED689C,2026-07-12,68.75,1.327,72.7,42.7,0
ASSET-20ED689C,2026-07-13,65.16,1.409,88.0,45.3,0
ASSET-20ED689C,2026-07-14,64.72,1.654,81.7,41.8,0
ASSET-20ED689C,2026-07-15,59.61,1.252,76.1,50.9,0
ASSET-20ED689C,2026-07-16,63.23,1.348,83.4,65.6,0
ASSET-20ED689C,2026-07-17,63.4,1.57,67.1,36.8,0
ASSET-20ED689C,2026-07-18,60.86,1.6,77.2,43.8,0
ASSET-20ED689C,2026-07-19,60.85,1.258,81.4,53.3,0
ASSET-20ED689C,2026-07-20,65.65,1.477,81.3,45.5,0
ASSET-20ED689C,2026-07-21,60.22,1.558,82.3,53.3,0
ASSET-20ED689C,2026-07-22,64.68,1.565,78.5,28.0,0
ASSET-20ED689C,2026-07-23,64.39,1.512,84.0,42.8,0
ASSET-20ED689C,2026-07-24,71.41,1.398,80.7,32.5,0
ASSET-20ED689C,2026-07-25,64.82,1.474,79.1,57.4,0
ASSET-20ED689C,2026-07-26,68.0,1.485,70.4,45.8,0
ASSET-20ED689C,2026-07-27,63.34,1.697,78.9,51.2,0
ASSET-20ED689C,2026-07-28,63.6,1.52,88.4,26.0,0
ASSET-20ED689C,2026-07-29,69.25,1.276,80.8,66.4,0
ASSET-20ED689C,2026-07-30,60.37,1.106,77.2,54.8,0
ASSET-20ED689C,2026-07-31,66.25,1.462,78.6,55.3,0
ASSET-20ED689C,2026-08-01,65.0,1.526,81.7,42.0,0
ASSET-20ED689C,2026-08-02,64.63,1.636,77.0,56.0,0
ASSET-20ED689C,2026-08-03,64.86,1.465,86.5,40.3,0
ASSET-20ED689C,2026-08-04,67.38,1.227,81.7,52.8,0
ASSET-20ED689C,2026-08-05,61.29,1.478,74.0,41.7,0
ASSET-20ED689C,2026-08-06,61.97,1.741,88.4,33.8,0
ASSET-20ED689C,2026-08-07,68.5,1.793,82.2,47.5,0
ASSET-20ED689C,2026-08-08,65.29,1.563,80.6,63.1,0
ASSET-20ED689C,2026-08-09,69.41,1.697,74.3,48.0,0
ASSET-20ED689C,2026-08-10,59.1,1.717,80.2,61.5,0
ASSET-20ED689C,2026-08-11,66.52,1.664,78.2,49.3,0
ASSET-20ED689C,2026-08-12,63.71,1.454,91.2,66.1,0
ASSET-20ED689C,2026-08-13,65.95,1.503,73.6,69.1,0
ASSET-20ED689C,2026-08-14,66.53,1.452,80.9,73.6,0
ASSET-20ED689C,2026-08-15,63.1,1.628,86.3,57.3,0
ASSET-20ED689C,2026-08-16,65.95,1.848,85.6,58.6,0
ASSET-20ED689C,2026-08-17,62.72,1.179,86.4,47.6,0
ASSET-20ED689C,2026-08-18,66.22,1.5,88.0,55.9,0
ASSET-20ED689C,2026-08-19,65.25,1.606,79.4,45.0,0
ASSET-20ED689C,2026-08-20,69.35,1.687,82.9,54.0,0
ASSET-20ED689C,2026-08-21,63.7,1.466,76.1,52.6,0
ASSET-20ED689C,2026-08-22,65.51,1.361,77.1,51.8,0
ASSET-20ED689C,2026-08-23,66.74,1.592,83.4,25.3,0
ASSET-20ED689C,2026-08-24,70.08,1.44,79.1,39.0,0
ASSET-20ED689C,2026-08-25,64.05,1.523,73.0,50.1,0
ASSET-20ED689C,2026-08-26,66.86,1.106,81.2,54.8,0
ASSET-20ED689C,2026-08-27,64.64,1.564,87.1,74.3,0
ASSET-20ED689C,2026-08-28,69.38,1.56,76.1,49.7,0
ASSET-20ED689C,2026-08-29,63.2,0.876,89.4,51.1,0
ASSET-20ED689C,2026-08-30,64.89,0.999,78.0,48.5,0
ASSET-20ED689C,2026-08-31,64.47,1.181,76.8,47.1,0
ASSET-20ED689C,2026-09-01,66.4,1.764,84.3,52.5,0
ASSET-20ED689C,2026-09-02,63.0,1.697,81.0,55.6,0
ASSET-20ED689C,2026-09-03,65.19,1.42,77.5,54.1,0
ASSET-20ED689C,2026-09-04,66.08,1.291,78.2,49.2,0
ASSET-20ED689C,2026-09-05,65.72,1.53,76.6,53.8,0
ASSET-20ED689C,2026-09-06,59.79,1.65,89.1,62.1,0
ASSET-20ED689C,2026-09-07,72.38,1.45,77.3,38.9,0
ASSET-20ED689C,2026-09-08,64.08,1.634,79.9,64.4,0
ASSET-20ED689C,2026-09-09,59.33,1.436,80.5,63.5,0
ASSET-20ED689C,2026-09-10,68.34,1.337,85.4,49.2,0
ASSET-20ED689C,2026-09-11,63.83,1.419,72.8,40.8,0
ASSET-20ED689C,2026-09-12,70.94,1.491,75.2,44.8,0
ASSET-20ED689C,2026-09-13,59.67,1.565,73.3,40.8,0
ASSET-20ED689C,2026-09-14,66.67,1.318,88.1,51.6,0
ASSET-20ED689C,2026-09-15,67.32,1.185,84.9,42.8,0
ASSET-5CC56CAD,2026-03-20,69.09,1.568,80.6,56.0,0
ASSET-5CC56CAD,2026-03-21,62.97,1.664,75.5,47.4,0
ASSET-5CC56CAD,2026-03-22,61.25,1.333,68.3,63.2,0
ASSET-5CC56CAD,2026-03-23,66.05,1.504,86.8,43.9,0
ASSET-5CC56CAD,2026-03-24,61.02,1.518,86.4,72.0,0
ASSET-5CC56CAD,2026-03-25,60.24,1.271,82.6,31.7,0
ASSET-5CC56CAD,2026-03-26,64.32,1.57,85.4,47.1,0
ASSET-5CC56CAD,2026-03-27,64.83,1.525,70.9,54.6,0
ASSET-5CC56CAD,2026-03-28,63.05,1.578,79.3,55.7,0
ASSET-5CC56CAD,2026-03-29,69.18,1.614,71.9,43.7,0
ASSET-5CC56CAD,2026-03-30,62.04,1.55,77.0,42.5,0
ASSET-5CC56CAD,2026-03-31,64.76,1.414,81.0,55.3,0
ASSET-5CC56CAD,2026-04-01,67.13,1.585,72.2,39.8,0
ASSET-5CC56CAD,2026-04-02,60.14,1.693,78.5,28.0,0
ASSET-5CC56CAD,2026-04-03,63.25,1.659,77.8,53.3,0
ASSET-5CC56CAD,2026-04-04,63.69,1.62,83.5,50.3,0
ASSET-5CC56CAD,2026-04-05,62.9,1.262,74.8,49.5,0
ASSET-5CC56CAD,2026-04-06,63.57,1.234,73.9,42.2,0
ASSET-5CC56CAD,2026-04-07,64.7,1.786,79.6,55.7,0
ASSET-5CC56CAD,2026-04-08,70.31,1.278,87.1,52.4,0
ASSET-5CC56CAD,2026-04-09,63.72,1.62,81.1,52.8,0
ASSET-5CC56CAD,2026-04-10,67.11,1.512,68.8,53.2,0
ASSET-5CC56CAD,2026-04-11,67.57,1.332,73.6,28.2,0
ASSET-5CC56CAD,2026-04-12,67.29,1.39,81.8,40.8,0
ASSET-5CC56CAD,2026-04-13,68.68,1.529,76.8,44.6,0
ASSET-5CC56CAD,2026-04-14,63.74,1.197,79.6,50.7,0
ASSET-5CC56CAD,2026-04-15,68.6,1.244,80.5,60.0,0
ASSET-5CC56CAD,2026-04-16,63.71,1.549,76.0,41.5,0
ASSET-5CC56CAD,2026-04-17,62.16,1.682,75.0,49.1,0
ASSET-5CC56CAD,2026-04-18,64.51,1.408,73.8,39.3,0
ASSET-5CC56CAD,2026-04-19,65.13,1.617,81.0,27.5,0
ASSET-5CC56CAD,2026-04-20,63.12,1.294,81.9,36.1,0
ASSET-5CC56CAD,2026-04-21,64.78,1.601,77.6,49.5,0
ASSET-5CC56CAD,2026-04-22,68.28,1.306,79.8,56.6,0
ASSET-5CC56CAD,2026-04-23,62.14,1.38,83.6,57.3,0
ASSET-5CC56CAD,2026-04-24,64.67,1.482,80.4,52.3,0
ASSET-5CC56CAD,2026-04-25,66.09,1.476,78.6,33.0,0
ASSET-5CC56CAD,2026-04-26,60.56,1.555,75.8,46.7,0
ASSET-5CC56CAD,2026-04-27,61.93,1.682,80.1,51.1,0
ASSET-5CC56CAD,2026-04-28,63.12,1.734,82.9,71.2,0
ASSET-5CC56CAD,2026-04-29,65.07,1.657,72.0,50.9,0
ASSET-5CC56CAD,2026-04-30,68.12,1.413,79.7,59.8,0
ASSET-5CC56CAD,2026-05-01,67.18,1.409,77.8,35.2,0
ASSET-5CC56CAD,2026-05-02,63.85,1.36,78.9,43.7,0
ASSET-5CC56CAD,2026-05-03,60.5,1.362,78.6,66.5,0
ASSET-5CC56CAD,2026-05-04,67.67,1.615,75.4,50.6,0
ASSET-5CC56CAD,2026-05-05,60.43,1.339,86.4,41.3,0
ASSET-5CC56CAD,2026-05-06,68.42,1.814,74.0,54.8,0
ASSET-5CC56CAD,2026-05-07,61.35,1.475,77.5,57.8,0
ASSET-5CC56CAD,2026-05-08,61.67,1.788,85.2,40.3,0
ASSET-5CC56CAD,2026-05-09,68.29,1.371,83.1,47.1,0
ASSET-5CC56CAD,2026-05-10,60.09,1.429,81.4,45.1,0
ASSET-5CC56CAD,2026-05-11,65.38,1.102,87.5,34.7,0
ASSET-5CC56CAD,2026-05-12,63.36,1.502,85.1,32.0,0
ASSET-5CC56CAD,2026-05-13,61.08,1.676,83.3,62.1,0
ASSET-5CC56CAD,2026-05-14,64.58,1.732,83.8,52.6,0
ASSET-5CC56CAD,2026-05-15,63.36,1.315,84.7,57.7,0
ASSET-5CC56CAD,2026-05-16,64.24,1.786,86.4,49.5,0
ASSET-5CC56CAD,2026-05-17,68.2,1.39,84.5,60.0,0
ASSET-5CC56CAD,2026-05-18,66.4,1.69,80.7,32.7,0
ASSET-5CC56CAD,2026-05-19,66.55,1.636,75.0,34.1,0
ASSET-5CC56CAD,2026-05-20,64.44,1.218,86.8,57.5,0
ASSET-5CC56CAD,2026-05-21,59.74,1.323,72.6,54.1,0
ASSET-5CC56CAD,2026-05-22,60.28,1.732,69.9,48.4,0
ASSET-5CC56CAD,2026-05-23,61.66,1.455,80.8,50.0,0
ASSET-5CC56CAD,2026-05-24,65.14,1.629,82.2,60.9,0
ASSET-5CC56CAD,2026-05-25,60.18,1.64,81.6,47.5,0
ASSET-5CC56CAD,2026-05-26,67.43,1.45,81.5,39.6,0
ASSET-5CC56CAD,2026-05-27,61.1,1.506,75.2,41.9,0
ASSET-5CC56CAD,2026-05-28,65.66,1.666,90.0,56.2,0
ASSET-5CC56CAD,2026-05-29,64.72,1.53,80.6,49.3,0
ASSET-5CC56CAD,2026-05-30,62.27,1.708,79.0,57.9,0
ASSET-5CC56CAD,2026-05-31,64.14,1.321,77.4,39.9,0
ASSET-5CC56CAD,2026-06-01,67.6,1.433,81.9,44.7,0
ASSET-5CC56CAD,2026-06-02,63.75,1.428,75.1,54.7,0
ASSET-5CC56CAD,2026-06-03,65.8,1.463,86.0,63.5,0
ASSET-5CC56CAD,2026-06-04,63.4,1.459,73.4,44.9,0
ASSET-5CC56CAD,2026-06-05,63.24,1.22,84.2,58.3,0
ASSET-5CC56CAD,2026-06-06,62.12,1.382,72.1,58.6,0
ASSET-5CC56CAD,2026-06-07,62.98,1.27,84.1,55.4,0
ASSET-5CC56CAD,2026-06-08,64.0,1.782,85.4,72.0,0
ASSET-5CC56CAD,2026-06-09,65.55,1.367,84.6,37.7,0
ASSET-5CC56CAD,2026-06-10,67.74,1.616,79.3,49.6,0
ASSET-5CC56CAD,2026-06-11,63.17,1.287,76.7,46.7,0
ASSET-5CC56CAD,2026-06-12,67.12,1.543,85.6,60.8,0
ASSET-5CC56CAD,2026-06-13,64.11,1.525,79.4,59.3,0
ASSET-5CC56CAD,2026-06-14,66.22,1.602,75.8,45.8,0
ASSET-5CC56CAD,2026-06-15,65.82,1.356,73.2,45.0,0
ASSET-5CC56CAD,2026-06-16,70.6,1.68,77.2,35.3,0
ASSET-5CC56CAD,2026-06-17,73.91,1.678,80.8,56.3,0
ASSET-5CC56CAD,2026-06-18,62.46,1.262,84.3,56.9,0
ASSET-5CC56CAD,2026-06-19,60.15,1.772,90.3,42.6,0
ASSET-5CC56CAD,2026-06-20,66.47,1.764,86.7,39.2,0
ASSET-5CC56CAD,2026-06-21,69.66,1.237,83.0,36.9,0
ASSET-5CC56CAD,2026-06-22,66.84,1.602,81.3,47.7,0
ASSET-5CC56CAD,2026-06-23,65.65,1.594,76.1,40.2,0
ASSET-5CC56CAD,2026-06-24,69.68,1.666,78.8,40.5,0
ASSET-5CC56CAD,2026-06-25,65.75,1.565,79.9,49.1,0
ASSET-5CC56CAD,2026-06-26,72.81,1.531,78.8,45.3,0
ASSET-5CC56CAD,2026-06-27,60.37,1.627,70.5,47.7,0
ASSET-5CC56CAD,2026-06-28,63.55,1.661,82.6,46.4,0
ASSET-5CC56CAD,2026-06-29,61.48,1.471,86.4,54.0,0
ASSET-5CC56CAD,2026-06-30,69.98,1.263,87.5,44.8,0
ASSET-5CC56CAD,2026-07-01,63.06,1.558,81.6,59.4,0
ASSET-5CC56CAD,2026-07-02,64.64,1.52,86.3,30.0,0
ASSET-5CC56CAD,2026-07-03,63.34,1.231,83.9,47.8,0
ASSET-5CC56CAD,2026-07-04,60.76,1.599,76.8,55.9,0
ASSET-5CC56CAD,2026-07-05,62.67,1.2,86.8,38.7,0
ASSET-5CC56CAD,2026-07-06,66.46,1.294,77.6,40.1,0
ASSET-5CC56CAD,2026-07-07,68.62,1.475,83.9,53.7,0
ASSET-5CC56CAD,2026-07-08,64.75,1.186,87.1,50.2,0
ASSET-5CC56CAD,2026-07-09,66.55,1.68,70.8,38.1,0
ASSET-5CC56CAD,2026-07-10,64.94,0.952,85.9,54.2,0
ASSET-5CC56CAD,2026-07-11,62.38,1.053,76.1,35.9,0
ASSET-5CC56CAD,2026-07-12,66.31,1.334,86.3,56.7,0
ASSET-5CC56CAD,2026-07-13,63.0,1.512,72.6,57.7,0
ASSET-5CC56CAD,2026-07-14,65.26,1.507,81.6,44.0,0
ASSET-5CC56CAD,2026-07-15,61.55,1.857,77.8,59.5,0
ASSET-5CC56CAD,2026-07-16,68.7,1.489,78.6,65.5,0
ASSET-5CC56CAD,2026-07-17,65.55,1.338,85.4,63.7,0
ASSET-5CC56CAD,2026-07-18,66.58,1.31,84.6,65.5,0
ASSET-5CC56CAD,2026-07-19,66.91,1.401,73.7,59.3,0
ASSET-5CC56CAD,2026-07-20,64.39,1.806,88.1,58.3,0
ASSET-5CC56CAD,2026-07-21,62.58,1.318,76.7,51.8,0
ASSET-5CC56CAD,2026-07-22,63.52,1.73,72.2,56.3,0
ASSET-5CC56CAD,2026-07-23,67.98,1.27,89.7,54.7,0
ASSET-5CC56CAD,2026-07-24,65.64,1.529,74.1,54.3,0
ASSET-5CC56CAD,2026-07-25,66.24,1.57,85.7,63.9,0
ASSET-5CC56CAD,2026-07-26,65.04,1.432,79.1,51.5,0
ASSET-5CC56CAD,2026-07-27,65.86,1.585,79.2,40.8,0
ASSET-5CC56CAD,2026-07-28,66.71,1.45,82.0,35.4,0
ASSET-5CC56CAD,2026-07-29,65.28,1.933,87.5,65.9,0
ASSET-5CC56CAD,2026-07-30,69.19,1.614,77.6,40.4,0
ASSET-5CC56CAD,2026-07-31,69.35,1.632,75.9,63.9,0
ASSET-5CC56CAD,2026-08-01,70.58,1.494,83.9,65.4,0
ASSET-5CC56CAD,2026-08-02,63.61,1.388,81.8,44.4,0
ASSET-5CC56CAD,2026-08-03,65.12,1.65,73.6,48.4,0
ASSET-5CC56CAD,2026-08-04,68.37,1.537,89.5,31.4,0
ASSET-5CC56CAD,2026-08-05,64.24,1.45,81.1,31.9,0
ASSET-5CC56CAD,2026-08-06,62.73,1.706,77.7,47.1,0
ASSET-5CC56CAD,2026-08-07,65.73,1.664,79.2,73.9,0
ASSET-5CC56CAD,2026-08-08,67.74,1.67,76.0,42.2,0
ASSET-5CC56CAD,2026-08-09,62.03,1.293,82.3,46.3,0
ASSET-5CC56CAD,2026-08-10,67.24,1.442,74.2,48.6,0
ASSET-5CC56CAD,2026-08-11,64.24,1.445,77.9,58.1,0
ASSET-5CC56CAD,2026-08-12,62.6,1.428,80.0,41.8,0
ASSET-5CC56CAD,2026-08-13,66.37,1.389,83.7,57.3,0
ASSET-5CC56CAD,2026-08-14,57.88,1.268,75.3,40.7,0
ASSET-5CC56CAD,2026-08-15,69.23,1.82,85.2,47.7,0
ASSET-5CC56CAD,2026-08-16,64.87,1.725,85.3,48.9,0
ASSET-5CC56CAD,2026-08-17,63.09,1.485,91.2,41.5,0
ASSET-5CC56CAD,2026-08-18,64.72,1.456,78.3,63.4,0
ASSET-5CC56CAD,2026-08-19,63.57,1.373,77.7,53.9,0
ASSET-5CC56CAD,2026-08-20,60.0,1.65,81.1,55.6,0
ASSET-5CC56CAD,2026-08-21,70.3,1.446,77.7,48.9,0
ASSET-5CC56CAD,2026-08-22,66.98,1.098,75.2,62.6,0
ASSET-5CC56CAD,2026-08-23,66.5,1.377,77.4,59.9,0
ASSET-5CC56CAD,2026-08-24,67.46,1.445,83.3,51.5,0
ASSET-5CC56CAD,2026-08-25,65.62,1.173,79.6,42.1,0
ASSET-5CC56CAD,2026-08-26,66.3,1.685,79.9,54.7,0
ASSET-5CC56CAD,2026-08-27,63.18,1.699,75.0,61.1,0
ASSET-5CC56CAD,2026-08-28,69.73,1.255,78.4,45.1,0
ASSET-5CC56CAD,2026-08-29,63.64,1.555,75.5,45.3,0
ASSET-5CC56CAD,2026-08-30,68.9,1.596,81.7,48.1,0
ASSET-5CC56CAD,2026-08-31,64.56,1.427,77.9,24.2,0
ASSET-5CC56CAD,2026-09-01,66.55,1.514,89.7,48.7,0
ASSET-5CC56CAD,2026-09-02,60.86,1.523,88.9,33.1,0
ASSET-5CC56CAD,2026-09-03,66.7,1.534,81.2,61.4,0
ASSET-5CC56CAD,2026-09-04,65.98,0.948,76.0,46.2,0
ASSET-5CC56CAD,2026-09-05,65.72,1.361,79.8,55.4,0
ASSET-5CC56CAD,2026-09-06,68.9,1.505,89.8,51.9,0
ASSET-5CC56CAD,2026-09-07,66.18,1.347,80.1,35.5,0
ASSET-5CC56CAD,2026-09-08,65.87,1.457,67.4,58.8,0
ASSET-5CC56CAD,2026-09-09,63.36,1.477,83.5,50.6,0
ASSET-5CC56CAD,2026-09-10,65.75,1.755,75.9,45.0,0
ASSET-5CC56CAD,2026-09-11,68.28,1.481,81.0,50.9,0
ASSET-5CC56CAD,2026-09-12,70.09,1.217,74.8,51.9,0
ASSET-5CC56CAD,2026-09-13,67.23,1.624,77.8,47.7,0
ASSET-5CC56CAD,2026-09-14,62.13,1.148,80.8,43.6,0
ASSET-5CC56CAD,2026-09-15,65.84,1.543,79.7,29.9,0
ASSET-162A721F,2026-03-20,68.32,1.494,82.7,72.6,0
ASSET-162A721F,2026-03-21,64.03,1.574,87.3,51.6,0
ASSET-162A721F,2026-03-22,61.41,1.495,82.1,48.2,0
ASSET-162A721F,2026-03-23,67.72,1.475,87.3,60.0,0
ASSET-162A721F,2026-03-24,65.1,1.573,80.4,60.3,0
ASSET-162A721F,2026-03-25,62.77,0.916,74.2,54.2,0
ASSET-162A721F,2026-03-26,70.31,1.416,80.7,58.1,0
ASSET-162A721F,2026-03-27,74.41,1.351,78.3,44.9,0
ASSET-162A721F,2026-03-28,67.22,1.21,87.3,61.5,0
ASSET-162A721F,2026-03-29,63.11,1.573,71.4,55.7,0
ASSET-162A721F,2026-03-30,63.94,1.555,73.6,57.9,0
ASSET-162A721F,2026-03-31,66.07,1.636,72.2,60.4,0
ASSET-162A721F,2026-04-01,61.64,1.259,86.4,41.4,0
ASSET-162A721F,2026-04-02,64.7,1.477,88.0,59.9,0
ASSET-162A721F,2026-04-03,62.46,1.392,77.6,47.8,0
ASSET-162A721F,2026-04-04,63.89,1.816,79.8,47.4,0
ASSET-162A721F,2026-04-05,58.46,1.598,89.2,30.8,0
ASSET-162A721F,2026-04-06,62.92,1.155,83.1,16.2,0
ASSET-162A721F,2026-04-07,66.88,1.623,77.0,54.8,0
ASSET-162A721F,2026-04-08,60.6,1.463,72.0,55.3,0
ASSET-162A721F,2026-04-09,60.4,1.342,84.4,49.2,0
ASSET-162A721F,2026-04-10,63.35,1.667,78.1,36.9,0
ASSET-162A721F,2026-04-11,65.64,1.593,77.1,55.4,0
ASSET-162A721F,2026-04-12,67.72,1.692,77.5,53.9,0
ASSET-162A721F,2026-04-13,69.68,1.389,78.9,65.3,0
ASSET-162A721F,2026-04-14,62.93,1.693,72.3,31.0,0
ASSET-162A721F,2026-04-15,65.42,1.22,85.1,55.5,0
ASSET-162A721F,2026-04-16,61.44,1.297,73.4,42.4,0
ASSET-162A721F,2026-04-17,68.1,1.381,82.7,54.4,0
ASSET-162A721F,2026-04-18,65.31,1.58,81.1,52.6,0
ASSET-162A721F,2026-04-19,62.59,1.52,88.4,49.3,0
ASSET-162A721F,2026-04-20,70.22,1.317,81.2,47.8,0
ASSET-162A721F,2026-04-21,58.9,1.183,82.8,53.4,0
ASSET-162A721F,2026-04-22,66.83,1.312,90.1,60.3,0
ASSET-162A721F,2026-04-23,68.19,1.178,76.6,46.2,0
ASSET-162A721F,2026-04-24,62.49,1.203,83.1,48.2,0
ASSET-162A721F,2026-04-25,66.4,1.713,83.1,36.7,0
ASSET-162A721F,2026-04-26,64.84,1.674,77.9,75.8,0
ASSET-162A721F,2026-04-27,66.5,1.373,77.9,43.2,0
ASSET-162A721F,2026-04-28,66.67,1.692,86.7,47.2,0
ASSET-162A721F,2026-04-29,62.06,1.683,84.8,69.5,0
ASSET-162A721F,2026-04-30,63.99,1.332,73.7,54.7,0
ASSET-162A721F,2026-05-01,68.69,1.782,73.9,49.3,0
ASSET-162A721F,2026-05-02,66.14,1.72,78.3,48.8,0
ASSET-162A721F,2026-05-03,66.17,1.276,80.7,42.0,0
ASSET-162A721F,2026-05-04,63.74,1.32,85.2,66.4,0
ASSET-162A721F,2026-05-05,62.3,1.544,82.0,39.8,0
ASSET-162A721F,2026-05-06,66.16,1.723,83.7,40.1,0
ASSET-162A721F,2026-05-07,64.35,1.09,73.7,45.4,0
ASSET-162A721F,2026-05-08,67.8,1.509,74.1,50.2,0
ASSET-162A721F,2026-05-09,58.93,1.427,79.1,44.6,0
ASSET-162A721F,2026-05-10,65.62,1.327,79.5,48.9,0
ASSET-162A721F,2026-05-11,67.44,1.376,78.0,51.5,0
ASSET-162A721F,2026-05-12,65.26,1.455,83.7,53.5,0
ASSET-162A721F,2026-05-13,67.15,1.464,81.3,50.0,0
ASSET-162A721F,2026-05-14,70.87,1.616,78.4,47.1,0
ASSET-162A721F,2026-05-15,66.94,0.967,71.0,54.4,0
ASSET-162A721F,2026-05-16,63.12,1.313,75.7,55.3,0
ASSET-162A721F,2026-05-17,67.39,1.725,81.9,44.3,0
ASSET-162A721F,2026-05-18,64.49,1.733,78.2,49.7,0
ASSET-162A721F,2026-05-19,61.18,1.816,74.6,44.6,0
ASSET-162A721F,2026-05-20,63.91,1.31,73.0,55.4,0
ASSET-162A721F,2026-05-21,64.42,1.527,75.4,57.1,0
ASSET-162A721F,2026-05-22,64.86,1.328,72.7,72.1,0
ASSET-162A721F,2026-05-23,70.04,1.506,87.9,42.6,0
ASSET-162A721F,2026-05-24,61.42,1.816,75.0,36.4,0
ASSET-162A721F,2026-05-25,65.34,1.391,81.1,43.4,0
ASSET-162A721F,2026-05-26,71.4,1.547,82.4,55.7,0
ASSET-162A721F,2026-05-27,58.84,1.642,74.7,40.4,0
ASSET-162A721F,2026-05-28,69.25,1.575,88.3,67.1,0
ASSET-162A721F,2026-05-29,64.37,1.558,83.7,41.8,0
ASSET-162A721F,2026-05-30,60.75,1.41,82.1,41.1,0
ASSET-162A721F,2026-05-31,72.84,1.587,91.6,57.9,0
ASSET-162A721F,2026-06-01,57.75,1.63,67.8,41.8,0
ASSET-162A721F,2026-06-02,64.83,1.247,79.3,60.5,0
ASSET-162A721F,2026-06-03,64.98,1.772,83.5,39.6,0
ASSET-162A721F,2026-06-04,62.75,1.698,82.0,49.6,0
ASSET-162A721F,2026-06-05,61.89,1.478,73.8,70.3,0
ASSET-162A721F,2026-06-06,69.07,1.782,80.9,47.2,0
ASSET-162A721F,2026-06-07,68.75,1.592,76.3,45.2,0
ASSET-162A721F,2026-06-08,64.31,1.642,75.6,50.8,0
ASSET-162A721F,2026-06-09,63.38,1.371,71.4,47.9,0
ASSET-162A721F,2026-06-10,63.8,1.136,83.2,64.4,0
ASSET-162A721F,2026-06-11,61.65,1.328,82.3,51.6,0
ASSET-162A721F,2026-06-12,60.7,1.345,81.5,61.0,0
ASSET-162A721F,2026-06-13,64.61,1.545,78.9,56.7,0
ASSET-162A721F,2026-06-14,66.97,1.177,81.0,58.3,0
ASSET-162A721F,2026-06-15,67.72,1.227,82.2,37.0,0
ASSET-162A721F,2026-06-16,65.21,1.639,77.8,36.0,0
ASSET-162A721F,2026-06-17,64.97,1.336,79.7,46.7,0
ASSET-162A721F,2026-06-18,66.37,1.318,80.3,45.2,0
ASSET-162A721F,2026-06-19,69.25,1.506,85.9,50.3,0
ASSET-162A721F,2026-06-20,64.93,1.435,81.3,39.9,0
ASSET-162A721F,2026-06-21,66.05,1.251,86.5,55.6,0
ASSET-162A721F,2026-06-22,62.03,1.713,84.3,46.6,0
ASSET-162A721F,2026-06-23,66.21,1.655,86.5,36.1,0
ASSET-162A721F,2026-06-24,61.84,1.641,80.6,44.7,0
ASSET-162A721F,2026-06-25,63.63,1.13,82.1,44.0,0
ASSET-162A721F,2026-06-26,68.05,1.314,81.1,45.6,0
ASSET-162A721F,2026-06-27,67.62,1.457,70.0,34.6,0
ASSET-162A721F,2026-06-28,63.57,1.511,78.0,53.0,0
ASSET-162A721F,2026-06-29,66.96,1.21,68.2,64.6,0
ASSET-162A721F,2026-06-30,64.64,1.729,75.8,49.2,0
ASSET-162A721F,2026-07-01,65.23,1.348,81.5,58.8,0
ASSET-162A721F,2026-07-02,67.73,1.473,85.5,46.8,0
ASSET-162A721F,2026-07-03,61.32,1.423,71.8,51.0,0
ASSET-162A721F,2026-07-04,68.13,1.656,80.3,70.2,0
ASSET-162A721F,2026-07-05,68.3,1.604,80.6,39.8,0
ASSET-162A721F,2026-07-06,64.27,1.336,75.2,43.2,0
ASSET-162A721F,2026-07-07,65.77,1.707,85.5,47.3,0
ASSET-162A721F,2026-07-08,68.65,1.679,83.1,52.2,0
ASSET-162A721F,2026-07-09,56.71,1.786,84.9,63.1,0
ASSET-162A721F,2026-07-10,64.74,1.857,74.5,34.3,0
ASSET-162A721F,2026-07-11,68.56,1.405,86.1,46.3,0
ASSET-162A721F,2026-07-12,60.21,1.515,76.7,56.4,0
ASSET-162A721F,2026-07-13,68.81,1.003,85.3,64.9,0
ASSET-162A721F,2026-07-14,61.62,1.155,86.7,28.0,0
ASSET-162A721F,2026-07-15,63.04,1.347,82.8,54.0,0
ASSET-162A721F,2026-07-16,57.81,1.299,81.5,64.8,0
ASSET-162A721F,2026-07-17,63.59,1.667,80.4,54.8,0
ASSET-162A721F,2026-07-18,67.21,1.223,84.4,30.8,0
ASSET-162A721F,2026-07-19,65.66,1.525,79.8,52.8,0
ASSET-162A721F,2026-07-20,64.79,1.59,88.9,50.7,0
ASSET-162A721F,2026-07-21,69.86,1.215,82.9,40.0,0
ASSET-162A721F,2026-07-22,64.62,1.686,78.3,52.2,0
ASSET-162A721F,2026-07-23,66.61,1.419,86.3,30.2,0
ASSET-162A721F,2026-07-24,68.47,1.307,89.0,32.3,0
ASSET-162A721F,2026-07-25,66.65,1.596,78.3,31.6,0
ASSET-162A721F,2026-07-26,67.91,1.404,86.1,57.5,0
ASSET-162A721F,2026-07-27,64.62,1.602,81.1,31.5,0
ASSET-162A721F,2026-07-28,66.49,1.381,82.4,51.3,0
ASSET-162A721F,2026-07-29,65.53,1.334,75.0,44.8,0
ASSET-162A721F,2026-07-30,65.97,1.616,78.8,34.7,0
ASSET-162A721F,2026-07-31,65.61,1.369,75.8,48.7,0
ASSET-162A721F,2026-08-01,67.53,1.434,73.4,46.8,0
ASSET-162A721F,2026-08-02,61.51,1.509,85.2,54.0,0
ASSET-162A721F,2026-08-03,67.42,1.635,79.4,34.6,0
ASSET-162A721F,2026-08-04,66.15,1.284,81.0,42.4,0
ASSET-162A721F,2026-08-05,65.22,1.58,78.5,53.1,0
ASSET-162A721F,2026-08-06,63.53,1.336,86.6,50.1,0
ASSET-162A721F,2026-08-07,64.77,1.581,80.7,66.3,0
ASSET-162A721F,2026-08-08,67.93,1.973,80.6,54.5,0
ASSET-162A721F,2026-08-09,61.64,1.766,85.2,49.6,0
ASSET-162A721F,2026-08-10,67.38,0.98,79.1,39.5,0
ASSET-162A721F,2026-08-11,64.61,1.475,82.2,54.6,0
ASSET-162A721F,2026-08-12,57.82,1.118,79.1,45.7,0
ASSET-162A721F,2026-08-13,63.7,1.42,87.0,56.8,0
ASSET-162A721F,2026-08-14,66.71,1.28,87.4,65.9,0
ASSET-162A721F,2026-08-15,63.8,1.826,82.1,60.1,0
ASSET-162A721F,2026-08-16,63.94,1.486,81.3,56.0,0
ASSET-162A721F,2026-08-17,67.06,1.408,80.5,67.5,0
ASSET-162A721F,2026-08-18,67.29,1.413,88.9,42.3,0
ASSET-162A721F,2026-08-19,66.67,1.187,81.3,51.9,0
ASSET-162A721F,2026-08-20,62.93,1.643,67.4,41.7,0
ASSET-162A721F,2026-08-21,71.06,1.715,77.0,31.4,0
ASSET-162A721F,2026-08-22,69.58,1.661,81.2,37.0,0
ASSET-162A721F,2026-08-23,69.96,1.416,83.0,49.3,0
ASSET-162A721F,2026-08-24,64.04,1.343,83.4,43.6,0
ASSET-162A721F,2026-08-25,63.84,1.308,81.1,52.0,0
ASSET-162A721F,2026-08-26,68.21,1.254,76.1,58.0,0
ASSET-162A721F,2026-08-27,63.93,1.548,68.1,54.1,0
ASSET-162A721F,2026-08-28,68.81,1.202,78.6,46.0,0
ASSET-162A721F,2026-08-29,67.15,1.355,78.4,27.4,0
ASSET-162A721F,2026-08-30,62.65,1.768,87.4,54.6,0
ASSET-162A721F,2026-08-31,65.77,1.086,86.9,51.9,0
ASSET-162A721F,2026-09-01,67.06,1.473,86.3,63.8,0
ASSET-162A721F,2026-09-02,66.07,1.611,82.7,39.9,0
ASSET-162A721F,2026-09-03,62.05,1.792,78.0,36.1,0
ASSET-162A721F,2026-09-04,63.53,1.383,74.5,52.9,0
ASSET-162A721F,2026-09-05,66.08,1.737,89.3,51.3,0
ASSET-162A721F,2026-09-06,64.71,1.425,80.9,40.6,0
ASSET-162A721F,2026-09-07,63.36,1.58,74.6,46.1,0
ASSET-162A721F,2026-09-08,69.99,1.6,78.4,52.8,0
ASSET-162A721F,2026-09-09,61.23,1.586,85.3,42.2,0
ASSET-162A721F,2026-09-10,56.57,1.463,88.0,42.9,0
ASSET-162A721F,2026-09-11,63.08,1.815,84.5,51.0,0
ASSET-162A721F,2026-09-12,65.57,1.219,87.0,34.7,0
ASSET-162A721F,2026-09-13,61.09,1.393,85.7,68.0,0
ASSET-162A721F,2026-09-14,60.38,1.561,79.8,52.2,0
ASSET-162A721F,2026-09-15,64.08,1.678,79.3,39.8,0
ASSET-763FEDF5,2026-03-20,62.44,1.641,78.6,33.2,0
ASSET-763FEDF5,2026-03-21,67.63,1.646,83.2,63.0,0
ASSET-763FEDF5,2026-03-22,63.49,1.605,79.1,52.2,0
ASSET-763FEDF5,2026-03-23,65.15,1.465,81.8,47.2,0
ASSET-763FEDF5,2026-03-24,64.23,1.419,83.1,41.3,0
ASSET-763FEDF5,2026-03-25,70.55,1.835,74.2,32.7,0
ASSET-763FEDF5,2026-03-26,62.18,1.427,75.8,44.4,0
ASSET-763FEDF5,2026-03-27,59.94,1.913,73.4,57.2,0
ASSET-763FEDF5,2026-03-28,62.99,1.353,84.6,55.8,0
ASSET-763FEDF5,2026-03-29,66.63,1.633,87.6,42.3,0
ASSET-763FEDF5,2026-03-30,67.35,1.119,76.9,53.9,0
ASSET-763FEDF5,2026-03-31,63.68,1.968,75.2,55.9,0
ASSET-763FEDF5,2026-04-01,63.01,1.29,77.2,60.0,0
ASSET-763FEDF5,2026-04-02,72.74,1.577,80.9,46.3,0
ASSET-763FEDF5,2026-04-03,64.88,1.834,77.1,49.5,0
ASSET-763FEDF5,2026-04-04,62.77,1.298,77.5,57.8,0
ASSET-763FEDF5,2026-04-05,62.44,1.602,70.9,66.9,0
ASSET-763FEDF5,2026-04-06,58.88,1.33,82.1,50.8,0
ASSET-763FEDF5,2026-04-07,63.6,1.62,77.2,39.1,0
ASSET-763FEDF5,2026-04-08,68.43,1.764,76.3,35.9,0
ASSET-763FEDF5,2026-04-09,62.94,1.36,78.8,47.8,0
ASSET-763FEDF5,2026-04-10,69.13,1.611,78.9,51.0,0
ASSET-763FEDF5,2026-04-11,66.29,1.51,85.7,56.5,0
ASSET-763FEDF5,2026-04-12,59.78,1.661,85.3,62.8,0
ASSET-763FEDF5,2026-04-13,68.99,1.258,81.8,53.5,0
ASSET-763FEDF5,2026-04-14,62.47,1.372,83.6,51.8,0
ASSET-763FEDF5,2026-04-15,65.97,1.81,87.8,58.6,0
ASSET-763FEDF5,2026-04-16,60.12,1.261,73.4,42.2,0
ASSET-763FEDF5,2026-04-17,61.44,1.478,76.2,55.7,0
ASSET-763FEDF5,2026-04-18,63.41,1.572,84.0,43.1,0
ASSET-763FEDF5,2026-04-19,67.72,1.378,78.4,52.9,0
ASSET-763FEDF5,2026-04-20,66.94,1.362,76.6,25.0,0
ASSET-763FEDF5,2026-04-21,67.4,1.775,79.1,75.8,0
ASSET-763FEDF5,2026-04-22,60.24,1.624,77.6,62.3,0
ASSET-763FEDF5,2026-04-23,69.05,1.509,85.2,39.6,0
ASSET-763FEDF5,2026-04-24,67.72,1.787,79.1,31.6,0
ASSET-763FEDF5,2026-04-25,63.95,1.652,81.0,50.0,0
ASSET-763FEDF5,2026-04-26,64.49,1.425,82.4,45.7,0
ASSET-763FEDF5,2026-04-27,63.49,1.403,89.3,51.3,0
ASSET-763FEDF5,2026-04-28,67.17,1.664,82.9,59.5,0
ASSET-763FEDF5,2026-04-29,62.19,1.6,81.4,49.0,0
ASSET-763FEDF5,2026-04-30,63.79,1.506,81.0,57.5,0
ASSET-763FEDF5,2026-05-01,66.96,1.489,76.9,57.6,0
ASSET-763FEDF5,2026-05-02,71.69,1.418,77.8,43.8,0
ASSET-763FEDF5,2026-05-03,64.7,1.604,87.1,37.0,0
ASSET-763FEDF5,2026-05-04,64.29,1.701,82.1,39.4,0
ASSET-763FEDF5,2026-05-05,67.36,1.362,75.4,50.3,0
ASSET-763FEDF5,2026-05-06,62.98,1.664,79.9,40.1,0
ASSET-763FEDF5,2026-05-07,75.62,1.803,85.9,55.6,0
ASSET-763FEDF5,2026-05-08,66.51,1.758,75.7,51.7,0
ASSET-763FEDF5,2026-05-09,68.6,1.469,71.7,56.0,0
ASSET-763FEDF5,2026-05-10,68.28,1.15,75.8,62.4,0
ASSET-763FEDF5,2026-05-11,58.5,1.641,76.7,54.0,0
ASSET-763FEDF5,2026-05-12,61.72,1.383,89.2,52.9,0
ASSET-763FEDF5,2026-05-13,64.51,1.512,86.5,48.7,0
ASSET-763FEDF5,2026-05-14,67.22,1.446,81.3,50.4,0
ASSET-763FEDF5,2026-05-15,64.28,1.124,74.0,47.8,0
ASSET-763FEDF5,2026-05-16,67.95,1.499,77.0,59.5,0
ASSET-763FEDF5,2026-05-17,63.64,1.335,80.7,32.5,0
ASSET-763FEDF5,2026-05-18,62.5,1.65,85.1,67.4,0
ASSET-763FEDF5,2026-05-19,62.85,1.57,84.9,39.2,0
ASSET-763FEDF5,2026-05-20,70.83,1.352,83.6,37.5,0
ASSET-763FEDF5,2026-05-21,65.24,1.73,80.6,59.1,0
ASSET-763FEDF5,2026-05-22,59.71,1.398,80.3,45.7,0
ASSET-763FEDF5,2026-05-23,64.16,1.488,80.3,40.2,0
ASSET-763FEDF5,2026-05-24,64.89,1.475,81.6,57.4,0
ASSET-763FEDF5,2026-05-25,65.6,1.617,64.9,43.8,0
ASSET-763FEDF5,2026-05-26,70.21,1.396,80.9,70.7,0
ASSET-763FEDF5,2026-05-27,65.36,1.6,78.4,41.1,0
ASSET-763FEDF5,2026-05-28,61.25,1.539,75.3,73.6,0
ASSET-763FEDF5,2026-05-29,64.08,1.401,83.9,45.5,0
ASSET-763FEDF5,2026-05-30,65.31,1.475,88.4,46.7,0
ASSET-763FEDF5,2026-05-31,65.34,1.513,76.5,47.2,0
ASSET-763FEDF5,2026-06-01,66.37,1.227,80.0,74.0,0
ASSET-763FEDF5,2026-06-02,63.11,1.452,79.1,31.4,0
ASSET-763FEDF5,2026-06-03,69.07,1.406,79.6,42.4,0
ASSET-763FEDF5,2026-06-04,67.51,1.144,72.6,47.9,0
ASSET-763FEDF5,2026-06-05,61.98,1.327,80.6,56.9,0
ASSET-763FEDF5,2026-06-06,63.43,1.279,76.9,61.8,0
ASSET-763FEDF5,2026-06-07,68.26,1.374,73.8,55.7,0
ASSET-763FEDF5,2026-06-08,59.51,1.351,80.9,55.2,0
ASSET-763FEDF5,2026-06-09,66.81,1.579,83.6,53.2,0
ASSET-763FEDF5,2026-06-10,64.46,1.469,84.6,24.2,0
ASSET-763FEDF5,2026-06-11,65.62,1.592,80.9,52.9,0
ASSET-763FEDF5,2026-06-12,63.28,1.654,74.5,52.0,0
ASSET-763FEDF5,2026-06-13,57.31,1.477,75.0,37.7,0
ASSET-763FEDF5,2026-06-14,63.06,1.485,77.2,52.3,0
ASSET-763FEDF5,2026-06-15,63.69,1.473,81.0,41.1,0
ASSET-763FEDF5,2026-06-16,66.1,1.374,83.8,40.0,0
ASSET-763FEDF5,2026-06-17,67.0,1.408,76.8,50.8,0
ASSET-763FEDF5,2026-06-18,59.77,1.788,85.7,56.3,0
ASSET-763FEDF5,2026-06-19,64.11,1.458,81.2,53.7,0
ASSET-763FEDF5,2026-06-20,69.74,1.394,81.0,49.5,0
ASSET-763FEDF5,2026-06-21,60.66,1.788,75.6,50.7,0
ASSET-763FEDF5,2026-06-22,70.68,1.633,81.9,33.3,0
ASSET-763FEDF5,2026-06-23,57.56,1.675,84.2,72.7,0
ASSET-763FEDF5,2026-06-24,62.09,1.521,85.7,55.0,0
ASSET-763FEDF5,2026-06-25,60.67,1.635,77.7,41.4,0
ASSET-763FEDF5,2026-06-26,67.07,1.446,77.5,39.3,0
ASSET-763FEDF5,2026-06-27,65.51,1.724,79.2,46.3,0
ASSET-763FEDF5,2026-06-28,67.94,1.601,84.8,37.4,0
ASSET-763FEDF5,2026-06-29,62.06,1.585,78.2,54.0,0
ASSET-763FEDF5,2026-06-30,67.64,1.381,78.4,54.9,0
ASSET-763FEDF5,2026-07-01,62.74,1.54,87.8,56.9,0
ASSET-763FEDF5,2026-07-02,64.26,1.379,76.8,53.4,0
ASSET-763FEDF5,2026-07-03,66.11,1.477,76.9,61.8,0
ASSET-763FEDF5,2026-07-04,65.89,1.319,79.3,30.8,0
ASSET-763FEDF5,2026-07-05,62.16,1.585,89.7,43.6,0
ASSET-763FEDF5,2026-07-06,62.5,1.461,81.6,45.2,0
ASSET-763FEDF5,2026-07-07,65.93,1.359,83.8,55.5,0
ASSET-763FEDF5,2026-07-08,66.59,1.492,84.0,52.8,0
ASSET-763FEDF5,2026-07-09,63.37,1.294,81.0,58.4,0
ASSET-763FEDF5,2026-07-10,71.15,1.597,88.4,57.4,0
ASSET-763FEDF5,2026-07-11,63.28,1.804,72.7,54.9,0
ASSET-763FEDF5,2026-07-12,62.66,1.607,74.1,60.8,0
ASSET-763FEDF5,2026-07-13,63.87,1.528,76.1,45.8,0
ASSET-763FEDF5,2026-07-14,62.86,1.693,76.0,43.1,0
ASSET-763FEDF5,2026-07-15,64.17,1.395,74.5,68.7,0
ASSET-763FEDF5,2026-07-16,63.21,1.28,82.5,47.0,0
ASSET-763FEDF5,2026-07-17,64.14,1.571,86.5,30.3,0
ASSET-763FEDF5,2026-07-18,63.98,1.295,81.3,62.0,0
ASSET-763FEDF5,2026-07-19,71.49,1.54,72.9,45.3,0
ASSET-763FEDF5,2026-07-20,69.87,1.863,66.8,60.3,0
ASSET-763FEDF5,2026-07-21,70.85,1.525,76.1,51.4,0
ASSET-763FEDF5,2026-07-22,63.14,1.773,85.2,42.6,0
ASSET-763FEDF5,2026-07-23,61.4,1.494,82.7,32.9,0
ASSET-763FEDF5,2026-07-24,63.12,1.214,69.3,35.6,0
ASSET-763FEDF5,2026-07-25,67.81,1.536,80.3,42.8,0
ASSET-763FEDF5,2026-07-26,64.41,1.739,87.9,36.4,0
ASSET-763FEDF5,2026-07-27,62.67,1.819,79.0,31.4,0
ASSET-763FEDF5,2026-07-28,68.18,1.278,75.7,58.0,0
ASSET-763FEDF5,2026-07-29,69.67,1.525,82.8,67.7,0
ASSET-763FEDF5,2026-07-30,64.64,1.66,75.0,44.4,0
ASSET-763FEDF5,2026-07-31,62.2,1.401,76.7,42.4,0
ASSET-763FEDF5,2026-08-01,66.53,1.004,81.9,52.8,0
ASSET-763FEDF5,2026-08-02,65.54,1.542,79.1,53.3,0
ASSET-763FEDF5,2026-08-03,66.35,1.375,84.1,63.0,0
ASSET-763FEDF5,2026-08-04,67.1,1.362,67.4,60.5,0
ASSET-763FEDF5,2026-08-05,62.46,2.012,75.7,36.8,0
ASSET-763FEDF5,2026-08-06,63.56,1.705,83.6,37.8,0
ASSET-763FEDF5,2026-08-07,65.62,1.08,80.7,53.9,0
ASSET-763FEDF5,2026-08-08,63.0,1.27,78.3,44.1,0
ASSET-763FEDF5,2026-08-09,64.89,1.773,82.1,55.5,0
ASSET-763FEDF5,2026-08-10,70.24,1.466,96.2,50.9,0
ASSET-763FEDF5,2026-08-11,65.75,1.326,78.1,43.3,0
ASSET-763FEDF5,2026-08-12,66.18,1.565,79.0,58.7,0
ASSET-763FEDF5,2026-08-13,65.0,1.505,82.3,48.8,0
ASSET-763FEDF5,2026-08-14,62.6,1.701,84.1,57.0,0
ASSET-763FEDF5,2026-08-15,67.51,1.879,91.8,54.7,0
ASSET-763FEDF5,2026-08-16,66.45,1.529,72.5,52.0,0
ASSET-763FEDF5,2026-08-17,61.39,1.835,78.1,49.7,0
ASSET-763FEDF5,2026-08-18,62.66,1.627,77.5,74.3,0
ASSET-763FEDF5,2026-08-19,70.61,1.36,72.0,75.8,0
ASSET-763FEDF5,2026-08-20,67.43,1.942,79.5,61.8,0
ASSET-763FEDF5,2026-08-21,67.64,1.958,69.4,67.5,0
ASSET-763FEDF5,2026-08-22,67.01,2.435,67.9,74.6,0
ASSET-763FEDF5,2026-08-23,76.28,2.325,76.1,99.3,0
ASSET-763FEDF5,2026-08-24,69.31,2.43,73.2,107.5,0
ASSET-763FEDF5,2026-08-25,75.26,2.583,74.9,102.3,0
ASSET-763FEDF5,2026-08-26,69.5,2.107,67.4,131.1,0
ASSET-763FEDF5,2026-08-27,76.58,2.848,73.8,104.0,0
ASSET-763FEDF5,2026-08-28,69.78,2.297,67.7,140.3,0
ASSET-763FEDF5,2026-08-29,72.16,2.689,77.9,108.8,0
ASSET-763FEDF5,2026-08-30,68.68,2.711,64.3,140.6,0
ASSET-763FEDF5,2026-08-31,78.78,2.656,73.4,154.7,0
ASSET-763FEDF5,2026-09-01,75.12,3.185,65.0,145.2,0
ASSET-763FEDF5,2026-09-02,78.03,3.201,56.7,178.4,0
ASSET-763FEDF5,2026-09-03,73.31,3.361,61.9,157.1,0
ASSET-763FEDF5,2026-09-04,82.17,3.687,66.8,181.7,0
ASSET-763FEDF5,2026-09-05,78.99,3.712,58.7,177.5,0
ASSET-763FEDF5,2026-09-06,74.15,3.71,58.6,189.4,0
ASSET-763FEDF5,2026-09-07,79.16,3.579,58.0,171.3,0
ASSET-763FEDF5,2026-09-08,80.22,3.633,55.0,193.2,0
ASSET-763FEDF5,2026-09-09,88.25,4.069,55.3,224.6,0
ASSET-763FEDF5,2026-09-10,87.0,4.641,55.9,225.7,0
ASSET-763FEDF5,2026-09-11,94.27,4.872,52.4,202.8,0
ASSET-763FEDF5,2026-09-12,87.38,3.674,51.4,271.3,0
ASSET-763FEDF5,2026-09-13,88.67,5.089,69.3,229.1,0
ASSET-763FEDF5,2026-09-14,82.81,4.049,59.9,254.3,0
ASSET-763FEDF5,2026-09-15,96.69,5.303,55.2,276.0,1
ASSET-87700E7F,2026-03-20,68.04,1.989,80.0,40.3,0
ASSET-87700E7F,2026-03-21,64.75,1.571,72.1,51.8,0
ASSET-87700E7F,2026-03-22,66.06,1.34,76.7,55.3,0
ASSET-87700E7F,2026-03-23,58.9,1.588,81.6,47.0,0
ASSET-87700E7F,2026-03-24,66.04,1.831,76.6,47.8,0
ASSET-87700E7F,2026-03-25,64.18,1.465,78.4,31.7,0
ASSET-87700E7F,2026-03-26,66.55,1.432,78.6,42.7,0
ASSET-87700E7F,2026-03-27,68.22,1.343,76.8,47.5,0
ASSET-87700E7F,2026-03-28,67.35,1.453,83.1,47.0,0
ASSET-87700E7F,2026-03-29,63.12,1.495,78.3,51.5,0
ASSET-87700E7F,2026-03-30,66.12,1.563,81.3,44.9,0
ASSET-87700E7F,2026-03-31,62.11,1.415,80.6,49.5,0
ASSET-87700E7F,2026-04-01,57.63,1.512,80.1,38.9,0
ASSET-87700E7F,2026-04-02,74.89,1.505,87.6,41.4,0
ASSET-87700E7F,2026-04-03,67.56,1.365,81.7,55.6,0
ASSET-87700E7F,2026-04-04,68.03,1.785,78.1,33.4,0
ASSET-87700E7F,2026-04-05,66.73,1.479,75.5,52.9,0
ASSET-87700E7F,2026-04-06,64.1,1.786,76.8,56.1,0
ASSET-87700E7F,2026-04-07,67.75,1.461,72.3,57.7,0
ASSET-87700E7F,2026-04-08,65.04,1.465,82.8,58.2,0
ASSET-87700E7F,2026-04-09,63.29,1.532,82.4,42.3,0
ASSET-87700E7F,2026-04-10,66.52,1.61,74.4,58.2,0
ASSET-87700E7F,2026-04-11,66.75,1.517,82.6,50.9,0
ASSET-87700E7F,2026-04-12,62.57,1.843,75.8,51.4,0
ASSET-87700E7F,2026-04-13,60.14,1.455,86.2,50.5,0
ASSET-87700E7F,2026-04-14,61.19,1.801,88.4,50.5,0
ASSET-87700E7F,2026-04-15,61.47,1.384,78.3,55.2,0
ASSET-87700E7F,2026-04-16,65.71,1.195,82.4,54.6,0
ASSET-87700E7F,2026-04-17,64.22,1.714,82.4,52.6,0
ASSET-87700E7F,2026-04-18,68.08,1.524,86.9,55.8,0
ASSET-87700E7F,2026-04-19,61.61,1.285,74.8,50.7,0
ASSET-87700E7F,2026-04-20,68.66,1.599,79.6,48.5,0
ASSET-87700E7F,2026-04-21,66.27,1.73,80.0,47.8,0
ASSET-87700E7F,2026-04-22,61.62,1.481,82.3,32.2,0
ASSET-87700E7F,2026-04-23,63.13,1.451,76.4,44.3,0
ASSET-87700E7F,2026-04-24,66.8,1.684,71.1,49.3,0
ASSET-87700E7F,2026-04-25,64.36,1.756,81.7,43.5,0
ASSET-87700E7F,2026-04-26,66.15,1.915,80.9,33.6,0
ASSET-87700E7F,2026-04-27,61.19,1.787,74.5,56.7,0
ASSET-87700E7F,2026-04-28,69.45,1.389,80.4,63.9,0
ASSET-87700E7F,2026-04-29,65.14,1.733,81.2,61.0,0
ASSET-87700E7F,2026-04-30,69.75,1.508,76.8,44.2,0
ASSET-87700E7F,2026-05-01,67.83,1.479,80.5,36.1,0
ASSET-87700E7F,2026-05-02,64.61,1.66,77.3,38.9,0
ASSET-87700E7F,2026-05-03,62.58,1.369,80.4,43.4,0
ASSET-87700E7F,2026-05-04,70.78,1.45,74.1,43.9,0
ASSET-87700E7F,2026-05-05,57.93,1.721,79.4,45.7,0
ASSET-87700E7F,2026-05-06,66.91,1.642,75.1,54.0,0
ASSET-87700E7F,2026-05-07,65.01,1.602,80.0,44.2,0
ASSET-87700E7F,2026-05-08,65.66,1.613,69.5,48.6,0
ASSET-87700E7F,2026-05-09,66.42,1.706,86.9,50.5,0
ASSET-87700E7F,2026-05-10,64.48,1.32,75.5,44.1,0
ASSET-87700E7F,2026-05-11,65.65,1.451,83.7,34.8,0
ASSET-87700E7F,2026-05-12,63.92,1.633,84.8,67.0,0
ASSET-87700E7F,2026-05-13,64.61,1.554,79.7,59.6,0
ASSET-87700E7F,2026-05-14,61.8,1.472,88.7,50.3,0
ASSET-87700E7F,2026-05-15,68.11,1.498,84.3,40.3,0
ASSET-87700E7F,2026-05-16,64.11,1.692,80.7,48.8,0
ASSET-87700E7F,2026-05-17,65.62,1.296,80.9,31.2,0
ASSET-87700E7F,2026-05-18,62.57,1.466,83.1,28.3,0
ASSET-87700E7F,2026-05-19,68.6,1.516,73.6,55.3,0
ASSET-87700E7F,2026-05-20,66.62,1.251,80.8,44.7,0
ASSET-87700E7F,2026-05-21,65.02,1.995,68.5,72.3,0
ASSET-87700E7F,2026-05-22,64.96,1.321,77.2,31.4,0
ASSET-87700E7F,2026-05-23,62.72,1.464,77.5,51.0,0
ASSET-87700E7F,2026-05-24,63.16,1.404,74.4,41.5,0
ASSET-87700E7F,2026-05-25,66.09,1.247,76.5,54.6,0
ASSET-87700E7F,2026-05-26,61.32,1.3,88.2,32.7,0
ASSET-87700E7F,2026-05-27,66.68,1.2,86.4,55.1,0
ASSET-87700E7F,2026-05-28,66.57,1.748,74.8,56.5,0
ASSET-87700E7F,2026-05-29,64.56,1.547,80.7,47.0,0
ASSET-87700E7F,2026-05-30,70.74,1.581,80.1,49.1,0
ASSET-87700E7F,2026-05-31,58.98,1.163,78.9,46.7,0
ASSET-87700E7F,2026-06-01,60.9,1.479,83.6,44.5,0
ASSET-87700E7F,2026-06-02,61.29,1.134,78.9,39.6,0
ASSET-87700E7F,2026-06-03,62.37,1.555,74.1,62.1,0
ASSET-87700E7F,2026-06-04,64.78,1.328,79.8,44.5,0
ASSET-87700E7F,2026-06-05,64.54,1.41,89.6,59.0,0
ASSET-87700E7F,2026-06-06,64.39,1.437,79.6,55.8,0
ASSET-87700E7F,2026-06-07,64.87,1.715,82.3,54.5,0
ASSET-87700E7F,2026-06-08,64.86,1.781,87.8,65.2,0
ASSET-87700E7F,2026-06-09,65.7,1.831,83.5,57.3,0
ASSET-87700E7F,2026-06-10,60.51,1.154,83.0,56.9,0
ASSET-87700E7F,2026-06-11,68.61,0.977,86.5,66.2,0
ASSET-87700E7F,2026-06-12,66.46,1.553,82.6,44.8,0
ASSET-87700E7F,2026-06-13,62.02,1.574,77.8,54.5,0
ASSET-87700E7F,2026-06-14,63.17,1.594,77.2,32.3,0
ASSET-87700E7F,2026-06-15,69.11,1.558,76.3,37.2,0
ASSET-87700E7F,2026-06-16,57.68,1.622,78.6,56.9,0
ASSET-87700E7F,2026-06-17,62.59,1.542,73.6,56.2,0
ASSET-87700E7F,2026-06-18,65.63,1.627,84.7,51.1,0
ASSET-87700E7F,2026-06-19,71.26,1.65,80.7,42.1,0
ASSET-87700E7F,2026-06-20,61.7,1.76,76.4,51.6,0
ASSET-87700E7F,2026-06-21,61.87,1.483,81.2,33.4,0
ASSET-87700E7F,2026-06-22,65.86,1.584,77.9,50.5,0
ASSET-87700E7F,2026-06-23,64.89,1.699,77.6,64.1,0
ASSET-87700E7F,2026-06-24,67.04,1.534,81.9,64.5,0
ASSET-87700E7F,2026-06-25,66.73,1.687,83.3,48.2,0
ASSET-87700E7F,2026-06-26,65.85,1.545,82.3,39.1,0
ASSET-87700E7F,2026-06-27,67.73,1.286,82.9,54.5,0
ASSET-87700E7F,2026-06-28,61.59,1.501,82.2,42.9,0
ASSET-87700E7F,2026-06-29,63.44,1.947,78.0,55.0,0
ASSET-87700E7F,2026-06-30,65.3,1.61,76.9,40.2,0
ASSET-87700E7F,2026-07-01,68.71,1.423,71.8,53.7,0
ASSET-87700E7F,2026-07-02,65.63,1.644,81.9,52.3,0
ASSET-87700E7F,2026-07-03,63.71,1.4,81.0,46.0,0
ASSET-87700E7F,2026-07-04,66.62,1.381,71.2,58.7,0
ASSET-87700E7F,2026-07-05,69.26,1.542,77.1,56.4,0
ASSET-87700E7F,2026-07-06,64.72,1.53,77.6,50.8,0
ASSET-87700E7F,2026-07-07,64.35,1.621,83.1,43.2,0
ASSET-87700E7F,2026-07-08,67.64,1.379,83.9,51.3,0
ASSET-87700E7F,2026-07-09,67.83,1.677,78.9,54.0,0
ASSET-87700E7F,2026-07-10,63.93,1.18,84.9,48.5,0
ASSET-87700E7F,2026-07-11,62.44,1.418,82.5,51.3,0
ASSET-87700E7F,2026-07-12,66.28,1.578,89.5,40.1,0
ASSET-87700E7F,2026-07-13,61.66,1.714,86.4,41.7,0
ASSET-87700E7F,2026-07-14,65.17,1.696,80.6,50.5,0
ASSET-87700E7F,2026-07-15,62.94,1.51,86.1,56.2,0
ASSET-87700E7F,2026-07-16,63.12,1.7,76.7,49.7,0
ASSET-87700E7F,2026-07-17,71.56,1.493,82.3,49.0,0
ASSET-87700E7F,2026-07-18,64.64,0.946,73.3,58.0,0
ASSET-87700E7F,2026-07-19,62.02,1.696,79.8,53.3,0
ASSET-87700E7F,2026-07-20,59.75,1.465,78.0,55.3,0
ASSET-87700E7F,2026-07-21,66.76,1.246,81.0,48.3,0
ASSET-87700E7F,2026-07-22,63.48,1.477,74.2,58.4,0
ASSET-87700E7F,2026-07-23,70.49,1.418,76.9,47.5,0
ASSET-87700E7F,2026-07-24,64.98,1.168,78.4,55.6,0
ASSET-87700E7F,2026-07-25,59.15,1.519,79.4,35.0,0
ASSET-87700E7F,2026-07-26,63.58,1.311,80.5,41.7,0
ASSET-87700E7F,2026-07-27,68.44,1.675,74.7,41.5,0
ASSET-87700E7F,2026-07-28,60.82,1.31,79.7,56.5,0
ASSET-87700E7F,2026-07-29,62.89,1.633,84.5,46.7,0
ASSET-87700E7F,2026-07-30,62.05,1.389,79.9,28.1,0
ASSET-87700E7F,2026-07-31,66.05,1.67,83.1,64.6,0
ASSET-87700E7F,2026-08-01,66.62,1.503,80.4,67.2,0
ASSET-87700E7F,2026-08-02,62.47,1.378,70.2,49.3,0
ASSET-87700E7F,2026-08-03,64.27,1.226,75.4,44.9,0
ASSET-87700E7F,2026-08-04,70.21,1.255,87.4,61.2,0
ASSET-87700E7F,2026-08-05,67.42,1.471,76.3,64.1,0
ASSET-87700E7F,2026-08-06,72.36,1.217,88.7,63.5,0
ASSET-87700E7F,2026-08-07,62.84,1.617,89.1,67.5,0
ASSET-87700E7F,2026-08-08,67.52,1.709,79.5,34.3,0
ASSET-87700E7F,2026-08-09,71.03,1.734,75.1,37.6,0
ASSET-87700E7F,2026-08-10,67.93,1.486,77.1,58.5,0
ASSET-87700E7F,2026-08-11,69.19,1.197,80.9,51.0,0
ASSET-87700E7F,2026-08-12,65.66,1.56,79.2,42.4,0
ASSET-87700E7F,2026-08-13,67.85,1.182,86.6,33.9,0
ASSET-87700E7F,2026-08-14,68.69,1.502,75.8,49.2,0
ASSET-87700E7F,2026-08-15,70.2,1.625,80.4,57.1,0
ASSET-87700E7F,2026-08-16,58.8,1.033,73.2,44.8,0
ASSET-87700E7F,2026-08-17,62.91,1.368,81.4,59.2,0
ASSET-87700E7F,2026-08-18,62.54,1.958,85.5,58.9,0
ASSET-87700E7F,2026-08-19,66.15,2.037,84.7,52.7,0
ASSET-87700E7F,2026-08-20,63.28,1.996,68.1,79.6,0
ASSET-87700E7F,2026-08-21,71.77,1.903,91.1,66.3,0
ASSET-87700E7F,2026-08-22,69.12,1.825,70.3,92.5,0
ASSET-87700E7F,2026-08-23,68.4,2.052,81.1,102.5,0
ASSET-87700E7F,2026-08-24,73.8,2.251,71.6,75.0,0
ASSET-87700E7F,2026-08-25,69.3,2.702,74.9,102.5,0
ASSET-87700E7F,2026-08-26,66.01,2.596,64.6,123.4,0
ASSET-87700E7F,2026-08-27,71.27,3.08,74.2,97.2,0
ASSET-87700E7F,2026-08-28,72.88,2.344,67.4,136.9,0
ASSET-87700E7F,2026-08-29,68.01,3.167,67.5,130.6,0
ASSET-87700E7F,2026-08-30,77.76,2.974,69.8,132.2,0
ASSET-87700E7F,2026-08-31,76.79,3.255,71.3,153.2,0
ASSET-87700E7F,2026-09-01,77.42,3.314,68.4,164.9,0
ASSET-87700E7F,2026-09-02,74.41,3.738,77.0,148.9,0
ASSET-87700E7F,2026-09-03,83.62,3.184,63.6,165.2,0
ASSET-87700E7F,2026-09-04,77.22,3.703,79.8,176.7,0
ASSET-87700E7F,2026-09-05,81.5,3.841,60.4,188.9,0
ASSET-87700E7F,2026-09-06,80.75,3.877,53.0,194.0,0
ASSET-87700E7F,2026-09-07,84.92,3.386,59.2,200.5,0
ASSET-87700E7F,2026-09-08,81.23,4.058,60.7,156.8,0
ASSET-87700E7F,2026-09-09,76.69,4.223,49.4,193.5,0
ASSET-87700E7F,2026-09-10,91.31,4.43,53.5,202.9,0
ASSET-87700E7F,2026-09-11,86.02,4.555,56.5,229.6,0
ASSET-87700E7F,2026-09-12,91.73,4.713,57.4,226.0,0
ASSET-87700E7F,2026-09-13,84.99,3.924,60.3,237.3,0
ASSET-87700E7F,2026-09-14,86.17,4.748,59.0,232.5,0
ASSET-87700E7F,2026-09-15,88.96,4.217,44.6,248.4,1
ASSET-AA3C16A1,2026-03-20,65.83,1.472,74.4,70.2,0
ASSET-AA3C16A1,2026-03-21,63.22,1.459,81.2,32.5,0
ASSET-AA3C16A1,2026-03-22,62.4,1.607,79.6,65.1,0
ASSET-AA3C16A1,2026-03-23,60.17,1.423,77.7,46.2,0
ASSET-AA3C16A1,2026-03-24,65.8,1.383,84.9,48.1,0
ASSET-AA3C16A1,2026-03-25,72.1,1.189,81.4,52.2,0
ASSET-AA3C16A1,2026-03-26,65.98,1.147,82.1,52.6,0
ASSET-AA3C16A1,2026-03-27,70.07,1.274,78.5,59.3,0
ASSET-AA3C16A1,2026-03-28,63.89,1.45,76.2,43.6,0
ASSET-AA3C16A1,2026-03-29,66.61,1.254,79.9,48.1,0
ASSET-AA3C16A1,2026-03-30,66.18,1.34,74.3,45.6,0
ASSET-AA3C16A1,2026-03-31,66.47,1.706,85.5,56.6,0
ASSET-AA3C16A1,2026-04-01,71.45,1.952,77.0,65.1,0
ASSET-AA3C16A1,2026-04-02,62.6,1.439,77.4,52.5,0
ASSET-AA3C16A1,2026-04-03,64.26,1.935,83.3,48.4,0
ASSET-AA3C16A1,2026-04-04,63.67,1.372,79.0,52.3,0
ASSET-AA3C16A1,2026-04-05,67.03,1.71,79.0,45.2,0
ASSET-AA3C16A1,2026-04-06,59.63,1.308,74.3,50.4,0
ASSET-AA3C16A1,2026-04-07,66.03,1.659,75.8,49.0,0
ASSET-AA3C16A1,2026-04-08,74.08,1.509,82.0,49.0,0
ASSET-AA3C16A1,2026-04-09,68.57,1.763,77.7,26.8,0
ASSET-AA3C16A1,2026-04-10,63.73,1.126,77.9,60.3,0
ASSET-AA3C16A1,2026-04-11,67.46,1.509,75.2,51.4,0
ASSET-AA3C16A1,2026-04-12,67.83,1.326,74.2,75.8,0
ASSET-AA3C16A1,2026-04-13,61.58,1.443,74.7,59.7,0
ASSET-AA3C16A1,2026-04-14,65.71,1.418,72.7,43.7,0
ASSET-AA3C16A1,2026-04-15,64.81,1.159,72.2,61.9,0
ASSET-AA3C16A1,2026-04-16,70.63,1.38,81.1,49.8,0
ASSET-AA3C16A1,2026-04-17,66.1,1.419,77.9,39.8,0
ASSET-AA3C16A1,2026-04-18,63.8,1.696,76.1,40.0,0
ASSET-AA3C16A1,2026-04-19,63.47,1.45,78.3,43.3,0
ASSET-AA3C16A1,2026-04-20,62.28,1.346,67.8,35.0,0
ASSET-AA3C16A1,2026-04-21,65.56,1.902,83.0,42.1,0
ASSET-AA3C16A1,2026-04-22,68.47,1.527,77.7,67.5,0
ASSET-AA3C16A1,2026-04-23,61.75,1.491,65.4,46.5,0
ASSET-AA3C16A1,2026-04-24,62.83,1.295,80.7,45.4,0
ASSET-AA3C16A1,2026-04-25,67.71,1.938,76.5,41.7,0
ASSET-AA3C16A1,2026-04-26,61.47,2.071,79.5,56.4,0
ASSET-AA3C16A1,2026-04-27,66.19,1.507,76.0,63.4,0
ASSET-AA3C16A1,2026-04-28,60.43,1.798,89.9,64.8,0
ASSET-AA3C16A1,2026-04-29,64.62,1.19,88.3,62.6,0
ASSET-AA3C16A1,2026-04-30,67.09,1.496,79.5,51.7,0
ASSET-AA3C16A1,2026-05-01,66.65,1.649,64.6,51.9,0
ASSET-AA3C16A1,2026-05-02,66.04,1.546,80.5,44.7,0
ASSET-AA3C16A1,2026-05-03,67.07,1.63,85.7,70.3,0
ASSET-AA3C16A1,2026-05-04,67.61,1.613,77.6,65.3,0
ASSET-AA3C16A1,2026-05-05,69.72,1.382,81.3,43.9,0
ASSET-AA3C16A1,2026-05-06,62.75,1.901,82.5,62.8,0
ASSET-AA3C16A1,2026-05-07,66.75,1.31,84.3,26.7,0
ASSET-AA3C16A1,2026-05-08,65.63,1.142,77.1,47.1,0
ASSET-AA3C16A1,2026-05-09,64.34,1.993,71.0,60.3,0
ASSET-AA3C16A1,2026-05-10,66.22,1.502,75.0,65.8,0
ASSET-AA3C16A1,2026-05-11,68.42,1.634,83.8,50.1,0
ASSET-AA3C16A1,2026-05-12,65.37,1.513,79.1,25.8,0
ASSET-AA3C16A1,2026-05-13,66.2,1.587,75.7,48.1,0
ASSET-AA3C16A1,2026-05-14,61.07,1.631,83.2,38.2,0
ASSET-AA3C16A1,2026-05-15,65.4,1.408,77.3,47.0,0
ASSET-AA3C16A1,2026-05-16,66.82,1.344,75.8,67.3,0
ASSET-AA3C16A1,2026-05-17,63.39,1.437,79.6,52.8,0
ASSET-AA3C16A1,2026-05-18,69.49,1.414,73.9,42.4,0
ASSET-AA3C16A1,2026-05-19,62.77,1.343,72.9,43.5,0
ASSET-AA3C16A1,2026-05-20,64.89,1.777,82.7,43.3,0
ASSET-AA3C16A1,2026-05-21,61.73,1.6,79.4,52.1,0
ASSET-AA3C16A1,2026-05-22,74.45,1.78,78.2,59.8,0
ASSET-AA3C16A1,2026-05-23,73.29,1.33,88.6,58.0,0
ASSET-AA3C16A1,2026-05-24,63.28,1.629,88.7,61.1,0
ASSET-AA3C16A1,2026-05-25,65.09,1.323,81.4,51.1,0
ASSET-AA3C16A1,2026-05-26,66.47,1.804,84.4,41.6,0
ASSET-AA3C16A1,2026-05-27,63.26,1.717,81.8,56.3,0
ASSET-AA3C16A1,2026-05-28,62.73,1.456,71.7,57.3,0
ASSET-AA3C16A1,2026-05-29,67.39,0.974,82.1,46.9,0
ASSET-AA3C16A1,2026-05-30,61.45,1.358,80.1,48.0,0
ASSET-AA3C16A1,2026-05-31,60.77,1.209,83.1,46.4,0
ASSET-AA3C16A1,2026-06-01,69.61,1.379,85.2,32.2,0
ASSET-AA3C16A1,2026-06-02,69.2,1.157,79.5,57.5,0
ASSET-AA3C16A1,2026-06-03,71.38,1.387,78.4,31.7,0
ASSET-AA3C16A1,2026-06-04,65.26,1.451,81.5,45.1,0
ASSET-AA3C16A1,2026-06-05,69.43,1.7,74.1,71.0,0
ASSET-AA3C16A1,2026-06-06,63.83,1.621,84.3,49.7,0
ASSET-AA3C16A1,2026-06-07,60.39,1.286,79.9,56.5,0
ASSET-AA3C16A1,2026-06-08,67.76,1.63,74.1,54.7,0
ASSET-AA3C16A1,2026-06-09,63.66,1.712,77.6,55.7,0
ASSET-AA3C16A1,2026-06-10,62.55,1.764,87.4,67.4,0
ASSET-AA3C16A1,2026-06-11,66.33,1.017,78.0,44.1,0
ASSET-AA3C16A1,2026-06-12,63.42,1.316,80.5,74.3,0
ASSET-AA3C16A1,2026-06-13,69.63,1.732,83.4,49.5,0
ASSET-AA3C16A1,2026-06-14,63.39,1.442,87.3,50.9,0
ASSET-AA3C16A1,2026-06-15,70.49,1.526,77.9,65.8,0
ASSET-AA3C16A1,2026-06-16,65.28,1.262,80.9,62.1,0
ASSET-AA3C16A1,2026-06-17,63.4,1.357,80.0,43.4,0
ASSET-AA3C16A1,2026-06-18,64.54,1.453,73.6,35.9,0
ASSET-AA3C16A1,2026-06-19,65.47,0.906,77.1,54.7,0
ASSET-AA3C16A1,2026-06-20,62.5,1.485,79.1,72.2,0
ASSET-AA3C16A1,2026-06-21,67.54,1.388,78.5,59.0,0
ASSET-AA3C16A1,2026-06-22,68.19,2.098,76.8,50.6,0
ASSET-AA3C16A1,2026-06-23,66.13,1.439,76.6,48.5,0
ASSET-AA3C16A1,2026-06-24,66.95,1.34,76.3,69.1,0
ASSET-AA3C16A1,2026-06-25,62.22,1.356,68.3,51.7,0
ASSET-AA3C16A1,2026-06-26,68.8,1.457,78.5,48.3,0
ASSET-AA3C16A1,2026-06-27,66.17,1.736,82.8,55.9,0
ASSET-AA3C16A1,2026-06-28,66.29,1.625,84.5,44.5,0
ASSET-AA3C16A1,2026-06-29,66.49,1.659,77.2,44.1,0
ASSET-AA3C16A1,2026-06-30,64.23,1.847,84.9,57.6,0
ASSET-AA3C16A1,2026-07-01,65.23,1.78,81.2,44.4,0
ASSET-AA3C16A1,2026-07-02,59.11,1.475,76.3,46.5,0
ASSET-AA3C16A1,2026-07-03,65.73,1.51,76.6,63.5,0
ASSET-AA3C16A1,2026-07-04,63.59,1.337,72.5,29.0,0
ASSET-AA3C16A1,2026-07-05,59.09,1.664,80.2,41.4,0
ASSET-AA3C16A1,2026-07-06,64.43,1.316,79.1,37.3,0
ASSET-AA3C16A1,2026-07-07,63.18,1.474,80.1,52.6,0
ASSET-AA3C16A1,2026-07-08,68.43,1.379,73.7,55.7,0
ASSET-AA3C16A1,2026-07-09,67.88,1.51,75.2,30.4,0
ASSET-AA3C16A1,2026-07-10,61.46,1.296,73.1,47.4,0
ASSET-AA3C16A1,2026-07-11,64.22,1.547,75.6,50.1,0
ASSET-AA3C16A1,2026-07-12,62.05,1.693,79.0,53.1,0
ASSET-AA3C16A1,2026-07-13,64.94,1.307,82.3,44.4,0
ASSET-AA3C16A1,2026-07-14,63.06,1.548,82.9,47.1,0
ASSET-AA3C16A1,2026-07-15,66.5,1.616,78.9,39.9,0
ASSET-AA3C16A1,2026-07-16,71.83,1.64,79.2,54.0,0
ASSET-AA3C16A1,2026-07-17,64.09,1.64,72.8,63.3,0
ASSET-AA3C16A1,2026-07-18,66.02,1.214,81.4,54.6,0
ASSET-AA3C16A1,2026-07-19,64.6,1.549,79.1,38.8,0
ASSET-AA3C16A1,2026-07-20,63.58,1.466,84.4,40.3,0
ASSET-AA3C16A1,2026-07-21,65.6,1.216,78.6,48.0,0
ASSET-AA3C16A1,2026-07-22,60.88,1.722,89.3,53.0,0
ASSET-AA3C16A1,2026-07-23,66.49,1.713,73.2,36.0,0
ASSET-AA3C16A1,2026-07-24,67.3,1.767,76.6,45.0,0
ASSET-AA3C16A1,2026-07-25,63.17,1.5,82.0,57.2,0
ASSET-AA3C16A1,2026-07-26,63.18,1.543,78.6,65.9,0
ASSET-AA3C16A1,2026-07-27,67.82,1.526,75.4,63.0,0
ASSET-AA3C16A1,2026-07-28,68.63,1.659,86.2,57.3,0
ASSET-AA3C16A1,2026-07-29,65.7,1.467,75.3,41.0,0
ASSET-AA3C16A1,2026-07-30,66.21,1.989,76.8,60.4,0
ASSET-AA3C16A1,2026-07-31,64.41,2.031,76.4,58.7,0
ASSET-AA3C16A1,2026-08-01,65.13,1.57,77.7,39.5,0
ASSET-AA3C16A1,2026-08-02,70.56,1.205,76.3,50.7,0
ASSET-AA3C16A1,2026-08-03,64.23,1.383,88.4,50.1,0
ASSET-AA3C16A1,2026-08-04,62.68,1.431,71.1,37.4,0
ASSET-AA3C16A1,2026-08-05,66.74,1.712,81.0,48.1,0
ASSET-AA3C16A1,2026-08-06,68.16,1.676,72.9,41.7,0
ASSET-AA3C16A1,2026-08-07,62.19,1.593,83.7,46.3,0
ASSET-AA3C16A1,2026-08-08,64.55,1.422,80.4,54.1,0
ASSET-AA3C16A1,2026-08-09,63.23,1.389,93.4,53.8,0
ASSET-AA3C16A1,2026-08-10,65.06,1.686,67.3,54.1,0
ASSET-AA3C16A1,2026-08-11,69.19,1.334,73.4,44.9,0
ASSET-AA3C16A1,2026-08-12,65.02,1.366,84.5,53.8,0
ASSET-AA3C16A1,2026-08-13,66.97,1.382,78.1,50.3,0
ASSET-AA3C16A1,2026-08-14,64.3,1.105,79.9,44.2,0
ASSET-AA3C16A1,2026-08-15,67.27,1.602,85.8,46.9,0
ASSET-AA3C16A1,2026-08-16,68.57,1.286,70.8,54.7,0
ASSET-AA3C16A1,2026-08-17,62.47,1.729,81.9,55.0,0
ASSET-AA3C16A1,2026-08-18,65.58,1.257,79.5,45.9,0
ASSET-AA3C16A1,2026-08-19,62.34,1.371,75.9,56.9,0
ASSET-AA3C16A1,2026-08-20,68.75,1.685,79.5,40.2,0
ASSET-AA3C16A1,2026-08-21,63.0,1.561,74.8,60.3,0
ASSET-AA3C16A1,2026-08-22,67.75,1.44,72.1,52.6,0
ASSET-AA3C16A1,2026-08-23,67.66,1.919,87.6,57.1,0
ASSET-AA3C16A1,2026-08-24,64.38,1.252,91.5,41.5,0
ASSET-AA3C16A1,2026-08-25,64.17,1.497,83.2,36.5,0
ASSET-AA3C16A1,2026-08-26,66.26,1.244,84.9,39.5,0
ASSET-AA3C16A1,2026-08-27,64.67,1.486,84.0,45.5,0
ASSET-AA3C16A1,2026-08-28,57.85,1.182,83.6,48.2,0
ASSET-AA3C16A1,2026-08-29,67.14,1.534,69.2,34.4,0
ASSET-AA3C16A1,2026-08-30,62.85,1.445,75.7,34.7,0
ASSET-AA3C16A1,2026-08-31,62.59,1.852,83.1,49.0,0
ASSET-AA3C16A1,2026-09-01,67.78,1.416,74.4,54.6,0
ASSET-AA3C16A1,2026-09-02,68.59,1.369,86.9,59.3,0
ASSET-AA3C16A1,2026-09-03,67.25,1.516,82.6,49.5,0
ASSET-AA3C16A1,2026-09-04,65.25,1.16,72.7,55.6,0
ASSET-AA3C16A1,2026-09-05,69.43,1.61,83.5,42.4,0
ASSET-AA3C16A1,2026-09-06,64.32,1.397,86.6,43.0,0
ASSET-AA3C16A1,2026-09-07,66.48,1.541,78.1,44.3,0
ASSET-AA3C16A1,2026-09-08,58.26,1.667,89.0,61.9,0
ASSET-AA3C16A1,2026-09-09,62.07,1.393,86.3,55.6,0
ASSET-AA3C16A1,2026-09-10,60.69,1.593,79.4,41.7,0
ASSET-AA3C16A1,2026-09-11,62.71,1.647,64.2,47.6,0
ASSET-AA3C16A1,2026-09-12,61.11,1.632,78.3,63.1,0
ASSET-AA3C16A1,2026-09-13,69.56,1.298,79.4,51.5,0
ASSET-AA3C16A1,2026-09-14,64.41,1.351,69.4,46.1,0
ASSET-AA3C16A1,2026-09-15,58.61,1.607,80.3,62.1,0
ASSET-E084BC03,2026-03-20,59.46,1.629,82.0,39.1,0
ASSET-E084BC03,2026-03-21,68.11,1.594,87.2,44.2,0
ASSET-E084BC03,2026-03-22,64.42,1.335,76.5,51.9,0
ASSET-E084BC03,2026-03-23,60.75,1.748,78.8,48.8,0
ASSET-E084BC03,2026-03-24,59.58,1.333,71.4,43.3,0
ASSET-E084BC03,2026-03-25,64.06,1.524,81.1,56.2,0
ASSET-E084BC03,2026-03-26,65.53,1.298,88.0,46.5,0
ASSET-E084BC03,2026-03-27,66.82,1.916,85.5,44.3,0
ASSET-E084BC03,2026-03-28,71.84,1.897,72.3,49.7,0
ASSET-E084BC03,2026-03-29,59.37,1.24,72.0,56.0,0
ASSET-E084BC03,2026-03-30,65.09,1.55,74.9,55.0,0
ASSET-E084BC03,2026-03-31,70.11,1.977,84.2,59.3,0
ASSET-E084BC03,2026-04-01,66.78,1.659,84.1,37.8,0
ASSET-E084BC03,2026-04-02,68.68,1.636,83.7,57.5,0
ASSET-E084BC03,2026-04-03,65.76,1.111,82.4,61.8,0
ASSET-E084BC03,2026-04-04,63.94,1.45,75.1,44.2,0
ASSET-E084BC03,2026-04-05,70.55,1.668,77.7,72.0,0
ASSET-E084BC03,2026-04-06,60.41,1.612,78.3,45.1,0
ASSET-E084BC03,2026-04-07,66.54,1.992,75.9,27.8,0
ASSET-E084BC03,2026-04-08,65.42,1.112,88.9,46.2,0
ASSET-E084BC03,2026-04-09,69.32,1.606,78.8,39.8,0
ASSET-E084BC03,2026-04-10,63.59,1.475,86.9,55.0,0
ASSET-E084BC03,2026-04-11,62.51,1.464,70.8,63.6,0
ASSET-E084BC03,2026-04-12,69.1,1.281,81.4,43.6,0
ASSET-E084BC03,2026-04-13,65.23,1.71,84.6,47.3,0
ASSET-E084BC03,2026-04-14,63.28,1.289,74.4,62.9,0
ASSET-E084BC03,2026-04-15,68.59,1.572,81.6,61.1,0
ASSET-E084BC03,2026-04-16,66.44,1.993,76.9,38.5,0
ASSET-E084BC03,2026-04-17,71.75,1.61,74.8,39.6,0
ASSET-E084BC03,2026-04-18,59.69,1.414,81.5,53.1,0
ASSET-E084BC03,2026-04-19,64.01,1.726,75.0,57.4,0
ASSET-E084BC03,2026-04-20,59.58,1.639,85.8,57.1,0
ASSET-E084BC03,2026-04-21,60.69,1.632,77.8,43.1,0
ASSET-E084BC03,2026-04-22,65.55,1.489,75.5,53.8,0
ASSET-E084BC03,2026-04-23,68.81,1.769,77.8,36.4,0
ASSET-E084BC03,2026-04-24,64.41,1.654,78.3,54.8,0
ASSET-E084BC03,2026-04-25,67.7,1.555,80.1,47.9,0
ASSET-E084BC03,2026-04-26,60.9,1.31,80.0,52.1,0
ASSET-E084BC03,2026-04-27,62.29,1.279,84.0,43.3,0
ASSET-E084BC03,2026-04-28,64.31,1.41,77.5,61.2,0
ASSET-E084BC03,2026-04-29,66.46,1.477,82.0,34.9,0
ASSET-E084BC03,2026-04-30,64.46,1.602,78.3,46.8,0
ASSET-E084BC03,2026-05-01,61.97,1.848,91.0,59.3,0
ASSET-E084BC03,2026-05-02,65.12,1.855,87.1,70.1,0
ASSET-E084BC03,2026-05-03,58.48,1.432,74.2,69.1,0
ASSET-E084BC03,2026-05-04,69.28,1.235,73.3,44.0,0
ASSET-E084BC03,2026-05-05,65.65,1.196,81.9,46.7,0
ASSET-E084BC03,2026-05-06,64.63,1.52,82.1,39.8,0
ASSET-E084BC03,2026-05-07,63.56,1.357,83.7,46.3,0
ASSET-E084BC03,2026-05-08,67.08,1.549,89.7,42.7,0
ASSET-E084BC03,2026-05-09,66.09,1.936,82.4,38.6,0
ASSET-E084BC03,2026-05-10,61.59,1.6,89.5,56.4,0
ASSET-E084BC03,2026-05-11,67.38,1.434,92.2,60.7,0
ASSET-E084BC03,2026-05-12,65.62,1.157,83.6,51.0,0
ASSET-E084BC03,2026-05-13,67.55,1.345,84.4,52.9,0
ASSET-E084BC03,2026-05-14,62.05,1.543,83.8,53.4,0
ASSET-E084BC03,2026-05-15,70.46,1.719,87.0,51.2,0
ASSET-E084BC03,2026-05-16,65.61,1.779,83.5,57.4,0
ASSET-E084BC03,2026-05-17,64.57,1.703,83.2,56.0,0
ASSET-E084BC03,2026-05-18,62.69,1.322,83.1,56.0,0
ASSET-E084BC03,2026-05-19,68.64,1.831,69.4,58.3,0
ASSET-E084BC03,2026-05-20,60.73,1.605,78.1,49.1,0
ASSET-E084BC03,2026-05-21,69.82,1.908,80.4,58.6,0
ASSET-E084BC03,2026-05-22,62.91,1.508,90.4,41.5,0
ASSET-E084BC03,2026-05-23,61.22,1.525,74.7,51.6,0
ASSET-E084BC03,2026-05-24,66.67,1.347,72.0,51.1,0
ASSET-E084BC03,2026-05-25,65.34,1.734,84.0,40.5,0
ASSET-E084BC03,2026-05-26,68.6,1.417,77.4,42.1,0
ASSET-E084BC03,2026-05-27,63.07,1.645,69.5,47.3,0
ASSET-E084BC03,2026-05-28,68.93,1.481,88.6,40.6,0
ASSET-E084BC03,2026-05-29,65.45,1.377,76.0,48.9,0
ASSET-E084BC03,2026-05-30,67.35,1.686,71.0,42.0,0
ASSET-E084BC03,2026-05-31,65.75,1.45,82.9,57.1,0
ASSET-E084BC03,2026-06-01,58.97,1.317,77.0,45.8,0
ASSET-E084BC03,2026-06-02,67.07,1.387,79.3,46.8,0
ASSET-E084BC03,2026-06-03,69.86,1.457,86.6,52.3,0
ASSET-E084BC03,2026-06-04,64.04,1.606,66.8,42.0,0
ASSET-E084BC03,2026-06-05,70.15,1.839,75.0,52.5,0
ASSET-E084BC03,2026-06-06,67.7,1.775,81.5,61.6,0
ASSET-E084BC03,2026-06-07,69.14,1.323,77.7,58.8,0
ASSET-E084BC03,2026-06-08,67.11,1.192,76.5,37.0,0
ASSET-E084BC03,2026-06-09,62.54,1.281,87.6,61.7,0
ASSET-E084BC03,2026-06-10,65.94,1.382,73.9,46.4,0
ASSET-E084BC03,2026-06-11,65.8,1.521,81.8,67.4,0
ASSET-E084BC03,2026-06-12,68.47,1.475,74.0,62.8,0
ASSET-E084BC03,2026-06-13,69.61,1.482,76.9,27.4,0
ASSET-E084BC03,2026-06-14,62.67,1.669,64.8,48.5,0
ASSET-E084BC03,2026-06-15,65.68,1.551,74.0,59.4,0
ASSET-E084BC03,2026-06-16,57.48,1.339,79.5,55.0,0
ASSET-E084BC03,2026-06-17,62.21,1.113,78.7,53.7,0
ASSET-E084BC03,2026-06-18,68.93,1.533,85.7,41.5,0
ASSET-E084BC03,2026-06-19,63.56,1.895,88.4,50.3,0
ASSET-E084BC03,2026-06-20,65.47,1.62,81.7,36.2,0
ASSET-E084BC03,2026-06-21,55.07,1.198,81.5,71.4,0
ASSET-E084BC03,2026-06-22,65.58,1.434,81.6,64.6,0
ASSET-E084BC03,2026-06-23,66.93,1.649,81.2,47.0,0
ASSET-E084BC03,2026-06-24,62.48,1.4,80.4,41.3,0
ASSET-E084BC03,2026-06-25,69.51,1.518,78.9,60.0,0
ASSET-E084BC03,2026-06-26,63.29,1.311,84.5,46.4,0
ASSET-E084BC03,2026-06-27,62.23,1.399,74.0,51.7,0
ASSET-E084BC03,2026-06-28,61.9,1.805,82.5,60.2,0
ASSET-E084BC03,2026-06-29,68.15,2.083,82.7,40.8,0
ASSET-E084BC03,2026-06-30,66.96,1.275,72.5,47.4,0
ASSET-E084BC03,2026-07-01,62.36,1.282,87.3,48.0,0
ASSET-E084BC03,2026-07-02,62.61,1.402,76.6,52.7,0
ASSET-E084BC03,2026-07-03,67.14,1.67,80.4,59.7,0
ASSET-E084BC03,2026-07-04,70.16,1.308,67.0,41.0,0
ASSET-E084BC03,2026-07-05,66.25,1.388,74.1,55.3,0
ASSET-E084BC03,2026-07-06,64.08,1.552,73.9,42.2,0
ASSET-E084BC03,2026-07-07,63.06,1.347,74.1,63.8,0
ASSET-E084BC03,2026-07-08,67.19,1.648,82.0,35.4,0
ASSET-E084BC03,2026-07-09,71.95,1.413,78.0,41.5,0
ASSET-E084BC03,2026-07-10,62.61,1.478,91.2,41.3,0
ASSET-E084BC03,2026-07-11,62.48,1.596,84.3,49.2,0
ASSET-E084BC03,2026-07-12,65.79,1.896,80.9,40.1,0
ASSET-E084BC03,2026-07-13,67.14,1.335,79.9,52.3,0
ASSET-E084BC03,2026-07-14,65.38,1.52,79.9,42.1,0
ASSET-E084BC03,2026-07-15,71.3,1.658,80.1,49.8,0
ASSET-E084BC03,2026-07-16,65.65,1.642,82.9,37.9,0
ASSET-E084BC03,2026-07-17,58.63,1.275,78.0,42.2,0
ASSET-E084BC03,2026-07-18,68.57,1.384,77.3,46.0,0
ASSET-E084BC03,2026-07-19,67.13,1.478,75.8,58.4,0
ASSET-E084BC03,2026-07-20,70.06,1.654,90.2,56.5,0
ASSET-E084BC03,2026-07-21,64.18,1.213,81.9,67.3,0
ASSET-E084BC03,2026-07-22,67.09,1.914,83.5,62.7,0
ASSET-E084BC03,2026-07-23,66.36,1.674,76.2,46.0,0
ASSET-E084BC03,2026-07-24,64.82,1.505,75.2,37.8,0
ASSET-E084BC03,2026-07-25,69.02,1.534,76.8,36.3,0
ASSET-E084BC03,2026-07-26,65.88,1.453,75.7,48.4,0
ASSET-E084BC03,2026-07-27,63.15,1.467,71.0,59.4,0
ASSET-E084BC03,2026-07-28,64.27,1.521,82.6,59.8,0
ASSET-E084BC03,2026-07-29,66.88,1.454,83.2,45.1,0
ASSET-E084BC03,2026-07-30,67.06,1.551,77.6,42.2,0
ASSET-E084BC03,2026-07-31,64.37,1.578,84.0,28.0,0
ASSET-E084BC03,2026-08-01,70.24,1.464,79.8,53.7,0
ASSET-E084BC03,2026-08-02,60.96,1.451,72.3,59.4,0
ASSET-E084BC03,2026-08-03,70.15,1.509,77.7,36.8,0
ASSET-E084BC03,2026-08-04,61.99,1.523,79.2,49.2,0
ASSET-E084BC03,2026-08-05,65.73,1.486,81.7,43.4,0
ASSET-E084BC03,2026-08-06,62.11,1.32,74.2,55.2,0
ASSET-E084BC03,2026-08-07,63.28,1.222,79.0,47.5,0
ASSET-E084BC03,2026-08-08,69.61,1.34,77.8,47.1,0
ASSET-E084BC03,2026-08-09,60.58,1.525,74.1,41.8,0
ASSET-E084BC03,2026-08-10,61.67,1.283,71.2,52.3,0
ASSET-E084BC03,2026-08-11,65.99,1.495,82.1,62.9,0
ASSET-E084BC03,2026-08-12,69.54,1.225,73.2,50.8,0
ASSET-E084BC03,2026-08-13,62.6,0.803,78.4,51.7,0
ASSET-E084BC03,2026-08-14,63.99,1.62,75.2,61.2,0
ASSET-E084BC03,2026-08-15,65.47,1.549,82.7,48.9,0
ASSET-E084BC03,2026-08-16,71.13,1.699,84.4,59.5,0
ASSET-E084BC03,2026-08-17,64.16,1.733,79.8,66.0,0
ASSET-E084BC03,2026-08-18,66.32,1.428,77.3,61.7,0
ASSET-E084BC03,2026-08-19,65.68,1.623,76.8,40.6,0
ASSET-E084BC03,2026-08-20,66.23,1.494,79.1,55.3,0
ASSET-E084BC03,2026-08-21,65.54,1.703,81.0,74.8,0
ASSET-E084BC03,2026-08-22,66.07,1.215,78.1,57.9,0
ASSET-E084BC03,2026-08-23,67.87,1.443,91.5,51.9,0
ASSET-E084BC03,2026-08-24,60.02,1.462,76.3,45.3,0
ASSET-E084BC03,2026-08-25,62.15,1.874,79.2,43.8,0
ASSET-E084BC03,2026-08-26,64.81,1.464,79.7,54.6,0
ASSET-E084BC03,2026-08-27,67.87,1.117,80.0,48.5,0
ASSET-E084BC03,2026-08-28,64.04,1.352,84.5,34.9,0
ASSET-E084BC03,2026-08-29,65.12,1.326,77.7,43.3,0
ASSET-E084BC03,2026-08-30,61.19,1.322,77.4,59.4,0
ASSET-E084BC03,2026-08-31,63.22,1.511,74.4,62.1,0
ASSET-E084BC03,2026-09-01,68.14,1.347,82.5,43.4,0
ASSET-E084BC03,2026-09-02,70.12,1.644,85.8,35.4,0
ASSET-E084BC03,2026-09-03,63.29,1.652,87.2,46.0,0
ASSET-E084BC03,2026-09-04,62.75,1.522,81.1,76.6,0
ASSET-E084BC03,2026-09-05,65.42,1.708,83.1,56.8,0
ASSET-E084BC03,2026-09-06,68.25,1.715,78.7,51.1,0
ASSET-E084BC03,2026-09-07,58.28,1.629,82.3,50.8,0
ASSET-E084BC03,2026-09-08,60.25,1.703,81.3,62.1,0
ASSET-E084BC03,2026-09-09,64.19,1.054,82.9,46.6,0
ASSET-E084BC03,2026-09-10,63.42,1.603,78.0,65.3,0
ASSET-E084BC03,2026-09-11,62.44,1.127,80.4,44.0,0
ASSET-E084BC03,2026-09-12,62.94,1.638,84.5,37.9,0
ASSET-E084BC03,2026-09-13,70.49,1.575,75.5,61.5,0
ASSET-E084BC03,2026-09-14,63.78,1.602,76.6,39.7,0
ASSET-E084BC03,2026-09-15,68.34,1.763,90.1,48.7,0
ASSET-E257FA61,2026-03-20,65.32,1.631,79.5,38.3,0
ASSET-E257FA61,2026-03-21,72.85,1.617,84.0,47.6,0
ASSET-E257FA61,2026-03-22,70.24,1.637,80.4,35.2,0
ASSET-E257FA61,2026-03-23,63.84,1.388,83.0,54.5,0
ASSET-E257FA61,2026-03-24,63.43,1.574,75.4,37.0,0
ASSET-E257FA61,2026-03-25,59.68,1.541,81.4,49.7,0
ASSET-E257FA61,2026-03-26,66.23,1.33,78.5,74.7,0
ASSET-E257FA61,2026-03-27,66.68,1.352,81.2,69.3,0
ASSET-E257FA61,2026-03-28,68.94,1.575,81.0,43.7,0
ASSET-E257FA61,2026-03-29,62.39,1.711,80.4,56.8,0
ASSET-E257FA61,2026-03-30,70.27,1.028,81.1,46.1,0
ASSET-E257FA61,2026-03-31,67.72,1.435,81.2,63.9,0
ASSET-E257FA61,2026-04-01,66.31,1.576,70.4,48.3,0
ASSET-E257FA61,2026-04-02,68.9,1.374,87.1,34.7,0
ASSET-E257FA61,2026-04-03,65.97,1.471,83.0,61.3,0
ASSET-E257FA61,2026-04-04,66.14,1.201,79.1,56.2,0
ASSET-E257FA61,2026-04-05,60.41,1.457,80.2,43.9,0
ASSET-E257FA61,2026-04-06,68.25,1.545,80.1,35.4,0
ASSET-E257FA61,2026-04-07,67.2,1.491,73.5,55.2,0
ASSET-E257FA61,2026-04-08,72.54,1.447,73.9,60.2,0
ASSET-E257FA61,2026-04-09,63.79,1.478,78.9,43.6,0
ASSET-E257FA61,2026-04-10,60.89,1.956,87.8,54.8,0
ASSET-E257FA61,2026-04-11,65.61,1.172,68.5,53.8,0
ASSET-E257FA61,2026-04-12,71.5,1.56,85.0,45.5,0
ASSET-E257FA61,2026-04-13,64.22,1.384,78.7,37.8,0
ASSET-E257FA61,2026-04-14,66.23,1.339,83.9,47.6,0
ASSET-E257FA61,2026-04-15,65.01,1.212,77.1,49.7,0
ASSET-E257FA61,2026-04-16,68.5,1.149,79.0,56.0,0
ASSET-E257FA61,2026-04-17,66.04,1.522,81.5,44.6,0
ASSET-E257FA61,2026-04-18,66.98,1.456,89.0,40.1,0
ASSET-E257FA61,2026-04-19,60.05,1.451,74.6,66.8,0
ASSET-E257FA61,2026-04-20,70.43,1.533,85.1,46.9,0
ASSET-E257FA61,2026-04-21,69.54,1.607,75.7,44.8,0
ASSET-E257FA61,2026-04-22,65.53,1.176,87.1,43.5,0
ASSET-E257FA61,2026-04-23,61.72,1.429,84.0,73.5,0
ASSET-E257FA61,2026-04-24,59.33,1.415,84.4,54.8,0
ASSET-E257FA61,2026-04-25,66.18,1.359,85.2,43.9,0
ASSET-E257FA61,2026-04-26,67.48,1.429,72.9,57.6,0
ASSET-E257FA61,2026-04-27,70.5,1.582,77.5,54.6,0
ASSET-E257FA61,2026-04-28,66.31,1.247,81.7,46.8,0
ASSET-E257FA61,2026-04-29,60.48,1.405,75.5,43.9,0
ASSET-E257FA61,2026-04-30,65.9,1.709,71.0,57.0,0
ASSET-E257FA61,2026-05-01,67.6,1.622,73.9,51.9,0
ASSET-E257FA61,2026-05-02,65.3,1.224,74.1,33.9,0
ASSET-E257FA61,2026-05-03,64.06,1.532,82.5,52.2,0
ASSET-E257FA61,2026-05-04,63.27,1.301,78.9,40.3,0
ASSET-E257FA61,2026-05-05,64.32,1.532,74.5,46.4,0
ASSET-E257FA61,2026-05-06,66.52,1.903,77.0,45.4,0
ASSET-E257FA61,2026-05-07,60.41,1.321,83.6,43.1,0
ASSET-E257FA61,2026-05-08,71.7,1.737,70.2,32.1,0
ASSET-E257FA61,2026-05-09,64.23,1.304,85.3,31.4,0
ASSET-E257FA61,2026-05-10,67.65,1.466,77.8,62.1,0
ASSET-E257FA61,2026-05-11,65.31,1.397,78.0,55.4,0
ASSET-E257FA61,2026-05-12,71.2,1.422,80.5,63.4,0
ASSET-E257FA61,2026-05-13,65.68,1.55,75.0,56.1,0
ASSET-E257FA61,2026-05-14,62.27,1.571,81.0,50.5,0
ASSET-E257FA61,2026-05-15,63.15,1.658,85.2,57.4,0
ASSET-E257FA61,2026-05-16,72.12,1.39,89.9,60.1,0
ASSET-E257FA61,2026-05-17,66.07,1.673,80.3,59.3,0
ASSET-E257FA61,2026-05-18,66.35,1.764,74.4,41.8,0
ASSET-E257FA61,2026-05-19,65.26,1.555,71.5,58.4,0
ASSET-E257FA61,2026-05-20,66.84,1.261,74.8,48.4,0
ASSET-E257FA61,2026-05-21,68.42,1.43,82.0,70.8,0
ASSET-E257FA61,2026-05-22,66.33,1.429,92.1,48.3,0
ASSET-E257FA61,2026-05-23,65.23,1.685,88.7,46.8,0
ASSET-E257FA61,2026-05-24,64.92,1.549,83.6,47.0,0
ASSET-E257FA61,2026-05-25,63.25,1.481,84.8,53.2,0
ASSET-E257FA61,2026-05-26,62.48,1.432,73.9,48.8,0
ASSET-E257FA61,2026-05-27,72.07,1.047,80.4,39.6,0
ASSET-E257FA61,2026-05-28,69.38,1.375,78.0,59.9,0
ASSET-E257FA61,2026-05-29,63.44,1.64,81.4,37.3,0
ASSET-E257FA61,2026-05-30,63.16,1.698,91.2,52.1,0
ASSET-E257FA61,2026-05-31,61.16,1.436,82.0,62.6,0
ASSET-E257FA61,2026-06-01,67.55,1.192,73.0,59.3,0
ASSET-E257FA61,2026-06-02,66.91,1.396,84.6,49.1,0
ASSET-E257FA61,2026-06-03,64.75,1.253,84.6,48.0,0
ASSET-E257FA61,2026-06-04,62.23,1.098,79.0,36.0,0
ASSET-E257FA61,2026-06-05,65.2,1.501,80.7,41.9,0
ASSET-E257FA61,2026-06-06,66.64,1.45,87.5,55.9,0
ASSET-E257FA61,2026-06-07,68.64,1.428,76.4,57.7,0
ASSET-E257FA61,2026-06-08,69.93,1.651,79.0,37.3,0
ASSET-E257FA61,2026-06-09,63.81,1.788,76.6,52.1,0
ASSET-E257FA61,2026-06-10,65.87,1.618,80.5,55.0,0
ASSET-E257FA61,2026-06-11,61.36,1.486,80.3,65.5,0
ASSET-E257FA61,2026-06-12,66.74,1.572,77.0,63.4,0
ASSET-E257FA61,2026-06-13,66.46,1.268,84.5,27.3,0
ASSET-E257FA61,2026-06-14,64.58,1.46,74.6,35.9,0
ASSET-E257FA61,2026-06-15,61.54,1.557,78.8,45.9,0
ASSET-E257FA61,2026-06-16,59.88,1.432,78.9,40.6,0
ASSET-E257FA61,2026-06-17,70.36,1.361,84.5,37.6,0
ASSET-E257FA61,2026-06-18,62.77,1.414,77.9,35.6,0
ASSET-E257FA61,2026-06-19,60.36,1.259,68.0,31.1,0
ASSET-E257FA61,2026-06-20,64.58,1.43,85.9,40.7,0
ASSET-E257FA61,2026-06-21,68.16,1.494,79.8,41.5,0
ASSET-E257FA61,2026-06-22,62.81,1.678,74.4,39.5,0
ASSET-E257FA61,2026-06-23,65.17,1.276,88.7,61.6,0
ASSET-E257FA61,2026-06-24,59.72,1.483,79.7,49.2,0
ASSET-E257FA61,2026-06-25,60.24,1.047,78.3,34.6,0
ASSET-E257FA61,2026-06-26,62.57,1.768,77.1,66.0,0
ASSET-E257FA61,2026-06-27,61.63,1.567,83.0,46.5,0
ASSET-E257FA61,2026-06-28,65.46,1.577,77.2,44.4,0
ASSET-E257FA61,2026-06-29,69.54,1.736,77.9,33.0,0
ASSET-E257FA61,2026-06-30,68.34,1.603,77.7,54.0,0
ASSET-E257FA61,2026-07-01,58.72,1.836,80.5,48.8,0
ASSET-E257FA61,2026-07-02,63.65,1.645,84.8,51.7,0
ASSET-E257FA61,2026-07-03,61.59,1.703,71.3,38.3,0
ASSET-E257FA61,2026-07-04,66.66,1.243,75.6,58.3,0
ASSET-E257FA61,2026-07-05,64.46,1.24,79.2,52.4,0
ASSET-E257FA61,2026-07-06,62.26,1.638,74.7,41.0,0
ASSET-E257FA61,2026-07-07,67.76,1.491,81.4,62.3,0
ASSET-E257FA61,2026-07-08,62.89,1.696,84.2,40.6,0
ASSET-E257FA61,2026-07-09,67.21,1.38,82.6,53.7,0
ASSET-E257FA61,2026-07-10,64.15,1.427,85.3,50.3,0
ASSET-E257FA61,2026-07-11,68.66,1.659,69.3,46.5,0
ASSET-E257FA61,2026-07-12,62.58,1.452,84.8,65.3,0
ASSET-E257FA61,2026-07-13,66.55,1.108,81.8,47.0,0
ASSET-E257FA61,2026-07-14,65.53,1.619,84.1,46.9,0
ASSET-E257FA61,2026-07-15,60.33,1.172,82.4,44.6,0
ASSET-E257FA61,2026-07-16,66.25,1.363,79.2,45.8,0
ASSET-E257FA61,2026-07-17,63.34,1.694,87.4,41.9,0
ASSET-E257FA61,2026-07-18,62.72,1.674,80.9,55.6,0
ASSET-E257FA61,2026-07-19,64.92,1.515,76.2,46.2,0
ASSET-E257FA61,2026-07-20,62.53,1.446,90.0,39.4,0
ASSET-E257FA61,2026-07-21,69.39,1.483,83.3,55.9,0
ASSET-E257FA61,2026-07-22,66.23,1.433,73.0,48.0,0
ASSET-E257FA61,2026-07-23,68.06,1.942,79.5,59.6,0
ASSET-E257FA61,2026-07-24,59.12,1.4,76.3,49.9,0
ASSET-E257FA61,2026-07-25,65.53,1.613,79.5,61.2,0
ASSET-E257FA61,2026-07-26,67.72,1.365,75.4,51.0,0
ASSET-E257FA61,2026-07-27,62.05,1.435,79.3,50.6,0
ASSET-E257FA61,2026-07-28,67.13,1.66,78.3,49.2,0
ASSET-E257FA61,2026-07-29,63.74,1.2,88.5,48.1,0
ASSET-E257FA61,2026-07-30,62.88,1.37,81.2,35.1,0
ASSET-E257FA61,2026-07-31,65.49,1.729,89.9,49.1,0
ASSET-E257FA61,2026-08-01,65.63,1.552,76.9,59.7,0
ASSET-E257FA61,2026-08-02,60.25,1.815,73.7,51.6,0
ASSET-E257FA61,2026-08-03,69.79,1.57,69.6,40.4,0
ASSET-E257FA61,2026-08-04,67.15,1.521,84.6,56.5,0
ASSET-E257FA61,2026-08-05,66.4,1.515,82.1,40.2,0
ASSET-E257FA61,2026-08-06,65.91,1.77,85.9,46.1,0
ASSET-E257FA61,2026-08-07,68.03,2.0,83.4,56.1,0
ASSET-E257FA61,2026-08-08,64.11,1.602,69.7,46.2,0
ASSET-E257FA61,2026-08-09,66.52,1.918,73.6,60.4,0
ASSET-E257FA61,2026-08-10,66.65,1.529,70.7,49.8,0
ASSET-E257FA61,2026-08-11,72.7,1.762,88.3,61.2,0
ASSET-E257FA61,2026-08-12,69.27,1.473,78.9,54.5,0
ASSET-E257FA61,2026-08-13,70.84,1.653,80.7,59.5,0
ASSET-E257FA61,2026-08-14,61.24,1.191,83.7,36.5,0
ASSET-E257FA61,2026-08-15,62.52,1.647,78.3,41.1,0
ASSET-E257FA61,2026-08-16,68.39,1.701,79.7,65.5,0
ASSET-E257FA61,2026-08-17,63.37,1.542,76.6,65.6,0
ASSET-E257FA61,2026-08-18,65.71,1.231,85.2,44.8,0
ASSET-E257FA61,2026-08-19,68.06,1.464,77.1,45.3,0
ASSET-E257FA61,2026-08-20,67.26,1.602,76.6,50.0,0
ASSET-E257FA61,2026-08-21,64.16,1.326,77.6,52.5,0
ASSET-E257FA61,2026-08-22,61.59,1.333,73.7,47.3,0
ASSET-E257FA61,2026-08-23,64.81,1.635,88.1,43.8,0
ASSET-E257FA61,2026-08-24,64.23,1.475,81.8,32.9,0
ASSET-E257FA61,2026-08-25,68.02,1.802,87.5,49.7,0
ASSET-E257FA61,2026-08-26,65.73,1.603,82.8,45.8,0
ASSET-E257FA61,2026-08-27,62.58,1.304,83.7,50.3,0
ASSET-E257FA61,2026-08-28,66.75,1.156,89.6,54.9,0
ASSET-E257FA61,2026-08-29,63.04,1.481,85.6,41.9,0
ASSET-E257FA61,2026-08-30,68.84,1.347,79.7,51.1,0
ASSET-E257FA61,2026-08-31,61.87,1.596,76.3,50.5,0
ASSET-E257FA61,2026-09-01,68.04,1.603,82.6,53.6,0
ASSET-E257FA61,2026-09-02,69.04,1.785,85.0,62.2,0
ASSET-E257FA61,2026-09-03,60.44,2.105,72.9,47.2,0
ASSET-E257FA61,2026-09-04,67.82,1.704,76.9,46.2,0
ASSET-E257FA61,2026-09-05,65.51,1.364,72.8,66.3,0
ASSET-E257FA61,2026-09-06,65.56,1.53,83.8,49.7,0
ASSET-E257FA61,2026-09-07,69.57,1.716,74.3,57.1,0
ASSET-E257FA61,2026-09-08,64.82,1.568,75.8,40.6,0
ASSET-E257FA61,2026-09-09,58.68,1.514,79.8,44.4,0
ASSET-E257FA61,2026-09-10,66.16,1.653,78.0,34.0,0
ASSET-E257FA61,2026-09-11,68.63,1.41,82.9,22.2,0
ASSET-E257FA61,2026-09-12,66.38,1.42,83.8,62.8,0
ASSET-E257FA61,2026-09-13,63.6,1.49,74.4,60.5,0
ASSET-E257FA61,2026-09-14,63.2,1.473,73.5,55.4,0
ASSET-E257FA61,2026-09-15,61.73,1.533,75.9,46.9,0
ASSET-12823B19,2026-03-20,65.19,1.47,84.8,40.7,0
ASSET-12823B19,2026-03-21,68.3,1.849,84.0,35.8,0
ASSET-12823B19,2026-03-22,63.28,1.454,75.8,48.8,0
ASSET-12823B19,2026-03-23,63.09,1.529,90.2,53.0,0
ASSET-12823B19,2026-03-24,61.91,1.1,82.3,52.1,0
ASSET-12823B19,2026-03-25,65.48,1.672,82.4,63.5,0
ASSET-12823B19,2026-03-26,61.82,1.089,79.4,61.7,0
ASSET-12823B19,2026-03-27,64.59,1.534,79.9,57.3,0
ASSET-12823B19,2026-03-28,60.71,1.62,77.1,51.6,0
ASSET-12823B19,2026-03-29,63.41,1.692,85.2,44.7,0
ASSET-12823B19,2026-03-30,61.03,1.417,83.9,50.8,0
ASSET-12823B19,2026-03-31,62.63,1.361,79.2,45.5,0
ASSET-12823B19,2026-04-01,67.62,1.508,76.4,54.6,0
ASSET-12823B19,2026-04-02,67.24,1.634,78.8,40.8,0
ASSET-12823B19,2026-04-03,62.56,1.719,72.8,64.8,0
ASSET-12823B19,2026-04-04,65.75,1.236,80.1,53.5,0
ASSET-12823B19,2026-04-05,62.72,1.605,81.9,56.2,0
ASSET-12823B19,2026-04-06,66.05,1.676,86.3,46.7,0
ASSET-12823B19,2026-04-07,65.17,1.363,82.3,65.5,0
ASSET-12823B19,2026-04-08,65.42,1.253,71.0,48.1,0
ASSET-12823B19,2026-04-09,63.09,1.426,77.9,27.9,0
ASSET-12823B19,2026-04-10,67.26,1.446,86.5,41.7,0
ASSET-12823B19,2026-04-11,60.42,1.218,85.0,47.7,0
ASSET-12823B19,2026-04-12,57.76,1.487,79.5,62.3,0
ASSET-12823B19,2026-04-13,67.91,1.513,82.6,49.3,0
ASSET-12823B19,2026-04-14,58.1,1.561,86.2,43.9,0
ASSET-12823B19,2026-04-15,65.13,1.495,73.8,46.9,0
ASSET-12823B19,2026-04-16,65.43,1.479,75.7,50.2,0
ASSET-12823B19,2026-04-17,64.26,1.552,71.7,55.1,0
ASSET-12823B19,2026-04-18,65.56,1.107,82.1,65.0,0
ASSET-12823B19,2026-04-19,64.28,1.504,78.6,30.4,0
ASSET-12823B19,2026-04-20,67.16,1.1,70.7,44.6,0
ASSET-12823B19,2026-04-21,63.28,1.619,83.9,43.2,0
ASSET-12823B19,2026-04-22,65.61,1.687,81.3,49.4,0
ASSET-12823B19,2026-04-23,66.01,1.466,81.2,50.5,0
ASSET-12823B19,2026-04-24,65.07,1.532,75.4,32.3,0
ASSET-12823B19,2026-04-25,68.0,1.669,78.0,31.9,0
ASSET-12823B19,2026-04-26,62.9,1.315,86.1,46.4,0
ASSET-12823B19,2026-04-27,65.65,1.735,76.4,65.8,0
ASSET-12823B19,2026-04-28,61.69,1.624,78.0,49.6,0
ASSET-12823B19,2026-04-29,65.53,1.466,83.4,47.7,0
ASSET-12823B19,2026-04-30,63.02,1.325,74.0,52.2,0
ASSET-12823B19,2026-05-01,62.5,1.642,78.0,55.9,0
ASSET-12823B19,2026-05-02,69.45,1.548,86.4,57.4,0
ASSET-12823B19,2026-05-03,62.45,1.413,78.6,43.9,0
ASSET-12823B19,2026-05-04,65.43,1.62,74.5,63.3,0
ASSET-12823B19,2026-05-05,70.17,1.565,81.3,39.3,0
ASSET-12823B19,2026-05-06,65.53,1.231,77.1,61.1,0
ASSET-12823B19,2026-05-07,64.51,1.512,72.7,61.5,0
ASSET-12823B19,2026-05-08,63.23,1.542,74.4,68.3,0
ASSET-12823B19,2026-05-09,68.7,1.551,72.4,45.0,0
ASSET-12823B19,2026-05-10,63.26,1.271,84.4,47.2,0
ASSET-12823B19,2026-05-11,69.59,1.471,80.8,44.7,0
ASSET-12823B19,2026-05-12,72.55,1.307,80.0,58.5,0
ASSET-12823B19,2026-05-13,67.21,1.31,77.4,42.8,0
ASSET-12823B19,2026-05-14,67.0,1.356,91.8,57.9,0
ASSET-12823B19,2026-05-15,65.02,1.489,85.2,45.8,0
ASSET-12823B19,2026-05-16,63.16,1.065,78.6,49.4,0
ASSET-12823B19,2026-05-17,66.33,1.616,73.1,45.5,0
ASSET-12823B19,2026-05-18,65.39,1.666,82.2,62.7,0
ASSET-12823B19,2026-05-19,64.6,1.694,79.7,28.2,0
ASSET-12823B19,2026-05-20,65.35,1.715,79.8,56.3,0
ASSET-12823B19,2026-05-21,63.59,1.134,82.9,42.3,0
ASSET-12823B19,2026-05-22,63.31,1.477,84.1,45.4,0
ASSET-12823B19,2026-05-23,63.54,2.064,87.3,46.2,0
ASSET-12823B19,2026-05-24,63.41,1.806,80.6,44.7,0
ASSET-12823B19,2026-05-25,63.74,1.027,80.5,52.5,0
ASSET-12823B19,2026-05-26,63.87,1.593,79.3,50.6,0
ASSET-12823B19,2026-05-27,64.79,1.436,83.4,47.9,0
ASSET-12823B19,2026-05-28,69.63,1.673,77.5,44.3,0
ASSET-12823B19,2026-05-29,62.04,2.089,79.9,57.2,0
ASSET-12823B19,2026-05-30,65.4,1.833,69.1,66.9,0
ASSET-12823B19,2026-05-31,63.64,1.622,78.5,52.8,0
ASSET-12823B19,2026-06-01,72.09,1.462,82.6,42.1,0
ASSET-12823B19,2026-06-02,59.13,1.623,81.9,34.7,0
ASSET-12823B19,2026-06-03,61.84,1.265,82.2,47.4,0
ASSET-12823B19,2026-06-04,63.58,1.41,78.3,47.3,0
ASSET-12823B19,2026-06-05,63.7,1.615,71.2,47.2,0
ASSET-12823B19,2026-06-06,67.13,1.595,88.8,48.1,0
ASSET-12823B19,2026-06-07,60.8,1.338,82.4,57.8,0
ASSET-12823B19,2026-06-08,66.7,1.24,85.2,62.7,0
ASSET-12823B19,2026-06-09,64.24,1.694,84.7,46.8,0
ASSET-12823B19,2026-06-10,67.11,1.828,86.6,43.3,0
ASSET-12823B19,2026-06-11,70.02,1.583,73.6,74.3,0
ASSET-12823B19,2026-06-12,64.21,1.624,88.6,51.2,0
ASSET-12823B19,2026-06-13,67.81,1.361,82.0,53.8,0
ASSET-12823B19,2026-06-14,64.27,1.204,76.4,58.4,0
ASSET-12823B19,2026-06-15,65.91,1.814,77.9,70.3,0
ASSET-12823B19,2026-06-16,67.77,1.674,70.6,49.0,0
ASSET-12823B19,2026-06-17,61.63,1.484,78.3,54.8,0
ASSET-12823B19,2026-06-18,67.07,1.601,87.8,54.3,0
ASSET-12823B19,2026-06-19,68.7,1.005,76.0,56.8,0
ASSET-12823B19,2026-06-20,63.5,1.602,78.8,45.8,0
ASSET-12823B19,2026-06-21,69.68,1.441,81.3,34.6,0
ASSET-12823B19,2026-06-22,63.12,1.212,78.9,41.4,0
ASSET-12823B19,2026-06-23,61.63,1.18,73.3,30.3,0
ASSET-12823B19,2026-06-24,67.02,1.469,79.7,55.8,0
ASSET-12823B19,2026-06-25,64.04,1.602,70.8,61.2,0
ASSET-12823B19,2026-06-26,69.88,1.898,79.4,60.4,0
ASSET-12823B19,2026-06-27,68.63,1.785,76.9,42.7,0
ASSET-12823B19,2026-06-28,64.96,1.191,73.6,74.0,0
ASSET-12823B19,2026-06-29,59.39,1.744,74.9,57.4,0
ASSET-12823B19,2026-06-30,66.39,1.243,82.9,57.5,0
ASSET-12823B19,2026-07-01,65.52,1.564,77.2,48.5,0
ASSET-12823B19,2026-07-02,61.28,1.347,77.0,60.0,0
ASSET-12823B19,2026-07-03,71.4,1.48,84.3,53.3,0
ASSET-12823B19,2026-07-04,70.46,1.946,75.3,48.3,0
ASSET-12823B19,2026-07-05,63.6,1.497,83.4,42.8,0
ASSET-12823B19,2026-07-06,69.99,1.609,86.0,44.8,0
ASSET-12823B19,2026-07-07,65.21,1.85,81.7,60.4,0
ASSET-12823B19,2026-07-08,68.28,1.661,85.2,52.5,0
ASSET-12823B19,2026-07-09,61.63,1.533,80.3,54.2,0
ASSET-12823B19,2026-07-10,62.55,1.561,74.2,43.7,0
ASSET-12823B19,2026-07-11,64.83,1.63,81.9,52.1,0
ASSET-12823B19,2026-07-12,67.54,1.73,83.4,44.7,0
ASSET-12823B19,2026-07-13,69.26,1.448,86.4,75.9,0
ASSET-12823B19,2026-07-14,65.29,1.41,83.9,41.3,0
ASSET-12823B19,2026-07-15,62.79,1.217,70.6,51.0,0
ASSET-12823B19,2026-07-16,66.11,1.309,75.9,50.6,0
ASSET-12823B19,2026-07-17,66.61,1.448,79.3,51.0,0
ASSET-12823B19,2026-07-18,64.23,1.699,74.6,46.2,0
ASSET-12823B19,2026-07-19,65.92,1.456,68.6,55.1,0
ASSET-12823B19,2026-07-20,62.75,1.72,70.7,59.8,0
ASSET-12823B19,2026-07-21,64.17,1.782,70.3,58.9,0
ASSET-12823B19,2026-07-22,64.79,1.086,66.6,58.9,0
ASSET-12823B19,2026-07-23,62.97,1.739,87.8,51.2,0
ASSET-12823B19,2026-07-24,62.43,1.476,73.4,41.6,0
ASSET-12823B19,2026-07-25,63.53,1.71,84.8,41.6,0
ASSET-12823B19,2026-07-26,62.34,1.559,81.3,47.0,0
ASSET-12823B19,2026-07-27,66.39,1.374,85.3,47.8,0
ASSET-12823B19,2026-07-28,66.45,1.833,75.0,48.0,0
ASSET-12823B19,2026-07-29,64.06,1.871,82.9,55.1,0
ASSET-12823B19,2026-07-30,67.19,1.446,75.4,60.8,0
ASSET-12823B19,2026-07-31,63.05,1.342,77.9,29.1,0
ASSET-12823B19,2026-08-01,59.87,1.192,82.9,49.4,0
ASSET-12823B19,2026-08-02,67.72,1.698,78.8,37.3,0
ASSET-12823B19,2026-08-03,61.07,1.598,80.4,40.1,0
ASSET-12823B19,2026-08-04,72.67,1.648,78.5,65.9,0
ASSET-12823B19,2026-08-05,63.07,1.422,85.3,41.4,0
ASSET-12823B19,2026-08-06,63.36,1.694,74.7,37.4,0
ASSET-12823B19,2026-08-07,66.95,1.13,91.8,48.2,0
ASSET-12823B19,2026-08-08,63.79,1.469,83.4,38.7,0
ASSET-12823B19,2026-08-09,66.58,1.218,92.7,52.5,0
ASSET-12823B19,2026-08-10,67.52,1.478,83.1,47.3,0
ASSET-12823B19,2026-08-11,67.72,1.219,75.4,57.9,0
ASSET-12823B19,2026-08-12,62.28,1.424,76.4,61.4,0
ASSET-12823B19,2026-08-13,67.32,1.805,80.2,45.2,0
ASSET-12823B19,2026-08-14,63.45,1.154,80.6,44.4,0
ASSET-12823B19,2026-08-15,68.95,1.299,73.3,50.2,0
ASSET-12823B19,2026-08-16,65.71,1.567,71.8,71.8,0
ASSET-12823B19,2026-08-17,62.99,1.545,80.3,60.8,0
ASSET-12823B19,2026-08-18,63.78,1.182,71.5,32.3,0
ASSET-12823B19,2026-08-19,60.5,1.466,82.5,37.5,0
ASSET-12823B19,2026-08-20,64.07,1.524,84.0,38.2,0
ASSET-12823B19,2026-08-21,58.66,1.612,71.3,50.2,0
ASSET-12823B19,2026-08-22,67.26,1.447,90.1,43.0,0
ASSET-12823B19,2026-08-23,64.49,1.365,80.2,53.0,0
ASSET-12823B19,2026-08-24,66.13,1.554,83.1,43.1,0
ASSET-12823B19,2026-08-25,64.19,1.234,80.5,42.2,0
ASSET-12823B19,2026-08-26,65.95,1.6,82.3,51.9,0
ASSET-12823B19,2026-08-27,63.76,1.151,83.9,48.2,0
ASSET-12823B19,2026-08-28,62.87,1.602,89.5,56.8,0
ASSET-12823B19,2026-08-29,61.77,1.135,78.2,46.5,0
ASSET-12823B19,2026-08-30,59.33,1.766,86.0,30.0,0
ASSET-12823B19,2026-08-31,67.74,1.267,78.6,78.2,0
ASSET-12823B19,2026-09-01,62.88,1.859,85.7,62.0,0
ASSET-12823B19,2026-09-02,63.82,1.374,80.6,51.5,0
ASSET-12823B19,2026-09-03,61.85,1.248,74.3,58.2,0
ASSET-12823B19,2026-09-04,64.1,1.346,86.3,50.3,0
ASSET-12823B19,2026-09-05,65.01,1.09,82.4,46.9,0
ASSET-12823B19,2026-09-06,65.35,1.542,80.1,36.6,0
ASSET-12823B19,2026-09-07,61.91,1.449,77.9,40.0,0
ASSET-12823B19,2026-09-08,65.38,1.718,76.1,50.0,0
ASSET-12823B19,2026-09-09,71.47,1.428,81.3,54.2,0
ASSET-12823B19,2026-09-10,66.4,1.54,79.9,47.1,0
ASSET-12823B19,2026-09-11,62.11,1.65,73.8,46.3,0
ASSET-12823B19,2026-09-12,65.16,1.654,78.9,47.9,0
ASSET-12823B19,2026-09-13,63.55,1.616,87.3,42.2,0
ASSET-12823B19,2026-09-14,63.87,1.574,84.8,52.1,0
ASSET-12823B19,2026-09-15,64.92,1.33,77.8,62.6,0
ASSET-112546F8,2026-03-20,71.38,1.66,77.0,38.4,0
ASSET-112546F8,2026-03-21,70.58,1.962,78.3,64.6,0
ASSET-112546F8,2026-03-22,63.52,1.61,79.6,38.4,0
ASSET-112546F8,2026-03-23,59.53,1.524,71.0,38.0,0
ASSET-112546F8,2026-03-24,62.02,1.515,90.0,44.2,0
ASSET-112546F8,2026-03-25,70.87,1.632,83.4,56.1,0
ASSET-112546F8,2026-03-26,62.8,1.566,71.5,48.2,0
ASSET-112546F8,2026-03-27,65.82,1.107,85.9,49.8,0
ASSET-112546F8,2026-03-28,68.13,1.416,77.5,48.8,0
ASSET-112546F8,2026-03-29,61.88,1.478,79.4,63.5,0
ASSET-112546F8,2026-03-30,58.93,1.4,84.8,57.0,0
ASSET-112546F8,2026-03-31,67.55,1.521,81.8,55.0,0
ASSET-112546F8,2026-04-01,61.67,1.19,78.0,46.1,0
ASSET-112546F8,2026-04-02,65.18,1.302,79.0,51.4,0
ASSET-112546F8,2026-04-03,64.37,1.673,73.2,48.0,0
ASSET-112546F8,2026-04-04,66.24,1.638,82.6,48.8,0
ASSET-112546F8,2026-04-05,62.51,1.464,77.7,25.6,0
ASSET-112546F8,2026-04-06,68.22,1.787,94.1,49.0,0
ASSET-112546F8,2026-04-07,64.97,1.39,75.2,60.1,0
ASSET-112546F8,2026-04-08,63.46,1.465,94.1,67.0,0
ASSET-112546F8,2026-04-09,64.91,1.465,89.9,54.8,0
ASSET-112546F8,2026-04-10,61.08,1.467,76.7,38.5,0
ASSET-112546F8,2026-04-11,62.95,1.722,92.0,67.5,0
ASSET-112546F8,2026-04-12,66.5,1.264,77.9,31.3,0
ASSET-112546F8,2026-04-13,61.12,1.265,79.0,48.3,0
ASSET-112546F8,2026-04-14,61.48,1.766,83.6,31.5,0
ASSET-112546F8,2026-04-15,68.28,1.552,78.6,63.4,0
ASSET-112546F8,2026-04-16,67.94,1.328,77.5,43.1,0
ASSET-112546F8,2026-04-17,64.88,1.564,88.0,48.0,0
ASSET-112546F8,2026-04-18,67.08,1.685,82.5,39.4,0
ASSET-112546F8,2026-04-19,63.84,1.33,93.0,51.0,0
ASSET-112546F8,2026-04-20,64.43,1.643,78.4,52.8,0
ASSET-112546F8,2026-04-21,66.67,1.418,77.3,49.3,0
ASSET-112546F8,2026-04-22,68.51,1.834,78.4,40.0,0
ASSET-112546F8,2026-04-23,61.1,1.565,84.1,35.4,0
ASSET-112546F8,2026-04-24,63.87,2.021,81.8,64.7,0
ASSET-112546F8,2026-04-25,64.87,1.517,76.4,41.2,0
ASSET-112546F8,2026-04-26,69.42,1.46,82.1,26.1,0
ASSET-112546F8,2026-04-27,64.4,1.551,75.4,36.0,0
ASSET-112546F8,2026-04-28,63.84,1.535,77.8,49.6,0
ASSET-112546F8,2026-04-29,67.82,1.451,77.8,48.5,0
ASSET-112546F8,2026-04-30,66.79,1.394,70.4,57.8,0
ASSET-112546F8,2026-05-01,64.14,1.619,76.0,56.4,0
ASSET-112546F8,2026-05-02,67.35,1.308,71.8,52.6,0
ASSET-112546F8,2026-05-03,66.38,1.56,79.4,45.9,0
ASSET-112546F8,2026-05-04,67.83,1.527,80.2,57.2,0
ASSET-112546F8,2026-05-05,67.03,1.331,79.5,24.4,0
ASSET-112546F8,2026-05-06,63.4,1.729,80.3,54.8,0
ASSET-112546F8,2026-05-07,69.15,1.602,76.1,49.3,0
ASSET-112546F8,2026-05-08,66.88,1.483,78.5,47.2,0
ASSET-112546F8,2026-05-09,64.49,1.778,81.1,59.5,0
ASSET-112546F8,2026-05-10,67.28,1.387,81.4,52.2,0
ASSET-112546F8,2026-05-11,69.25,1.348,77.0,68.0,0
ASSET-112546F8,2026-05-12,64.24,1.568,87.0,41.6,0
ASSET-112546F8,2026-05-13,69.75,1.389,77.3,41.2,0
ASSET-112546F8,2026-05-14,64.07,1.481,73.5,42.1,0
ASSET-112546F8,2026-05-15,60.92,1.486,76.4,56.2,0
ASSET-112546F8,2026-05-16,58.87,1.511,84.1,45.3,0
ASSET-112546F8,2026-05-17,65.77,1.252,74.0,41.8,0
ASSET-112546F8,2026-05-18,65.06,1.593,78.2,63.3,0
ASSET-112546F8,2026-05-19,63.34,1.392,72.9,48.7,0
ASSET-112546F8,2026-05-20,69.06,1.698,85.4,42.7,0
ASSET-112546F8,2026-05-21,69.74,1.273,74.2,51.4,0
ASSET-112546F8,2026-05-22,60.55,1.297,80.6,34.1,0
ASSET-112546F8,2026-05-23,61.47,1.463,71.1,40.2,0
ASSET-112546F8,2026-05-24,63.98,1.354,72.3,38.8,0
ASSET-112546F8,2026-05-25,61.16,1.807,84.2,46.1,0
ASSET-112546F8,2026-05-26,65.13,1.492,78.7,53.3,0
ASSET-112546F8,2026-05-27,59.38,1.688,88.2,64.2,0
ASSET-112546F8,2026-05-28,63.63,1.588,79.8,61.0,0
ASSET-112546F8,2026-05-29,63.45,1.39,92.2,48.6,0
ASSET-112546F8,2026-05-30,62.6,1.46,80.7,41.4,0
ASSET-112546F8,2026-05-31,62.04,1.474,74.2,61.4,0
ASSET-112546F8,2026-06-01,66.0,1.343,78.6,45.2,0
ASSET-112546F8,2026-06-02,65.62,1.939,69.6,41.4,0
ASSET-112546F8,2026-06-03,64.18,1.635,78.4,37.8,0
ASSET-112546F8,2026-06-04,64.06,1.487,81.2,33.1,0
ASSET-112546F8,2026-06-05,66.1,1.551,77.9,68.7,0
ASSET-112546F8,2026-06-06,66.17,1.475,82.7,45.6,0
ASSET-112546F8,2026-06-07,64.26,1.525,78.3,63.7,0
ASSET-112546F8,2026-06-08,67.63,1.271,72.3,45.5,0
ASSET-112546F8,2026-06-09,62.17,1.611,82.6,42.9,0
ASSET-112546F8,2026-06-10,67.93,1.282,74.4,41.9,0
ASSET-112546F8,2026-06-11,65.08,1.355,91.4,54.4,0
ASSET-112546F8,2026-06-12,67.02,1.578,78.6,31.3,0
ASSET-112546F8,2026-06-13,66.33,1.371,74.1,71.4,0
ASSET-112546F8,2026-06-14,67.92,1.662,80.4,57.9,0
ASSET-112546F8,2026-06-15,64.99,1.528,79.1,47.6,0
ASSET-112546F8,2026-06-16,65.45,1.436,82.0,37.0,0
ASSET-112546F8,2026-06-17,58.31,1.988,80.9,58.7,0
ASSET-112546F8,2026-06-18,62.56,1.623,78.5,48.0,0
ASSET-112546F8,2026-06-19,62.66,1.725,76.2,30.0,0
ASSET-112546F8,2026-06-20,68.07,1.42,78.8,46.4,0
ASSET-112546F8,2026-06-21,58.73,1.408,79.1,46.8,0
ASSET-112546F8,2026-06-22,66.06,1.294,76.5,51.8,0
ASSET-112546F8,2026-06-23,68.51,1.283,72.6,33.8,0
ASSET-112546F8,2026-06-24,59.3,1.625,82.3,51.3,0
ASSET-112546F8,2026-06-25,64.2,1.377,85.4,47.9,0
ASSET-112546F8,2026-06-26,70.29,1.658,90.1,52.5,0
ASSET-112546F8,2026-06-27,66.45,1.436,74.9,68.9,0
ASSET-112546F8,2026-06-28,65.83,1.669,74.4,58.7,0
ASSET-112546F8,2026-06-29,62.4,1.545,79.4,37.9,0
ASSET-112546F8,2026-06-30,63.05,1.509,77.6,49.8,0
ASSET-112546F8,2026-07-01,66.38,1.551,80.7,41.7,0
ASSET-112546F8,2026-07-02,63.0,1.601,85.9,49.3,0
ASSET-112546F8,2026-07-03,67.35,1.445,92.8,47.3,0
ASSET-112546F8,2026-07-04,71.32,1.973,74.8,46.5,0
ASSET-112546F8,2026-07-05,65.32,1.763,79.8,56.9,0
ASSET-112546F8,2026-07-06,65.45,1.543,72.7,41.2,0
ASSET-112546F8,2026-07-07,63.03,1.59,81.0,51.7,0
ASSET-112546F8,2026-07-08,65.06,1.304,90.4,38.9,0
ASSET-112546F8,2026-07-09,65.87,1.683,72.4,30.3,0
ASSET-112546F8,2026-07-10,68.53,1.339,81.7,54.7,0
ASSET-112546F8,2026-07-11,63.41,1.627,81.1,50.0,0
ASSET-112546F8,2026-07-12,61.25,1.148,83.9,38.5,0
ASSET-112546F8,2026-07-13,64.13,1.528,78.7,46.4,0
ASSET-112546F8,2026-07-14,62.7,1.279,75.6,53.9,0
ASSET-112546F8,2026-07-15,59.84,1.269,77.6,34.3,0
ASSET-112546F8,2026-07-16,62.14,1.513,81.9,39.8,0
ASSET-112546F8,2026-07-17,62.54,1.262,77.3,55.2,0
ASSET-112546F8,2026-07-18,68.09,1.319,85.3,39.6,0
ASSET-112546F8,2026-07-19,64.87,1.283,73.7,40.2,0
ASSET-112546F8,2026-07-20,69.06,1.461,78.9,50.3,0
ASSET-112546F8,2026-07-21,67.98,1.5,94.4,66.2,0
ASSET-112546F8,2026-07-22,61.68,1.713,79.8,56.7,0
ASSET-112546F8,2026-07-23,72.3,1.622,74.8,48.5,0
ASSET-112546F8,2026-07-24,61.94,1.613,82.2,57.8,0
ASSET-112546F8,2026-07-25,62.99,1.214,88.8,59.8,0
ASSET-112546F8,2026-07-26,64.01,1.748,82.9,49.7,0
ASSET-112546F8,2026-07-27,62.43,1.427,76.0,49.9,0
ASSET-112546F8,2026-07-28,61.18,1.814,81.3,73.3,0
ASSET-112546F8,2026-07-29,64.31,1.581,78.7,36.3,0
ASSET-112546F8,2026-07-30,67.99,1.454,86.0,50.0,0
ASSET-112546F8,2026-07-31,67.63,1.482,76.0,70.7,0
ASSET-112546F8,2026-08-01,67.77,1.189,83.0,52.2,0
ASSET-112546F8,2026-08-02,66.42,1.471,77.8,62.7,0
ASSET-112546F8,2026-08-03,67.21,1.649,79.5,61.8,0
ASSET-112546F8,2026-08-04,64.68,1.322,75.6,54.4,0
ASSET-112546F8,2026-08-05,67.9,1.118,78.2,38.6,0
ASSET-112546F8,2026-08-06,68.4,1.625,85.2,44.7,0
ASSET-112546F8,2026-08-07,66.06,1.467,82.4,49.6,0
ASSET-112546F8,2026-08-08,60.47,1.35,84.6,39.9,0
ASSET-112546F8,2026-08-09,65.84,1.353,82.3,49.8,0
ASSET-112546F8,2026-08-10,65.61,1.503,78.4,42.9,0
ASSET-112546F8,2026-08-11,58.57,1.523,72.8,48.4,0
ASSET-112546F8,2026-08-12,70.75,1.402,86.9,49.6,0
ASSET-112546F8,2026-08-13,68.9,1.82,83.6,58.6,0
ASSET-112546F8,2026-08-14,62.15,1.612,95.5,42.8,0
ASSET-112546F8,2026-08-15,66.71,1.295,65.1,49.6,0
ASSET-112546F8,2026-08-16,63.83,1.626,77.7,64.4,0
ASSET-112546F8,2026-08-17,70.11,1.385,79.9,52.4,0
ASSET-112546F8,2026-08-18,64.87,1.543,82.1,52.3,0
ASSET-112546F8,2026-08-19,58.55,1.241,84.0,70.2,0
ASSET-112546F8,2026-08-20,71.1,1.361,83.5,40.9,0
ASSET-112546F8,2026-08-21,64.79,1.704,77.1,59.0,0
ASSET-112546F8,2026-08-22,56.71,1.818,78.7,43.0,0
ASSET-112546F8,2026-08-23,66.15,1.509,82.1,58.8,0
ASSET-112546F8,2026-08-24,64.58,1.271,87.3,51.7,0
ASSET-112546F8,2026-08-25,62.96,1.611,83.2,52.3,0
ASSET-112546F8,2026-08-26,65.71,1.284,84.0,65.1,0
ASSET-112546F8,2026-08-27,65.46,1.436,81.5,55.0,0
ASSET-112546F8,2026-08-28,69.06,1.539,82.3,66.3,0
ASSET-112546F8,2026-08-29,64.33,1.613,85.4,59.7,0
ASSET-112546F8,2026-08-30,64.09,1.747,74.6,43.7,0
ASSET-112546F8,2026-08-31,65.05,1.661,76.6,48.4,0
ASSET-112546F8,2026-09-01,67.65,1.573,93.0,53.5,0
ASSET-112546F8,2026-09-02,64.57,1.116,74.8,55.5,0
ASSET-112546F8,2026-09-03,65.45,1.481,78.8,61.4,0
ASSET-112546F8,2026-09-04,66.29,1.438,83.4,49.6,0
ASSET-112546F8,2026-09-05,61.03,1.476,78.9,57.9,0
ASSET-112546F8,2026-09-06,61.32,1.276,85.6,53.9,0
ASSET-112546F8,2026-09-07,65.58,1.699,66.7,42.7,0
ASSET-112546F8,2026-09-08,70.27,1.311,85.5,55.9,0
ASSET-112546F8,2026-09-09,69.3,1.323,73.7,38.4,0
ASSET-112546F8,2026-09-10,64.02,1.488,81.2,38.3,0
ASSET-112546F8,2026-09-11,62.97,1.686,77.7,49.7,0
ASSET-112546F8,2026-09-12,70.19,1.679,80.7,43.7,0
ASSET-112546F8,2026-09-13,69.2,1.614,82.7,47.0,0
ASSET-112546F8,2026-09-14,60.5,1.529,75.9,35.4,0
ASSET-112546F8,2026-09-15,60.59,1.283,88.3,50.5,0
ASSET-0FE82CEA,2026-03-20,63.53,1.188,81.3,30.3,0
ASSET-0FE82CEA,2026-03-21,60.8,1.223,86.1,57.7,0
ASSET-0FE82CEA,2026-03-22,65.01,1.476,86.0,46.6,0
ASSET-0FE82CEA,2026-03-23,71.09,1.525,81.7,58.2,0
ASSET-0FE82CEA,2026-03-24,67.96,1.377,80.0,40.0,0
ASSET-0FE82CEA,2026-03-25,63.17,1.261,80.6,50.5,0
ASSET-0FE82CEA,2026-03-26,68.89,1.342,77.7,44.7,0
ASSET-0FE82CEA,2026-03-27,64.71,1.789,75.2,51.8,0
ASSET-0FE82CEA,2026-03-28,57.4,1.333,76.2,65.9,0
ASSET-0FE82CEA,2026-03-29,66.35,1.138,81.1,45.2,0
ASSET-0FE82CEA,2026-03-30,66.62,1.461,76.9,42.9,0
ASSET-0FE82CEA,2026-03-31,64.04,1.118,77.6,39.0,0
ASSET-0FE82CEA,2026-04-01,66.32,1.476,83.1,46.7,0
ASSET-0FE82CEA,2026-04-02,66.75,1.474,79.9,49.4,0
ASSET-0FE82CEA,2026-04-03,67.58,1.808,85.2,48.8,0
ASSET-0FE82CEA,2026-04-04,60.73,1.862,77.0,75.5,0
ASSET-0FE82CEA,2026-04-05,66.32,1.609,85.0,64.2,0
ASSET-0FE82CEA,2026-04-06,62.87,1.301,83.0,63.4,0
ASSET-0FE82CEA,2026-04-07,71.46,1.442,78.8,65.5,0
ASSET-0FE82CEA,2026-04-08,66.19,1.362,79.6,57.5,0
ASSET-0FE82CEA,2026-04-09,62.11,1.431,77.8,32.7,0
ASSET-0FE82CEA,2026-04-10,65.61,1.672,79.1,42.5,0
ASSET-0FE82CEA,2026-04-11,66.52,1.334,76.6,43.5,0
ASSET-0FE82CEA,2026-04-12,58.37,1.494,72.6,48.5,0
ASSET-0FE82CEA,2026-04-13,68.34,1.55,80.5,45.7,0
ASSET-0FE82CEA,2026-04-14,70.15,1.53,77.6,63.8,0
ASSET-0FE82CEA,2026-04-15,65.67,1.583,76.4,52.7,0
ASSET-0FE82CEA,2026-04-16,66.2,1.364,85.7,50.0,0
ASSET-0FE82CEA,2026-04-17,62.16,1.699,75.8,56.6,0
ASSET-0FE82CEA,2026-04-18,66.81,1.713,89.5,46.7,0
ASSET-0FE82CEA,2026-04-19,60.92,1.437,69.8,51.7,0
ASSET-0FE82CEA,2026-04-20,59.18,1.584,82.4,46.0,0
ASSET-0FE82CEA,2026-04-21,58.16,1.222,81.5,53.2,0
ASSET-0FE82CEA,2026-04-22,69.29,1.18,85.7,64.0,0
ASSET-0FE82CEA,2026-04-23,61.3,1.496,81.0,66.8,0
ASSET-0FE82CEA,2026-04-24,64.24,1.728,87.4,30.0,0
ASSET-0FE82CEA,2026-04-25,64.65,1.313,76.8,43.6,0
ASSET-0FE82CEA,2026-04-26,67.64,1.204,71.2,50.1,0
ASSET-0FE82CEA,2026-04-27,68.58,1.618,75.3,68.2,0
ASSET-0FE82CEA,2026-04-28,70.48,1.826,67.8,46.6,0
ASSET-0FE82CEA,2026-04-29,69.57,1.3,86.6,37.4,0
ASSET-0FE82CEA,2026-04-30,66.57,1.821,85.4,46.4,0
ASSET-0FE82CEA,2026-05-01,65.25,1.637,75.3,66.2,0
ASSET-0FE82CEA,2026-05-02,66.64,1.256,93.2,56.1,0
ASSET-0FE82CEA,2026-05-03,73.37,1.367,79.6,46.7,0
ASSET-0FE82CEA,2026-05-04,62.9,1.772,83.3,60.2,0
ASSET-0FE82CEA,2026-05-05,70.24,1.684,78.9,43.9,0
ASSET-0FE82CEA,2026-05-06,67.32,1.871,81.9,33.8,0
ASSET-0FE82CEA,2026-05-07,68.11,1.902,71.7,61.7,0
ASSET-0FE82CEA,2026-05-08,66.4,1.581,77.6,30.5,0
ASSET-0FE82CEA,2026-05-09,66.99,1.569,77.8,30.7,0
ASSET-0FE82CEA,2026-05-10,63.54,1.524,79.2,56.8,0
ASSET-0FE82CEA,2026-05-11,61.48,1.278,76.5,58.1,0
ASSET-0FE82CEA,2026-05-12,67.01,1.517,76.2,53.4,0
ASSET-0FE82CEA,2026-05-13,64.61,1.705,74.1,51.5,0
ASSET-0FE82CEA,2026-05-14,62.77,1.628,75.1,36.8,0
ASSET-0FE82CEA,2026-05-15,60.92,1.308,76.9,50.8,0
ASSET-0FE82CEA,2026-05-16,62.44,1.053,67.0,40.4,0
ASSET-0FE82CEA,2026-05-17,66.04,1.289,78.7,52.9,0
ASSET-0FE82CEA,2026-05-18,58.56,1.555,79.5,39.3,0
ASSET-0FE82CEA,2026-05-19,61.48,1.537,83.2,44.7,0
ASSET-0FE82CEA,2026-05-20,67.88,1.487,85.7,58.9,0
ASSET-0FE82CEA,2026-05-21,65.6,1.359,80.7,46.7,0
ASSET-0FE82CEA,2026-05-22,62.79,1.783,82.5,49.0,0
ASSET-0FE82CEA,2026-05-23,65.91,1.388,81.5,54.4,0
ASSET-0FE82CEA,2026-05-24,61.77,1.512,85.3,61.0,0
ASSET-0FE82CEA,2026-05-25,65.0,1.461,87.0,55.0,0
ASSET-0FE82CEA,2026-05-26,65.74,1.604,81.3,44.8,0
ASSET-0FE82CEA,2026-05-27,64.15,1.559,70.8,41.9,0
ASSET-0FE82CEA,2026-05-28,64.02,1.582,84.5,41.2,0
ASSET-0FE82CEA,2026-05-29,65.42,1.693,84.7,43.6,0
ASSET-0FE82CEA,2026-05-30,67.97,1.614,83.7,64.7,0
ASSET-0FE82CEA,2026-05-31,63.4,1.307,85.3,56.6,0
ASSET-0FE82CEA,2026-06-01,65.7,1.308,74.1,53.5,0
ASSET-0FE82CEA,2026-06-02,65.61,1.95,81.3,59.2,0
ASSET-0FE82CEA,2026-06-03,69.88,1.645,87.7,48.4,0
ASSET-0FE82CEA,2026-06-04,67.39,1.526,78.2,35.6,0
ASSET-0FE82CEA,2026-06-05,58.5,1.451,79.1,50.2,0
ASSET-0FE82CEA,2026-06-06,65.92,1.271,80.2,46.9,0
ASSET-0FE82CEA,2026-06-07,68.04,1.221,73.0,40.4,0
ASSET-0FE82CEA,2026-06-08,66.07,1.493,84.3,59.3,0
ASSET-0FE82CEA,2026-06-09,62.5,1.619,78.8,35.7,0
ASSET-0FE82CEA,2026-06-10,61.99,1.447,83.6,45.9,0
ASSET-0FE82CEA,2026-06-11,70.23,1.374,80.4,73.3,0
ASSET-0FE82CEA,2026-06-12,65.29,1.861,88.7,36.8,0
ASSET-0FE82CEA,2026-06-13,64.94,1.319,75.9,46.3,0
ASSET-0FE82CEA,2026-06-14,64.42,1.69,73.0,51.1,0
ASSET-0FE82CEA,2026-06-15,61.97,1.208,76.7,49.2,0
ASSET-0FE82CEA,2026-06-16,67.84,1.616,85.4,55.7,0
ASSET-0FE82CEA,2026-06-17,62.89,1.315,81.8,62.1,0
ASSET-0FE82CEA,2026-06-18,63.48,1.826,78.6,50.5,0
ASSET-0FE82CEA,2026-06-19,62.14,1.253,78.8,39.5,0
ASSET-0FE82CEA,2026-06-20,62.3,1.54,72.9,55.2,0
ASSET-0FE82CEA,2026-06-21,61.24,1.451,78.0,57.7,0
ASSET-0FE82CEA,2026-06-22,69.93,1.252,83.8,48.4,0
ASSET-0FE82CEA,2026-06-23,68.74,1.517,79.5,54.9,0
ASSET-0FE82CEA,2026-06-24,63.63,1.594,76.7,49.6,0
ASSET-0FE82CEA,2026-06-25,63.81,1.706,81.6,42.0,0
ASSET-0FE82CEA,2026-06-26,63.1,1.561,77.7,62.5,0
ASSET-0FE82CEA,2026-06-27,70.72,1.634,92.6,40.5,0
ASSET-0FE82CEA,2026-06-28,64.83,1.425,80.0,54.0,0
ASSET-0FE82CEA,2026-06-29,63.22,0.983,75.4,58.5,0
ASSET-0FE82CEA,2026-06-30,62.89,1.836,83.3,33.9,0
ASSET-0FE82CEA,2026-07-01,66.94,1.429,76.2,37.8,0
ASSET-0FE82CEA,2026-07-02,66.89,1.361,78.9,55.5,0
ASSET-0FE82CEA,2026-07-03,72.01,1.44,87.3,41.0,0
ASSET-0FE82CEA,2026-07-04,64.84,1.471,82.5,50.6,0
ASSET-0FE82CEA,2026-07-05,62.6,1.241,72.4,39.6,0
ASSET-0FE82CEA,2026-07-06,64.92,1.301,82.0,51.4,0
ASSET-0FE82CEA,2026-07-07,70.19,1.475,75.8,52.9,0
ASSET-0FE82CEA,2026-07-08,60.71,1.399,74.8,49.0,0
ASSET-0FE82CEA,2026-07-09,63.82,1.37,87.6,60.5,0
ASSET-0FE82CEA,2026-07-10,69.95,1.452,78.0,54.1,0
ASSET-0FE82CEA,2026-07-11,66.46,1.57,79.5,39.2,0
ASSET-0FE82CEA,2026-07-12,63.49,1.609,80.3,62.1,0
ASSET-0FE82CEA,2026-07-13,62.42,1.646,80.8,54.5,0
ASSET-0FE82CEA,2026-07-14,63.76,1.507,87.7,62.4,0
ASSET-0FE82CEA,2026-07-15,68.6,1.073,72.6,41.4,0
ASSET-0FE82CEA,2026-07-16,62.41,1.342,72.5,51.7,0
ASSET-0FE82CEA,2026-07-17,64.19,1.392,74.6,43.1,0
ASSET-0FE82CEA,2026-07-18,63.77,1.454,79.1,58.6,0
ASSET-0FE82CEA,2026-07-19,65.7,1.811,72.0,40.8,0
ASSET-0FE82CEA,2026-07-20,64.41,1.427,87.2,49.2,0
ASSET-0FE82CEA,2026-07-21,62.63,1.039,85.7,49.1,0
ASSET-0FE82CEA,2026-07-22,64.53,1.61,80.8,46.1,0
ASSET-0FE82CEA,2026-07-23,65.18,1.474,72.7,64.1,0
ASSET-0FE82CEA,2026-07-24,71.23,1.341,78.4,56.0,0
ASSET-0FE82CEA,2026-07-25,61.61,1.479,82.5,59.6,0
ASSET-0FE82CEA,2026-07-26,62.66,1.319,79.7,43.8,0
ASSET-0FE82CEA,2026-07-27,61.54,1.495,76.6,55.0,0
ASSET-0FE82CEA,2026-07-28,59.27,1.642,82.6,46.3,0
ASSET-0FE82CEA,2026-07-29,61.8,1.427,72.7,72.5,0
ASSET-0FE82CEA,2026-07-30,62.59,1.469,84.1,56.0,0
ASSET-0FE82CEA,2026-07-31,65.17,1.631,71.5,50.2,0
ASSET-0FE82CEA,2026-08-01,66.81,1.409,87.7,64.1,0
ASSET-0FE82CEA,2026-08-02,66.57,1.064,84.2,49.1,0
ASSET-0FE82CEA,2026-08-03,62.91,1.914,90.3,42.1,0
ASSET-0FE82CEA,2026-08-04,66.64,1.743,77.5,41.6,0
ASSET-0FE82CEA,2026-08-05,64.95,1.673,71.3,53.8,0
ASSET-0FE82CEA,2026-08-06,62.63,1.837,88.0,37.3,0
ASSET-0FE82CEA,2026-08-07,62.52,1.522,74.7,62.2,0
ASSET-0FE82CEA,2026-08-08,68.87,1.502,77.8,46.7,0
ASSET-0FE82CEA,2026-08-09,67.1,1.634,79.9,46.5,0
ASSET-0FE82CEA,2026-08-10,63.2,1.505,71.9,49.8,0
ASSET-0FE82CEA,2026-08-11,64.44,1.265,85.7,41.4,0
ASSET-0FE82CEA,2026-08-12,64.77,1.538,88.7,76.4,0
ASSET-0FE82CEA,2026-08-13,64.89,1.389,79.1,47.3,0
ASSET-0FE82CEA,2026-08-14,67.85,1.697,80.4,47.7,0
ASSET-0FE82CEA,2026-08-15,63.55,1.455,74.9,62.1,0
ASSET-0FE82CEA,2026-08-16,62.79,1.655,74.3,48.3,0
ASSET-0FE82CEA,2026-08-17,64.86,1.562,86.8,45.4,0
ASSET-0FE82CEA,2026-08-18,62.54,1.596,84.2,44.3,0
ASSET-0FE82CEA,2026-08-19,68.22,1.064,80.2,53.8,0
ASSET-0FE82CEA,2026-08-20,62.52,1.453,75.1,43.8,0
ASSET-0FE82CEA,2026-08-21,64.12,1.501,84.7,64.0,0
ASSET-0FE82CEA,2026-08-22,64.11,1.478,75.7,55.0,0
ASSET-0FE82CEA,2026-08-23,65.3,1.543,84.0,41.0,0
ASSET-0FE82CEA,2026-08-24,62.48,1.405,76.8,52.6,0
ASSET-0FE82CEA,2026-08-25,62.74,1.649,77.9,42.0,0
ASSET-0FE82CEA,2026-08-26,65.85,1.302,75.1,36.4,0
ASSET-0FE82CEA,2026-08-27,64.85,1.628,77.0,49.9,0
ASSET-0FE82CEA,2026-08-28,67.05,1.286,71.0,55.1,0
ASSET-0FE82CEA,2026-08-29,62.72,1.032,81.6,54.0,0
ASSET-0FE82CEA,2026-08-30,65.78,1.534,78.7,37.5,0
ASSET-0FE82CEA,2026-08-31,63.21,1.535,78.8,42.1,0
ASSET-0FE82CEA,2026-09-01,62.02,1.699,84.3,62.2,0
ASSET-0FE82CEA,2026-09-02,68.21,1.453,78.1,59.3,0
ASSET-0FE82CEA,2026-09-03,69.28,1.225,69.3,53.0,0
ASSET-0FE82CEA,2026-09-04,61.95,1.762,76.9,47.6,0
ASSET-0FE82CEA,2026-09-05,60.58,1.319,73.4,63.3,0
ASSET-0FE82CEA,2026-09-06,64.54,1.551,84.1,59.5,0
ASSET-0FE82CEA,2026-09-07,63.95,1.412,80.9,44.4,0
ASSET-0FE82CEA,2026-09-08,65.86,1.496,87.6,39.2,0
ASSET-0FE82CEA,2026-09-09,64.0,1.351,85.2,49.4,0
ASSET-0FE82CEA,2026-09-10,62.42,1.702,81.8,51.2,0
ASSET-0FE82CEA,2026-09-11,58.61,1.19,80.0,42.4,0
ASSET-0FE82CEA,2026-09-12,70.03,1.155,82.2,46.9,0
ASSET-0FE82CEA,2026-09-13,64.88,1.399,78.4,61.1,0
ASSET-0FE82CEA,2026-09-14,62.08,1.671,78.4,69.5,0
ASSET-0FE82CEA,2026-09-15,65.72,1.294,90.7,48.9,0
ASSET-319763CB,2026-03-20,64.78,1.544,76.5,50.4,0
ASSET-319763CB,2026-03-21,63.36,1.54,78.0,67.1,0
ASSET-319763CB,2026-03-22,68.45,1.276,71.3,49.9,0
ASSET-319763CB,2026-03-23,65.28,1.873,81.8,31.9,0
ASSET-319763CB,2026-03-24,66.35,1.476,78.4,47.6,0
ASSET-319763CB,2026-03-25,70.46,1.651,78.1,57.1,0
ASSET-319763CB,2026-03-26,66.13,1.514,78.3,40.4,0
ASSET-319763CB,2026-03-27,62.56,1.4,86.5,29.6,0
ASSET-319763CB,2026-03-28,64.84,1.326,87.6,46.2,0
ASSET-319763CB,2026-03-29,65.21,1.551,81.1,49.5,0
ASSET-319763CB,2026-03-30,67.6,1.659,83.7,41.0,0
ASSET-319763CB,2026-03-31,64.66,1.775,79.3,60.9,0
ASSET-319763CB,2026-04-01,64.03,1.867,81.3,56.8,0
ASSET-319763CB,2026-04-02,62.7,0.785,82.3,63.0,0
ASSET-319763CB,2026-04-03,66.03,1.506,70.2,57.9,0
ASSET-319763CB,2026-04-04,63.27,1.621,75.2,46.6,0
ASSET-319763CB,2026-04-05,65.0,1.759,73.7,42.9,0
ASSET-319763CB,2026-04-06,71.48,1.396,90.6,45.6,0
ASSET-319763CB,2026-04-07,66.81,1.608,77.1,58.4,0
ASSET-319763CB,2026-04-08,72.73,1.472,77.2,59.2,0
ASSET-319763CB,2026-04-09,62.13,1.404,79.2,50.5,0
ASSET-319763CB,2026-04-10,66.67,1.778,75.9,49.9,0
ASSET-319763CB,2026-04-11,67.55,1.656,74.7,64.4,0
ASSET-319763CB,2026-04-12,63.19,1.385,82.3,55.5,0
ASSET-319763CB,2026-04-13,68.91,1.574,81.6,35.7,0
ASSET-319763CB,2026-04-14,66.97,1.584,81.0,48.2,0
ASSET-319763CB,2026-04-15,63.9,1.603,82.2,62.2,0
ASSET-319763CB,2026-04-16,66.86,1.3,80.4,39.5,0
ASSET-319763CB,2026-04-17,62.43,1.935,85.2,51.6,0
ASSET-319763CB,2026-04-18,68.25,1.433,79.8,55.0,0
ASSET-319763CB,2026-04-19,67.4,1.685,78.5,27.6,0
ASSET-319763CB,2026-04-20,67.49,1.395,84.2,36.4,0
ASSET-319763CB,2026-04-21,60.26,1.799,75.9,49.3,0
ASSET-319763CB,2026-04-22,62.02,1.605,79.6,50.5,0
ASSET-319763CB,2026-04-23,62.32,1.556,85.1,47.4,0
ASSET-319763CB,2026-04-24,62.53,1.412,85.2,41.2,0
ASSET-319763CB,2026-04-25,63.05,1.286,87.3,47.1,0
ASSET-319763CB,2026-04-26,60.27,1.625,83.2,45.0,0
ASSET-319763CB,2026-04-27,64.92,1.684,87.6,60.9,0
ASSET-319763CB,2026-04-28,65.42,1.476,80.2,62.1,0
ASSET-319763CB,2026-04-29,60.35,1.501,76.1,40.3,0
ASSET-319763CB,2026-04-30,66.0,1.642,79.8,62.7,0
ASSET-319763CB,2026-05-01,68.78,1.669,95.9,30.6,0
ASSET-319763CB,2026-05-02,66.38,1.48,93.6,37.2,0
ASSET-319763CB,2026-05-03,68.41,1.388,71.6,46.1,0
ASSET-319763CB,2026-05-04,65.01,1.559,69.2,46.6,0
ASSET-319763CB,2026-05-05,66.13,1.525,76.4,57.8,0
ASSET-319763CB,2026-05-06,65.36,1.619,82.9,35.3,0
ASSET-319763CB,2026-05-07,74.96,1.762,82.0,66.4,0
ASSET-319763CB,2026-05-08,64.36,1.179,87.4,51.1,0
ASSET-319763CB,2026-05-09,67.3,1.63,82.5,63.6,0
ASSET-319763CB,2026-05-10,63.29,1.338,83.2,41.4,0
ASSET-319763CB,2026-05-11,67.42,1.806,78.2,69.4,0
ASSET-319763CB,2026-05-12,67.74,1.493,86.1,50.0,0
ASSET-319763CB,2026-05-13,65.81,1.676,77.3,46.3,0
ASSET-319763CB,2026-05-14,69.15,1.578,76.3,38.8,0
ASSET-319763CB,2026-05-15,62.15,1.697,85.2,50.1,0
ASSET-319763CB,2026-05-16,63.8,1.117,78.5,41.5,0
ASSET-319763CB,2026-05-17,67.51,1.272,81.6,36.3,0
ASSET-319763CB,2026-05-18,66.95,1.552,89.1,64.4,0
ASSET-319763CB,2026-05-19,67.58,1.47,85.2,52.2,0
ASSET-319763CB,2026-05-20,65.9,1.746,80.8,61.5,0
ASSET-319763CB,2026-05-21,66.22,1.287,76.5,51.5,0
ASSET-319763CB,2026-05-22,65.15,1.337,81.9,47.2,0
ASSET-319763CB,2026-05-23,64.47,1.383,87.5,46.5,0
ASSET-319763CB,2026-05-24,69.01,1.545,72.4,37.0,0
ASSET-319763CB,2026-05-25,64.51,1.492,83.2,58.4,0
ASSET-319763CB,2026-05-26,66.89,1.18,83.7,55.8,0
ASSET-319763CB,2026-05-27,62.63,1.446,75.7,32.3,0
ASSET-319763CB,2026-05-28,67.84,1.509,82.4,55.2,0
ASSET-319763CB,2026-05-29,67.85,1.274,87.2,52.0,0
ASSET-319763CB,2026-05-30,66.09,1.488,84.3,64.2,0
ASSET-319763CB,2026-05-31,62.65,1.439,83.2,43.6,0
ASSET-319763CB,2026-06-01,66.26,1.673,76.4,39.4,0
ASSET-319763CB,2026-06-02,62.1,1.151,77.9,37.4,0
ASSET-319763CB,2026-06-03,64.63,1.46,89.7,47.2,0
ASSET-319763CB,2026-06-04,64.89,1.278,79.8,48.9,0
ASSET-319763CB,2026-06-05,65.63,1.828,82.8,34.5,0
ASSET-319763CB,2026-06-06,64.68,1.715,77.6,62.3,0
ASSET-319763CB,2026-06-07,66.39,1.509,85.8,47.7,0
ASSET-319763CB,2026-06-08,67.48,1.604,78.9,46.6,0
ASSET-319763CB,2026-06-09,72.03,1.452,74.8,40.2,0
ASSET-319763CB,2026-06-10,69.07,1.944,72.9,40.1,0
ASSET-319763CB,2026-06-11,64.59,1.24,78.7,62.1,0
ASSET-319763CB,2026-06-12,63.28,1.657,81.2,60.8,0
ASSET-319763CB,2026-06-13,63.01,1.545,78.1,28.7,0
ASSET-319763CB,2026-06-14,62.47,1.702,74.4,40.1,0
ASSET-319763CB,2026-06-15,65.03,2.013,80.3,49.5,0
ASSET-319763CB,2026-06-16,62.08,1.691,79.7,45.0,0
ASSET-319763CB,2026-06-17,71.12,1.985,86.6,45.6,0
ASSET-319763CB,2026-06-18,64.93,1.571,85.9,43.8,0
ASSET-319763CB,2026-06-19,66.35,1.254,76.4,42.5,0
ASSET-319763CB,2026-06-20,61.16,1.402,80.2,62.9,0
ASSET-319763CB,2026-06-21,67.03,1.552,84.8,36.0,0
ASSET-319763CB,2026-06-22,62.7,1.542,70.3,43.6,0
ASSET-319763CB,2026-06-23,65.31,1.192,73.3,50.5,0
ASSET-319763CB,2026-06-24,56.13,1.63,70.2,60.6,0
ASSET-319763CB,2026-06-25,64.91,1.671,88.4,52.5,0
ASSET-319763CB,2026-06-26,69.22,1.614,79.3,44.5,0
ASSET-319763CB,2026-06-27,60.58,1.429,80.5,54.5,0
ASSET-319763CB,2026-06-28,56.67,1.218,76.4,61.6,0
ASSET-319763CB,2026-06-29,63.36,1.384,84.2,70.0,0
ASSET-319763CB,2026-06-30,68.82,1.343,79.9,66.1,0
ASSET-319763CB,2026-07-01,66.71,1.185,83.8,59.5,0
ASSET-319763CB,2026-07-02,63.79,1.659,76.3,59.6,0
ASSET-319763CB,2026-07-03,65.69,1.469,77.2,51.2,0
ASSET-319763CB,2026-07-04,65.09,1.49,75.4,50.5,0
ASSET-319763CB,2026-07-05,60.85,1.295,75.3,50.0,0
ASSET-319763CB,2026-07-06,66.1,1.248,78.4,51.2,0
ASSET-319763CB,2026-07-07,64.38,1.524,79.1,47.2,0
ASSET-319763CB,2026-07-08,63.42,1.653,82.3,59.6,0
ASSET-319763CB,2026-07-09,63.53,1.489,80.0,56.5,0
ASSET-319763CB,2026-07-10,66.23,1.759,90.7,45.5,0
ASSET-319763CB,2026-07-11,65.21,1.476,87.5,39.3,0
ASSET-319763CB,2026-07-12,64.08,1.306,83.1,50.0,0
ASSET-319763CB,2026-07-13,64.48,1.226,78.3,49.4,0
ASSET-319763CB,2026-07-14,68.89,1.81,84.1,35.1,0
ASSET-319763CB,2026-07-15,65.69,1.346,78.5,49.9,0
ASSET-319763CB,2026-07-16,62.81,1.311,82.6,54.5,0
ASSET-319763CB,2026-07-17,64.31,1.609,70.2,55.4,0
ASSET-319763CB,2026-07-18,62.96,1.296,76.4,57.2,0
ASSET-319763CB,2026-07-19,67.56,1.2,72.3,53.6,0
ASSET-319763CB,2026-07-20,62.57,1.575,94.9,51.5,0
ASSET-319763CB,2026-07-21,66.54,1.193,82.6,56.0,0
ASSET-319763CB,2026-07-22,64.67,1.481,83.9,63.2,0
ASSET-319763CB,2026-07-23,60.49,1.757,81.5,41.1,0
ASSET-319763CB,2026-07-24,64.47,1.194,76.7,51.9,0
ASSET-319763CB,2026-07-25,63.58,1.851,80.0,36.4,0
ASSET-319763CB,2026-07-26,59.64,1.508,84.8,40.5,0
ASSET-319763CB,2026-07-27,59.4,1.451,77.6,46.5,0
ASSET-319763CB,2026-07-28,68.87,1.778,80.3,62.2,0
ASSET-319763CB,2026-07-29,61.66,1.415,78.8,46.3,0
ASSET-319763CB,2026-07-30,63.14,1.476,78.0,64.4,0
ASSET-319763CB,2026-07-31,71.61,1.311,84.4,57.6,0
ASSET-319763CB,2026-08-01,61.3,1.726,94.2,45.1,0
ASSET-319763CB,2026-08-02,61.1,1.447,84.1,58.2,0
ASSET-319763CB,2026-08-03,58.76,1.561,80.3,48.3,0
ASSET-319763CB,2026-08-04,66.87,1.222,82.8,44.0,0
ASSET-319763CB,2026-08-05,68.76,1.537,73.3,26.0,0
ASSET-319763CB,2026-08-06,64.61,1.29,79.6,55.2,0
ASSET-319763CB,2026-08-07,62.15,1.025,76.8,40.2,0
ASSET-319763CB,2026-08-08,63.39,1.644,81.4,41.9,0
ASSET-319763CB,2026-08-09,61.04,1.778,78.0,52.2,0
ASSET-319763CB,2026-08-10,69.56,1.798,75.3,48.2,0
ASSET-319763CB,2026-08-11,63.14,1.304,83.8,49.9,0
ASSET-319763CB,2026-08-12,71.2,1.388,80.6,59.9,0
ASSET-319763CB,2026-08-13,62.39,1.549,72.7,51.7,0
ASSET-319763CB,2026-08-14,64.85,1.253,80.0,37.1,0
ASSET-319763CB,2026-08-15,59.91,1.299,96.8,41.2,0
ASSET-319763CB,2026-08-16,62.63,1.418,76.9,61.6,0
ASSET-319763CB,2026-08-17,64.3,1.643,75.5,42.6,0
ASSET-319763CB,2026-08-18,64.64,1.823,71.9,73.6,0
ASSET-319763CB,2026-08-19,63.3,1.818,74.3,35.2,0
ASSET-319763CB,2026-08-20,66.99,1.405,83.5,53.4,0
ASSET-319763CB,2026-08-21,66.39,1.249,95.5,46.5,0
ASSET-319763CB,2026-08-22,64.78,1.44,78.1,63.0,0
ASSET-319763CB,2026-08-23,63.74,1.163,83.9,46.1,0
ASSET-319763CB,2026-08-24,65.64,1.126,75.1,36.9,0
ASSET-319763CB,2026-08-25,65.4,1.182,73.6,48.6,0
ASSET-319763CB,2026-08-26,66.94,1.262,88.6,61.4,0
ASSET-319763CB,2026-08-27,64.26,1.191,70.3,38.0,0
ASSET-319763CB,2026-08-28,64.09,1.531,79.4,46.2,0
ASSET-319763CB,2026-08-29,68.75,1.303,86.6,51.8,0
ASSET-319763CB,2026-08-30,65.02,1.413,83.6,46.2,0
ASSET-319763CB,2026-08-31,68.74,1.796,80.8,67.6,0
ASSET-319763CB,2026-09-01,62.92,1.607,82.4,55.1,0
ASSET-319763CB,2026-09-02,66.97,1.599,76.6,49.8,0
ASSET-319763CB,2026-09-03,62.38,1.524,76.9,48.3,0
ASSET-319763CB,2026-09-04,63.99,1.536,82.7,47.4,0
ASSET-319763CB,2026-09-05,63.74,1.449,81.0,39.7,0
ASSET-319763CB,2026-09-06,63.9,1.571,76.2,48.8,0
ASSET-319763CB,2026-09-07,68.32,1.302,75.5,43.0,0
ASSET-319763CB,2026-09-08,70.17,1.51,78.7,35.3,0
ASSET-319763CB,2026-09-09,66.27,1.488,87.3,59.3,0
ASSET-319763CB,2026-09-10,60.43,1.379,84.3,49.1,0
ASSET-319763CB,2026-09-11,68.03,1.326,71.3,52.6,0
ASSET-319763CB,2026-09-12,63.9,1.63,80.7,39.0,0
ASSET-319763CB,2026-09-13,63.42,1.328,75.3,59.3,0
ASSET-319763CB,2026-09-14,61.17,1.571,80.3,57.1,0
ASSET-319763CB,2026-09-15,67.91,1.762,78.6,28.9,0
ASSET-26C5757A,2026-03-20,69.35,1.64,82.4,68.7,0
ASSET-26C5757A,2026-03-21,64.25,1.636,83.5,57.6,0
ASSET-26C5757A,2026-03-22,66.16,1.49,78.3,71.5,0
ASSET-26C5757A,2026-03-23,68.09,1.46,75.5,66.5,0
ASSET-26C5757A,2026-03-24,61.52,1.413,75.4,51.2,0
ASSET-26C5757A,2026-03-25,60.34,1.78,88.9,70.5,0
ASSET-26C5757A,2026-03-26,66.37,1.289,84.0,39.3,0
ASSET-26C5757A,2026-03-27,66.2,1.514,76.7,41.2,0
ASSET-26C5757A,2026-03-28,62.51,1.517,80.5,34.9,0
ASSET-26C5757A,2026-03-29,62.84,1.293,77.0,66.3,0
ASSET-26C5757A,2026-03-30,63.17,1.202,82.4,45.8,0
ASSET-26C5757A,2026-03-31,60.24,1.617,75.5,53.3,0
ASSET-26C5757A,2026-04-01,64.7,1.1,76.8,48.3,0
ASSET-26C5757A,2026-04-02,67.7,1.191,84.6,52.6,0
ASSET-26C5757A,2026-04-03,66.17,1.543,80.1,69.3,0
ASSET-26C5757A,2026-04-04,59.32,1.499,83.3,51.2,0
ASSET-26C5757A,2026-04-05,63.19,1.481,81.4,49.6,0
ASSET-26C5757A,2026-04-06,63.87,1.23,79.4,35.3,0
ASSET-26C5757A,2026-04-07,66.52,1.52,83.1,57.5,0
ASSET-26C5757A,2026-04-08,60.48,1.461,74.6,73.8,0
ASSET-26C5757A,2026-04-09,62.8,1.439,79.0,52.4,0
ASSET-26C5757A,2026-04-10,65.46,1.389,78.3,53.4,0
ASSET-26C5757A,2026-04-11,64.17,1.628,79.9,52.2,0
ASSET-26C5757A,2026-04-12,62.8,1.571,79.8,33.5,0
ASSET-26C5757A,2026-04-13,66.49,1.581,81.5,62.6,0
ASSET-26C5757A,2026-04-14,65.66,1.567,85.6,66.5,0
ASSET-26C5757A,2026-04-15,62.72,1.502,77.3,64.0,0
ASSET-26C5757A,2026-04-16,61.75,1.333,78.3,49.7,0
ASSET-26C5757A,2026-04-17,63.02,1.154,86.3,46.9,0
ASSET-26C5757A,2026-04-18,67.9,1.686,77.2,37.7,0
ASSET-26C5757A,2026-04-19,66.08,1.272,75.6,35.2,0
ASSET-26C5757A,2026-04-20,70.35,1.513,80.6,40.4,0
ASSET-26C5757A,2026-04-21,65.86,0.936,72.1,42.8,0
ASSET-26C5757A,2026-04-22,62.7,1.288,75.6,45.4,0
ASSET-26C5757A,2026-04-23,69.11,1.576,75.1,37.4,0
ASSET-26C5757A,2026-04-24,66.19,1.511,85.2,52.5,0
ASSET-26C5757A,2026-04-25,68.45,1.218,76.4,50.8,0
ASSET-26C5757A,2026-04-26,62.09,1.431,85.7,55.0,0
ASSET-26C5757A,2026-04-27,64.12,1.7,82.0,50.4,0
ASSET-26C5757A,2026-04-28,62.16,1.625,83.0,42.2,0
ASSET-26C5757A,2026-04-29,64.94,1.464,82.2,45.8,0
ASSET-26C5757A,2026-04-30,66.52,1.376,78.2,54.3,0
ASSET-26C5757A,2026-05-01,60.64,1.599,83.5,38.4,0
ASSET-26C5757A,2026-05-02,62.22,1.499,86.3,57.7,0
ASSET-26C5757A,2026-05-03,62.09,1.358,73.2,55.8,0
ASSET-26C5757A,2026-05-04,65.22,1.329,86.3,43.0,0
ASSET-26C5757A,2026-05-05,63.02,1.541,77.4,35.6,0
ASSET-26C5757A,2026-05-06,66.33,1.275,78.2,46.0,0
ASSET-26C5757A,2026-05-07,64.48,1.524,77.3,60.3,0
ASSET-26C5757A,2026-05-08,69.04,1.326,76.0,48.3,0
ASSET-26C5757A,2026-05-09,69.83,1.59,81.5,52.1,0
ASSET-26C5757A,2026-05-10,62.61,1.648,75.8,44.9,0
ASSET-26C5757A,2026-05-11,71.11,1.452,77.4,40.7,0
ASSET-26C5757A,2026-05-12,66.17,1.35,82.7,44.0,0
ASSET-26C5757A,2026-05-13,67.23,1.432,78.8,55.2,0
ASSET-26C5757A,2026-05-14,68.03,1.481,81.0,53.4,0
ASSET-26C5757A,2026-05-15,65.31,1.71,74.0,56.2,0
ASSET-26C5757A,2026-05-16,61.19,1.906,78.4,59.1,0
ASSET-26C5757A,2026-05-17,64.02,1.047,84.7,60.9,0
ASSET-26C5757A,2026-05-18,63.72,1.707,75.1,68.2,0
ASSET-26C5757A,2026-05-19,60.9,1.376,77.6,65.7,0
ASSET-26C5757A,2026-05-20,65.07,1.718,78.1,41.3,0
ASSET-26C5757A,2026-05-21,64.88,1.569,78.9,42.8,0
ASSET-26C5757A,2026-05-22,62.7,1.365,82.6,49.2,0
ASSET-26C5757A,2026-05-23,71.17,1.567,79.4,45.6,0
ASSET-26C5757A,2026-05-24,63.88,1.288,77.5,35.6,0
ASSET-26C5757A,2026-05-25,64.48,1.346,73.8,47.4,0
ASSET-26C5757A,2026-05-26,64.59,1.579,82.0,51.6,0
ASSET-26C5757A,2026-05-27,61.38,1.308,79.9,65.2,0
ASSET-26C5757A,2026-05-28,65.84,1.949,77.2,65.8,0
ASSET-26C5757A,2026-05-29,58.73,1.511,87.3,49.0,0
ASSET-26C5757A,2026-05-30,63.52,1.929,73.3,59.2,0
ASSET-26C5757A,2026-05-31,64.51,1.963,79.8,53.7,0
ASSET-26C5757A,2026-06-01,67.49,1.508,78.4,58.8,0
ASSET-26C5757A,2026-06-02,63.02,1.502,78.5,42.1,0
ASSET-26C5757A,2026-06-03,68.58,1.329,80.2,54.3,0
ASSET-26C5757A,2026-06-04,67.15,1.54,73.8,59.5,0
ASSET-26C5757A,2026-06-05,66.88,1.752,86.0,46.6,0
ASSET-26C5757A,2026-06-06,64.53,1.515,77.2,50.3,0
ASSET-26C5757A,2026-06-07,65.01,1.338,74.6,41.3,0
ASSET-26C5757A,2026-06-08,68.24,1.398,84.0,49.3,0
ASSET-26C5757A,2026-06-09,66.6,1.351,76.4,54.5,0
ASSET-26C5757A,2026-06-10,65.51,1.503,85.5,50.5,0
ASSET-26C5757A,2026-06-11,59.26,1.365,83.4,46.6,0
ASSET-26C5757A,2026-06-12,61.86,1.227,79.9,54.5,0
ASSET-26C5757A,2026-06-13,59.9,1.376,82.2,57.4,0
ASSET-26C5757A,2026-06-14,60.77,1.721,82.5,30.7,0
ASSET-26C5757A,2026-06-15,65.57,1.684,79.6,38.0,0
ASSET-26C5757A,2026-06-16,64.77,1.567,80.7,25.5,0
ASSET-26C5757A,2026-06-17,62.86,1.37,88.4,62.4,0
ASSET-26C5757A,2026-06-18,67.0,1.239,81.8,57.7,0
ASSET-26C5757A,2026-06-19,59.04,1.587,83.8,55.4,0
ASSET-26C5757A,2026-06-20,66.63,1.013,69.9,63.5,0
ASSET-26C5757A,2026-06-21,63.99,1.367,87.6,61.3,0
ASSET-26C5757A,2026-06-22,61.78,1.75,77.4,52.0,0
ASSET-26C5757A,2026-06-23,69.56,1.384,82.4,27.6,0
ASSET-26C5757A,2026-06-24,64.65,1.663,77.4,71.7,0
ASSET-26C5757A,2026-06-25,61.43,1.756,83.3,34.6,0
ASSET-26C5757A,2026-06-26,62.39,1.283,77.2,69.1,0
ASSET-26C5757A,2026-06-27,65.87,1.391,75.0,44.2,0
ASSET-26C5757A,2026-06-28,63.22,1.233,82.2,57.7,0
ASSET-26C5757A,2026-06-29,58.27,1.399,83.5,60.7,0
ASSET-26C5757A,2026-06-30,66.2,1.639,88.4,53.6,0
ASSET-26C5757A,2026-07-01,60.48,1.726,81.2,53.3,0
ASSET-26C5757A,2026-07-02,61.62,1.32,83.8,34.2,0
ASSET-26C5757A,2026-07-03,65.04,1.437,70.0,39.1,0
ASSET-26C5757A,2026-07-04,68.71,1.549,78.5,37.3,0
ASSET-26C5757A,2026-07-05,68.6,1.064,72.6,37.9,0
ASSET-26C5757A,2026-07-06,62.76,1.321,84.0,57.5,0
ASSET-26C5757A,2026-07-07,62.5,1.122,73.3,63.0,0
ASSET-26C5757A,2026-07-08,63.43,1.289,69.1,50.6,0
ASSET-26C5757A,2026-07-09,64.29,1.307,83.4,52.0,0
ASSET-26C5757A,2026-07-10,67.19,1.218,82.1,51.4,0
ASSET-26C5757A,2026-07-11,67.06,1.559,77.8,56.8,0
ASSET-26C5757A,2026-07-12,71.7,1.793,79.9,53.4,0
ASSET-26C5757A,2026-07-13,64.91,1.309,81.9,52.7,0
ASSET-26C5757A,2026-07-14,62.64,1.145,80.6,46.0,0
ASSET-26C5757A,2026-07-15,69.12,1.261,83.6,42.7,0
ASSET-26C5757A,2026-07-16,67.2,1.552,84.6,48.5,0
ASSET-26C5757A,2026-07-17,66.15,1.691,89.4,63.7,0
ASSET-26C5757A,2026-07-18,61.2,1.976,80.3,37.6,0
ASSET-26C5757A,2026-07-19,63.83,1.803,86.5,55.8,0
ASSET-26C5757A,2026-07-20,62.19,1.215,92.8,49.1,0
ASSET-26C5757A,2026-07-21,64.23,1.647,80.6,42.9,0
ASSET-26C5757A,2026-07-22,64.37,1.073,79.0,40.4,0
ASSET-26C5757A,2026-07-23,71.14,1.129,71.6,47.7,0
ASSET-26C5757A,2026-07-24,68.28,1.2,81.5,62.1,0
ASSET-26C5757A,2026-07-25,64.55,1.306,83.1,63.4,0
ASSET-26C5757A,2026-07-26,69.95,1.581,86.2,56.3,0
ASSET-26C5757A,2026-07-27,67.25,1.722,72.2,54.9,0
ASSET-26C5757A,2026-07-28,66.04,1.382,81.7,60.1,0
ASSET-26C5757A,2026-07-29,65.17,1.917,77.2,47.6,0
ASSET-26C5757A,2026-07-30,59.62,1.293,73.2,46.3,0
ASSET-26C5757A,2026-07-31,66.54,1.53,77.3,42.4,0
ASSET-26C5757A,2026-08-01,58.27,1.738,90.5,35.9,0
ASSET-26C5757A,2026-08-02,58.14,1.624,72.9,66.3,0
ASSET-26C5757A,2026-08-03,63.01,1.371,83.4,29.5,0
ASSET-26C5757A,2026-08-04,69.23,1.681,88.6,43.8,0
ASSET-26C5757A,2026-08-05,62.27,1.738,75.0,37.4,0
ASSET-26C5757A,2026-08-06,64.39,1.468,84.2,65.7,0
ASSET-26C5757A,2026-08-07,66.94,1.179,80.8,63.5,0
ASSET-26C5757A,2026-08-08,68.24,1.298,70.9,25.9,0
ASSET-26C5757A,2026-08-09,63.3,1.697,85.7,64.7,0
ASSET-26C5757A,2026-08-10,66.49,1.669,88.3,46.4,0
ASSET-26C5757A,2026-08-11,66.7,1.389,81.1,55.9,0
ASSET-26C5757A,2026-08-12,65.37,1.852,81.8,36.9,0
ASSET-26C5757A,2026-08-13,64.66,1.387,92.1,56.1,0
ASSET-26C5757A,2026-08-14,59.17,1.617,94.2,43.5,0
ASSET-26C5757A,2026-08-15,66.09,1.443,83.2,61.4,0
ASSET-26C5757A,2026-08-16,67.48,1.363,82.4,49.8,0
ASSET-26C5757A,2026-08-17,68.74,1.423,86.1,70.6,0
ASSET-26C5757A,2026-08-18,69.89,1.434,81.9,49.6,0
ASSET-26C5757A,2026-08-19,68.66,1.558,76.9,70.5,0
ASSET-26C5757A,2026-08-20,65.38,1.944,78.2,64.0,0
ASSET-26C5757A,2026-08-21,61.61,2.026,79.2,66.8,0
ASSET-26C5757A,2026-08-22,74.1,2.034,73.9,77.2,0
ASSET-26C5757A,2026-08-23,74.49,2.167,70.6,87.7,0
ASSET-26C5757A,2026-08-24,74.74,2.054,68.8,109.8,0
ASSET-26C5757A,2026-08-25,67.26,2.144,75.1,87.9,0
ASSET-26C5757A,2026-08-26,79.22,2.944,77.1,109.6,0
ASSET-26C5757A,2026-08-27,73.68,2.512,68.7,101.4,0
ASSET-26C5757A,2026-08-28,71.93,2.614,69.1,151.5,0
ASSET-26C5757A,2026-08-29,77.21,2.828,64.0,111.6,0
ASSET-26C5757A,2026-08-30,72.57,3.334,68.5,143.1,0
ASSET-26C5757A,2026-08-31,75.91,3.244,66.8,146.3,0
ASSET-26C5757A,2026-09-01,78.87,3.469,64.2,150.8,0
ASSET-26C5757A,2026-09-02,77.97,3.694,74.4,134.5,0
ASSET-26C5757A,2026-09-03,81.13,3.278,62.6,162.5,0
ASSET-26C5757A,2026-09-04,83.15,3.155,71.1,172.8,0
ASSET-26C5757A,2026-09-05,72.9,2.943,60.7,155.4,0
ASSET-26C5757A,2026-09-06,80.13,4.107,67.7,176.2,0
ASSET-26C5757A,2026-09-07,81.3,3.91,59.4,239.0,0
ASSET-26C5757A,2026-09-08,77.5,4.414,58.3,221.7,0
ASSET-26C5757A,2026-09-09,75.65,4.312,56.5,234.3,0
ASSET-26C5757A,2026-09-10,89.53,4.11,59.8,208.0,0
ASSET-26C5757A,2026-09-11,88.77,4.62,54.8,179.5,0
ASSET-26C5757A,2026-09-12,89.46,4.61,59.3,167.1,0
ASSET-26C5757A,2026-09-13,80.56,4.51,49.7,257.2,0
ASSET-26C5757A,2026-09-14,87.03,5.433,52.7,238.3,0
ASSET-26C5757A,2026-09-15,92.16,4.979,59.4,275.3,1
ASSET-0A4C51D9,2026-03-20,64.47,1.504,74.8,48.5,0
ASSET-0A4C51D9,2026-03-21,66.02,1.455,79.7,48.4,0
ASSET-0A4C51D9,2026-03-22,63.77,1.913,83.3,25.5,0
ASSET-0A4C51D9,2026-03-23,65.55,1.54,89.3,55.2,0
ASSET-0A4C51D9,2026-03-24,67.88,1.385,85.7,38.4,0
ASSET-0A4C51D9,2026-03-25,65.26,1.462,82.5,48.0,0
ASSET-0A4C51D9,2026-03-26,68.69,1.459,82.1,37.8,0
ASSET-0A4C51D9,2026-03-27,61.33,1.414,74.9,54.3,0
ASSET-0A4C51D9,2026-03-28,65.31,1.282,77.1,54.8,0
ASSET-0A4C51D9,2026-03-29,65.17,1.948,74.0,45.7,0
ASSET-0A4C51D9,2026-03-30,68.67,1.504,80.5,44.3,0
ASSET-0A4C51D9,2026-03-31,67.04,1.211,81.1,68.9,0
ASSET-0A4C51D9,2026-04-01,64.48,1.631,79.7,47.4,0
ASSET-0A4C51D9,2026-04-02,59.84,1.278,86.0,40.0,0
ASSET-0A4C51D9,2026-04-03,65.26,1.4,82.6,47.6,0
ASSET-0A4C51D9,2026-04-04,65.28,1.281,82.5,49.0,0
ASSET-0A4C51D9,2026-04-05,59.92,1.684,72.2,50.9,0
ASSET-0A4C51D9,2026-04-06,58.38,1.796,82.4,59.3,0
ASSET-0A4C51D9,2026-04-07,62.56,1.507,77.3,61.2,0
ASSET-0A4C51D9,2026-04-08,64.86,1.4,81.9,64.5,0
ASSET-0A4C51D9,2026-04-09,62.57,1.454,87.1,51.1,0
ASSET-0A4C51D9,2026-04-10,63.97,1.467,86.4,27.7,0
ASSET-0A4C51D9,2026-04-11,64.1,1.798,79.9,51.2,0
ASSET-0A4C51D9,2026-04-12,64.68,1.814,80.8,51.4,0
ASSET-0A4C51D9,2026-04-13,66.34,1.324,81.3,54.2,0
ASSET-0A4C51D9,2026-04-14,68.85,1.565,76.8,44.7,0
ASSET-0A4C51D9,2026-04-15,65.28,1.565,83.0,57.1,0
ASSET-0A4C51D9,2026-04-16,62.14,1.373,76.2,54.9,0
ASSET-0A4C51D9,2026-04-17,62.5,1.381,75.1,77.2,0
ASSET-0A4C51D9,2026-04-18,59.81,1.911,78.6,54.8,0
ASSET-0A4C51D9,2026-04-19,61.21,1.357,74.4,35.7,0
ASSET-0A4C51D9,2026-04-20,65.59,1.703,76.7,37.0,0
ASSET-0A4C51D9,2026-04-21,63.4,1.888,77.8,48.4,0
ASSET-0A4C51D9,2026-04-22,59.13,1.314,80.0,54.7,0
ASSET-0A4C51D9,2026-04-23,63.65,1.283,76.8,48.0,0
ASSET-0A4C51D9,2026-04-24,62.61,1.227,86.2,41.6,0
ASSET-0A4C51D9,2026-04-25,64.26,1.302,83.1,43.1,0
ASSET-0A4C51D9,2026-04-26,59.42,1.698,83.2,61.9,0
ASSET-0A4C51D9,2026-04-27,58.73,1.351,81.0,57.5,0
ASSET-0A4C51D9,2026-04-28,62.35,1.261,87.1,58.0,0
ASSET-0A4C51D9,2026-04-29,63.3,1.462,83.4,36.9,0
ASSET-0A4C51D9,2026-04-30,66.27,1.531,79.1,41.6,0
ASSET-0A4C51D9,2026-05-01,65.98,1.691,73.1,47.3,0
ASSET-0A4C51D9,2026-05-02,65.29,1.542,78.9,46.6,0
ASSET-0A4C51D9,2026-05-03,62.32,1.531,86.2,39.7,0
ASSET-0A4C51D9,2026-05-04,65.29,1.309,78.0,32.1,0
ASSET-0A4C51D9,2026-05-05,62.79,1.595,76.1,36.0,0
ASSET-0A4C51D9,2026-05-06,63.85,1.336,76.3,46.8,0
ASSET-0A4C51D9,2026-05-07,68.17,1.319,68.9,53.0,0
ASSET-0A4C51D9,2026-05-08,60.97,1.444,68.3,40.5,0
ASSET-0A4C51D9,2026-05-09,64.31,1.661,84.0,49.5,0
ASSET-0A4C51D9,2026-05-10,62.24,1.573,80.3,50.7,0
ASSET-0A4C51D9,2026-05-11,62.71,1.452,75.4,36.8,0
ASSET-0A4C51D9,2026-05-12,61.77,1.431,84.2,46.0,0
ASSET-0A4C51D9,2026-05-13,65.25,1.268,84.1,56.8,0
ASSET-0A4C51D9,2026-05-14,67.15,1.596,81.3,37.7,0
ASSET-0A4C51D9,2026-05-15,58.31,1.785,66.2,50.6,0
ASSET-0A4C51D9,2026-05-16,62.5,1.22,82.6,67.0,0
ASSET-0A4C51D9,2026-05-17,67.04,1.407,68.2,66.8,0
ASSET-0A4C51D9,2026-05-18,61.91,1.503,87.4,59.1,0
ASSET-0A4C51D9,2026-05-19,64.82,1.144,81.9,55.0,0
ASSET-0A4C51D9,2026-05-20,62.04,1.393,81.0,55.9,0
ASSET-0A4C51D9,2026-05-21,68.34,1.564,87.1,44.7,0
ASSET-0A4C51D9,2026-05-22,65.37,1.393,87.0,32.1,0
ASSET-0A4C51D9,2026-05-23,68.77,1.835,71.9,55.7,0
ASSET-0A4C51D9,2026-05-24,64.22,1.261,82.7,46.9,0
ASSET-0A4C51D9,2026-05-25,67.24,1.483,88.8,55.1,0
ASSET-0A4C51D9,2026-05-26,62.61,1.639,82.6,44.9,0
ASSET-0A4C51D9,2026-05-27,65.27,1.582,75.6,48.8,0
ASSET-0A4C51D9,2026-05-28,66.55,1.561,77.7,48.3,0
ASSET-0A4C51D9,2026-05-29,70.0,1.64,85.7,56.2,0
ASSET-0A4C51D9,2026-05-30,68.85,1.294,83.5,49.7,0
ASSET-0A4C51D9,2026-05-31,68.76,1.215,70.5,59.8,0
ASSET-0A4C51D9,2026-06-01,66.35,1.755,79.2,58.2,0
ASSET-0A4C51D9,2026-06-02,65.18,1.364,74.9,44.8,0
ASSET-0A4C51D9,2026-06-03,64.42,1.452,82.4,52.2,0
ASSET-0A4C51D9,2026-06-04,61.06,1.251,82.0,52.4,0
ASSET-0A4C51D9,2026-06-05,60.59,1.475,80.2,46.4,0
ASSET-0A4C51D9,2026-06-06,69.37,1.604,80.4,42.9,0
ASSET-0A4C51D9,2026-06-07,70.85,1.793,88.1,41.9,0
ASSET-0A4C51D9,2026-06-08,64.52,1.358,76.8,56.9,0
ASSET-0A4C51D9,2026-06-09,67.61,1.518,80.0,43.9,0
ASSET-0A4C51D9,2026-06-10,64.91,1.247,74.9,36.4,0
ASSET-0A4C51D9,2026-06-11,67.5,1.564,67.5,48.0,0
ASSET-0A4C51D9,2026-06-12,69.51,1.714,80.1,42.6,0
ASSET-0A4C51D9,2026-06-13,71.62,1.848,90.4,32.6,0
ASSET-0A4C51D9,2026-06-14,63.36,1.604,81.3,45.3,0
ASSET-0A4C51D9,2026-06-15,69.17,1.312,82.4,56.2,0
ASSET-0A4C51D9,2026-06-16,67.59,1.232,83.3,44.8,0
ASSET-0A4C51D9,2026-06-17,67.77,1.505,74.8,52.8,0
ASSET-0A4C51D9,2026-06-18,64.23,1.527,80.3,54.7,0
ASSET-0A4C51D9,2026-06-19,64.68,1.53,83.7,58.1,0
ASSET-0A4C51D9,2026-06-20,59.62,1.751,76.6,60.4,0
ASSET-0A4C51D9,2026-06-21,65.23,1.485,80.1,31.0,0
ASSET-0A4C51D9,2026-06-22,65.13,1.418,82.7,39.2,0
ASSET-0A4C51D9,2026-06-23,59.91,1.335,76.1,43.7,0
ASSET-0A4C51D9,2026-06-24,64.93,1.429,79.8,52.5,0
ASSET-0A4C51D9,2026-06-25,63.11,1.6,79.2,62.6,0
ASSET-0A4C51D9,2026-06-26,68.37,1.319,81.5,47.3,0
ASSET-0A4C51D9,2026-06-27,61.4,1.079,74.0,57.0,0
ASSET-0A4C51D9,2026-06-28,64.72,1.346,81.8,41.9,0
ASSET-0A4C51D9,2026-06-29,63.23,1.424,75.9,60.3,0
ASSET-0A4C51D9,2026-06-30,67.0,1.764,77.5,37.3,0
ASSET-0A4C51D9,2026-07-01,63.93,1.077,87.2,46.6,0
ASSET-0A4C51D9,2026-07-02,66.02,1.454,79.1,43.0,0
ASSET-0A4C51D9,2026-07-03,62.29,1.343,78.2,52.7,0
ASSET-0A4C51D9,2026-07-04,58.79,1.665,79.1,42.4,0
ASSET-0A4C51D9,2026-07-05,64.47,1.568,75.4,48.4,0
ASSET-0A4C51D9,2026-07-06,64.11,1.842,84.1,52.2,0
ASSET-0A4C51D9,2026-07-07,65.09,1.648,77.0,55.0,0
ASSET-0A4C51D9,2026-07-08,65.94,1.49,77.4,53.3,0
ASSET-0A4C51D9,2026-07-09,60.46,1.601,88.8,48.9,0
ASSET-0A4C51D9,2026-07-10,67.4,1.699,73.0,51.0,0
ASSET-0A4C51D9,2026-07-11,67.0,1.508,76.3,67.0,0
ASSET-0A4C51D9,2026-07-12,64.88,1.599,75.2,29.2,0
ASSET-0A4C51D9,2026-07-13,63.07,1.444,89.9,63.7,0
ASSET-0A4C51D9,2026-07-14,60.63,1.513,73.9,63.2,0
ASSET-0A4C51D9,2026-07-15,62.55,1.724,88.4,48.7,0
ASSET-0A4C51D9,2026-07-16,63.32,1.428,74.0,62.4,0
ASSET-0A4C51D9,2026-07-17,62.02,1.216,79.7,47.1,0
ASSET-0A4C51D9,2026-07-18,60.93,1.67,79.8,41.5,0
ASSET-0A4C51D9,2026-07-19,68.17,1.274,74.0,52.1,0
ASSET-0A4C51D9,2026-07-20,61.83,1.368,83.4,46.0,0
ASSET-0A4C51D9,2026-07-21,65.38,1.315,92.4,50.5,0
ASSET-0A4C51D9,2026-07-22,58.61,1.49,82.2,44.5,0
ASSET-0A4C51D9,2026-07-23,70.73,1.638,85.6,68.8,0
ASSET-0A4C51D9,2026-07-24,62.77,1.622,82.8,55.2,0
ASSET-0A4C51D9,2026-07-25,65.05,1.622,86.8,53.6,0
ASSET-0A4C51D9,2026-07-26,63.77,1.46,78.8,68.1,0
ASSET-0A4C51D9,2026-07-27,63.75,1.972,81.3,55.8,0
ASSET-0A4C51D9,2026-07-28,62.19,1.513,76.7,47.7,0
ASSET-0A4C51D9,2026-07-29,63.7,1.468,87.5,44.0,0
ASSET-0A4C51D9,2026-07-30,65.57,1.181,70.0,46.5,0
ASSET-0A4C51D9,2026-07-31,64.84,1.358,81.1,49.5,0
ASSET-0A4C51D9,2026-08-01,67.72,1.651,81.4,57.0,0
ASSET-0A4C51D9,2026-08-02,64.78,1.305,75.2,45.9,0
ASSET-0A4C51D9,2026-08-03,62.19,1.419,78.9,49.5,0
ASSET-0A4C51D9,2026-08-04,61.56,1.319,87.8,36.9,0
ASSET-0A4C51D9,2026-08-05,65.54,1.514,69.7,75.8,0
ASSET-0A4C51D9,2026-08-06,61.63,1.656,76.8,49.5,0
ASSET-0A4C51D9,2026-08-07,61.3,1.541,75.7,46.9,0
ASSET-0A4C51D9,2026-08-08,71.92,1.619,72.9,45.9,0
ASSET-0A4C51D9,2026-08-09,67.98,1.359,81.2,35.1,0
ASSET-0A4C51D9,2026-08-10,65.31,1.489,73.9,45.2,0
ASSET-0A4C51D9,2026-08-11,69.43,1.59,87.2,50.7,0
ASSET-0A4C51D9,2026-08-12,62.56,1.144,74.8,52.6,0
ASSET-0A4C51D9,2026-08-13,68.2,1.685,79.1,52.0,0
ASSET-0A4C51D9,2026-08-14,62.28,1.282,72.1,48.9,0
ASSET-0A4C51D9,2026-08-15,60.18,1.542,85.0,36.5,0
ASSET-0A4C51D9,2026-08-16,65.66,1.423,75.9,57.7,0
ASSET-0A4C51D9,2026-08-17,62.17,1.367,88.0,59.0,0
ASSET-0A4C51D9,2026-08-18,64.12,1.442,71.5,76.1,0
ASSET-0A4C51D9,2026-08-19,65.64,1.616,82.6,62.7,0
ASSET-0A4C51D9,2026-08-20,64.18,1.451,81.1,35.2,0
ASSET-0A4C51D9,2026-08-21,62.38,1.221,78.8,61.9,0
ASSET-0A4C51D9,2026-08-22,63.91,1.584,88.0,52.8,0
ASSET-0A4C51D9,2026-08-23,63.28,1.413,83.3,44.3,0
ASSET-0A4C51D9,2026-08-24,66.6,1.553,80.0,58.4,0
ASSET-0A4C51D9,2026-08-25,73.18,0.962,76.1,50.1,0
ASSET-0A4C51D9,2026-08-26,61.52,1.665,79.9,57.3,0
ASSET-0A4C51D9,2026-08-27,60.0,1.664,83.4,67.9,0
ASSET-0A4C51D9,2026-08-28,64.48,1.478,78.3,55.7,0
ASSET-0A4C51D9,2026-08-29,63.17,1.842,83.6,62.3,0
ASSET-0A4C51D9,2026-08-30,67.21,0.977,81.6,37.1,0
ASSET-0A4C51D9,2026-08-31,62.45,1.507,76.5,59.2,0
ASSET-0A4C51D9,2026-09-01,63.4,1.561,75.0,46.7,0
ASSET-0A4C51D9,2026-09-02,62.62,1.589,75.6,43.2,0
ASSET-0A4C51D9,2026-09-03,69.25,1.561,77.0,45.8,0
ASSET-0A4C51D9,2026-09-04,68.69,1.295,80.6,52.4,0
ASSET-0A4C51D9,2026-09-05,69.4,1.651,84.0,44.8,0
ASSET-0A4C51D9,2026-09-06,65.54,1.574,73.3,21.3,0
ASSET-0A4C51D9,2026-09-07,60.3,1.545,73.9,56.3,0
ASSET-0A4C51D9,2026-09-08,62.61,1.299,82.7,36.0,0
ASSET-0A4C51D9,2026-09-09,63.94,1.758,81.6,52.3,0
ASSET-0A4C51D9,2026-09-10,60.54,1.622,78.9,33.1,0
ASSET-0A4C51D9,2026-09-11,70.36,1.272,70.4,69.1,0
ASSET-0A4C51D9,2026-09-12,67.58,1.43,72.3,45.8,0
ASSET-0A4C51D9,2026-09-13,63.4,1.452,79.8,50.2,0
ASSET-0A4C51D9,2026-09-14,68.89,1.56,83.6,42.0,0
ASSET-0A4C51D9,2026-09-15,66.42,1.332,77.1,48.7,0
ASSET-0F774BE3,2026-03-20,64.57,1.507,82.3,60.9,0
ASSET-0F774BE3,2026-03-21,69.56,1.446,74.9,55.6,0
ASSET-0F774BE3,2026-03-22,69.03,1.325,73.7,52.1,0
ASSET-0F774BE3,2026-03-23,62.36,1.259,84.1,48.0,0
ASSET-0F774BE3,2026-03-24,63.19,1.296,72.1,36.7,0
ASSET-0F774BE3,2026-03-25,61.16,1.513,76.4,35.7,0
ASSET-0F774BE3,2026-03-26,62.5,1.312,73.0,61.3,0
ASSET-0F774BE3,2026-03-27,64.41,1.585,73.1,50.3,0
ASSET-0F774BE3,2026-03-28,65.44,1.541,77.3,67.4,0
ASSET-0F774BE3,2026-03-29,64.32,1.485,67.3,44.4,0
ASSET-0F774BE3,2026-03-30,62.63,1.16,83.6,56.7,0
ASSET-0F774BE3,2026-03-31,63.7,1.592,84.6,29.3,0
ASSET-0F774BE3,2026-04-01,65.3,1.572,79.3,45.7,0
ASSET-0F774BE3,2026-04-02,66.76,1.705,86.5,32.2,0
ASSET-0F774BE3,2026-04-03,67.47,1.053,76.1,53.6,0
ASSET-0F774BE3,2026-04-04,65.98,1.656,82.5,43.8,0
ASSET-0F774BE3,2026-04-05,64.59,1.021,81.6,52.3,0
ASSET-0F774BE3,2026-04-06,58.07,1.677,79.8,50.3,0
ASSET-0F774BE3,2026-04-07,65.98,1.33,78.6,59.4,0
ASSET-0F774BE3,2026-04-08,62.23,1.519,79.5,42.7,0
ASSET-0F774BE3,2026-04-09,73.94,1.715,85.8,45.4,0
ASSET-0F774BE3,2026-04-10,64.26,1.371,67.9,68.1,0
ASSET-0F774BE3,2026-04-11,60.02,1.631,85.0,37.6,0
ASSET-0F774BE3,2026-04-12,65.1,1.769,83.4,29.3,0
ASSET-0F774BE3,2026-04-13,64.45,1.686,79.8,35.2,0
ASSET-0F774BE3,2026-04-14,65.89,1.476,83.1,43.7,0
ASSET-0F774BE3,2026-04-15,63.24,1.419,81.9,55.3,0
ASSET-0F774BE3,2026-04-16,67.37,1.68,88.0,48.7,0
ASSET-0F774BE3,2026-04-17,64.53,1.321,79.8,49.9,0
ASSET-0F774BE3,2026-04-18,53.98,1.263,82.2,45.4,0
ASSET-0F774BE3,2026-04-19,64.14,1.111,69.6,51.4,0
ASSET-0F774BE3,2026-04-20,70.24,1.343,77.8,47.4,0
ASSET-0F774BE3,2026-04-21,64.5,1.405,77.5,42.9,0
ASSET-0F774BE3,2026-04-22,68.88,1.218,74.7,44.7,0
ASSET-0F774BE3,2026-04-23,59.66,1.718,73.2,53.1,0
ASSET-0F774BE3,2026-04-24,63.62,1.088,74.6,59.6,0
ASSET-0F774BE3,2026-04-25,67.01,1.254,81.9,38.2,0
ASSET-0F774BE3,2026-04-26,71.42,1.714,70.8,52.6,0
ASSET-0F774BE3,2026-04-27,66.12,1.629,81.3,32.3,0
ASSET-0F774BE3,2026-04-28,67.91,1.574,80.7,48.1,0
ASSET-0F774BE3,2026-04-29,65.47,1.649,83.7,49.5,0
ASSET-0F774BE3,2026-04-30,61.24,1.57,80.1,43.5,0
ASSET-0F774BE3,2026-05-01,64.76,1.504,76.1,32.2,0
ASSET-0F774BE3,2026-05-02,65.38,1.572,82.8,61.8,0
ASSET-0F774BE3,2026-05-03,62.02,1.726,77.3,73.0,0
ASSET-0F774BE3,2026-05-04,68.33,1.578,82.9,58.8,0
ASSET-0F774BE3,2026-05-05,63.95,1.547,73.9,51.1,0
ASSET-0F774BE3,2026-05-06,68.85,1.027,85.4,71.7,0
ASSET-0F774BE3,2026-05-07,65.67,1.462,76.1,36.9,0
ASSET-0F774BE3,2026-05-08,61.86,1.36,83.5,37.7,0
ASSET-0F774BE3,2026-05-09,69.6,1.743,79.0,51.3,0
ASSET-0F774BE3,2026-05-10,62.43,1.751,77.2,55.2,0
ASSET-0F774BE3,2026-05-11,67.7,1.455,73.5,35.9,0
ASSET-0F774BE3,2026-05-12,61.42,1.486,75.6,52.8,0
ASSET-0F774BE3,2026-05-13,67.03,1.659,80.0,30.0,0
ASSET-0F774BE3,2026-05-14,65.81,1.862,89.8,41.0,0
ASSET-0F774BE3,2026-05-15,65.51,1.33,68.5,32.7,0
ASSET-0F774BE3,2026-05-16,68.14,1.386,70.0,40.5,0
ASSET-0F774BE3,2026-05-17,66.37,1.692,81.8,57.6,0
ASSET-0F774BE3,2026-05-18,61.37,1.879,76.0,48.0,0
ASSET-0F774BE3,2026-05-19,63.56,1.838,84.5,47.4,0
ASSET-0F774BE3,2026-05-20,64.36,1.551,86.5,60.1,0
ASSET-0F774BE3,2026-05-21,68.38,1.632,78.8,37.6,0
ASSET-0F774BE3,2026-05-22,62.24,1.379,82.6,43.0,0
ASSET-0F774BE3,2026-05-23,59.94,1.815,79.9,42.3,0
ASSET-0F774BE3,2026-05-24,67.56,1.487,90.1,41.0,0
ASSET-0F774BE3,2026-05-25,63.72,1.294,79.8,41.3,0
ASSET-0F774BE3,2026-05-26,68.84,1.624,84.2,49.6,0
ASSET-0F774BE3,2026-05-27,62.53,1.865,81.8,53.3,0
ASSET-0F774BE3,2026-05-28,63.45,1.648,77.6,43.7,0
ASSET-0F774BE3,2026-05-29,65.38,1.803,79.9,46.9,0
ASSET-0F774BE3,2026-05-30,65.71,1.277,79.1,59.3,0
ASSET-0F774BE3,2026-05-31,66.94,1.431,76.8,54.1,0
ASSET-0F774BE3,2026-06-01,64.9,1.165,76.6,62.0,0
ASSET-0F774BE3,2026-06-02,65.23,1.186,79.6,55.8,0
ASSET-0F774BE3,2026-06-03,66.41,2.114,83.6,43.5,0
ASSET-0F774BE3,2026-06-04,62.89,1.042,77.4,49.4,0
ASSET-0F774BE3,2026-06-05,63.99,1.345,80.8,44.9,0
ASSET-0F774BE3,2026-06-06,66.06,1.092,74.1,62.3,0
ASSET-0F774BE3,2026-06-07,68.18,1.627,78.1,37.9,0
ASSET-0F774BE3,2026-06-08,62.65,1.42,86.1,55.1,0
ASSET-0F774BE3,2026-06-09,61.19,1.685,78.0,44.1,0
ASSET-0F774BE3,2026-06-10,69.07,1.514,77.5,47.1,0
ASSET-0F774BE3,2026-06-11,66.2,1.51,78.6,40.4,0
ASSET-0F774BE3,2026-06-12,64.98,1.501,81.5,59.1,0
ASSET-0F774BE3,2026-06-13,67.33,1.259,69.3,60.7,0
ASSET-0F774BE3,2026-06-14,62.75,1.322,86.8,55.2,0
ASSET-0F774BE3,2026-06-15,61.82,1.639,79.4,58.4,0
ASSET-0F774BE3,2026-06-16,65.52,1.545,78.3,50.4,0
ASSET-0F774BE3,2026-06-17,63.4,1.567,77.9,72.1,0
ASSET-0F774BE3,2026-06-18,64.18,1.405,82.0,64.8,0
ASSET-0F774BE3,2026-06-19,66.87,1.138,71.4,59.6,0
ASSET-0F774BE3,2026-06-20,63.04,1.423,82.5,38.7,0
ASSET-0F774BE3,2026-06-21,64.36,1.494,78.3,42.6,0
ASSET-0F774BE3,2026-06-22,65.36,1.352,76.5,48.4,0
ASSET-0F774BE3,2026-06-23,64.18,1.876,74.8,57.2,0
ASSET-0F774BE3,2026-06-24,62.26,1.55,83.2,54.6,0
ASSET-0F774BE3,2026-06-25,63.71,1.425,77.9,52.2,0
ASSET-0F774BE3,2026-06-26,62.61,1.503,78.5,56.5,0
ASSET-0F774BE3,2026-06-27,62.67,1.379,83.2,53.5,0
ASSET-0F774BE3,2026-06-28,65.7,1.789,75.7,39.1,0
ASSET-0F774BE3,2026-06-29,61.23,2.007,79.8,48.2,0
ASSET-0F774BE3,2026-06-30,61.63,1.804,81.0,55.5,0
ASSET-0F774BE3,2026-07-01,69.26,1.693,86.6,42.2,0
ASSET-0F774BE3,2026-07-02,67.74,1.488,83.2,57.5,0
ASSET-0F774BE3,2026-07-03,66.44,1.203,81.4,58.0,0
ASSET-0F774BE3,2026-07-04,61.86,1.426,87.5,55.8,0
ASSET-0F774BE3,2026-07-05,62.95,1.981,91.3,53.0,0
ASSET-0F774BE3,2026-07-06,66.85,1.412,94.8,67.2,0
ASSET-0F774BE3,2026-07-07,61.04,1.834,84.8,39.9,0
ASSET-0F774BE3,2026-07-08,60.29,1.223,77.8,44.3,0
ASSET-0F774BE3,2026-07-09,65.75,0.792,80.5,52.8,0
ASSET-0F774BE3,2026-07-10,65.28,1.548,84.1,62.8,0
ASSET-0F774BE3,2026-07-11,61.9,1.712,87.4,54.3,0
ASSET-0F774BE3,2026-07-12,67.86,1.454,83.0,67.2,0
ASSET-0F774BE3,2026-07-13,66.02,1.394,76.0,53.9,0
ASSET-0F774BE3,2026-07-14,65.81,1.21,83.9,41.7,0
ASSET-0F774BE3,2026-07-15,62.07,1.756,72.8,46.3,0
ASSET-0F774BE3,2026-07-16,60.1,1.441,84.6,51.5,0
ASSET-0F774BE3,2026-07-17,66.65,1.859,82.6,59.0,0
ASSET-0F774BE3,2026-07-18,68.36,1.845,79.9,54.5,0
ASSET-0F774BE3,2026-07-19,68.19,1.421,88.7,50.0,0
ASSET-0F774BE3,2026-07-20,61.39,1.543,76.2,48.5,0
ASSET-0F774BE3,2026-07-21,68.26,1.609,77.3,45.8,0
ASSET-0F774BE3,2026-07-22,67.11,1.635,74.6,37.6,0
ASSET-0F774BE3,2026-07-23,64.66,1.633,74.9,46.1,0
ASSET-0F774BE3,2026-07-24,67.37,1.563,77.5,55.4,0
ASSET-0F774BE3,2026-07-25,65.13,1.467,86.1,27.7,0
ASSET-0F774BE3,2026-07-26,65.55,1.543,80.0,40.4,0
ASSET-0F774BE3,2026-07-27,65.1,1.866,97.3,57.1,0
ASSET-0F774BE3,2026-07-28,64.84,1.804,79.5,64.5,0
ASSET-0F774BE3,2026-07-29,65.09,1.428,80.3,46.0,0
ASSET-0F774BE3,2026-07-30,62.8,1.807,83.6,48.5,0
ASSET-0F774BE3,2026-07-31,71.29,1.567,77.2,44.6,0
ASSET-0F774BE3,2026-08-01,66.48,1.357,75.8,57.7,0
ASSET-0F774BE3,2026-08-02,64.18,1.284,74.4,48.5,0
ASSET-0F774BE3,2026-08-03,65.63,1.466,86.7,46.8,0
ASSET-0F774BE3,2026-08-04,67.0,1.613,78.2,57.3,0
ASSET-0F774BE3,2026-08-05,63.68,1.649,81.6,40.4,0
ASSET-0F774BE3,2026-08-06,66.64,1.583,75.2,38.2,0
ASSET-0F774BE3,2026-08-07,67.57,1.708,81.9,58.7,0
ASSET-0F774BE3,2026-08-08,68.8,1.549,85.0,61.5,0
ASSET-0F774BE3,2026-08-09,68.57,1.159,75.1,63.6,0
ASSET-0F774BE3,2026-08-10,64.99,1.432,81.7,47.8,0
ASSET-0F774BE3,2026-08-11,69.22,1.331,78.5,38.1,0
ASSET-0F774BE3,2026-08-12,64.26,1.586,88.8,47.0,0
ASSET-0F774BE3,2026-08-13,62.98,1.501,84.3,43.2,0
ASSET-0F774BE3,2026-08-14,60.33,1.847,81.1,51.4,0
ASSET-0F774BE3,2026-08-15,67.7,1.715,80.8,58.5,0
ASSET-0F774BE3,2026-08-16,71.82,2.014,89.9,49.3,0
ASSET-0F774BE3,2026-08-17,64.97,1.384,81.9,66.5,0
ASSET-0F774BE3,2026-08-18,68.33,1.534,75.4,51.5,0
ASSET-0F774BE3,2026-08-19,65.39,1.401,71.4,52.8,0
ASSET-0F774BE3,2026-08-20,64.55,1.507,79.8,53.7,0
ASSET-0F774BE3,2026-08-21,60.68,1.562,72.7,50.9,0
ASSET-0F774BE3,2026-08-22,64.05,1.681,81.5,66.6,0
ASSET-0F774BE3,2026-08-23,64.69,1.876,80.4,60.0,0
ASSET-0F774BE3,2026-08-24,64.44,1.534,83.7,43.3,0
ASSET-0F774BE3,2026-08-25,59.76,1.508,73.9,42.4,0
ASSET-0F774BE3,2026-08-26,66.09,1.528,73.3,43.9,0
ASSET-0F774BE3,2026-08-27,61.97,1.573,82.7,47.9,0
ASSET-0F774BE3,2026-08-28,64.72,1.555,83.9,59.4,0
ASSET-0F774BE3,2026-08-29,65.75,1.469,80.3,53.4,0
ASSET-0F774BE3,2026-08-30,60.09,1.665,74.4,56.0,0
ASSET-0F774BE3,2026-08-31,59.2,1.257,72.5,63.3,0
ASSET-0F774BE3,2026-09-01,67.12,1.121,90.3,48.6,0
ASSET-0F774BE3,2026-09-02,66.19,1.504,82.1,57.8,0
ASSET-0F774BE3,2026-09-03,66.14,1.123,79.6,46.4,0
ASSET-0F774BE3,2026-09-04,64.91,1.514,85.5,43.1,0
ASSET-0F774BE3,2026-09-05,68.65,1.326,77.7,54.6,0
ASSET-0F774BE3,2026-09-06,67.2,1.654,81.1,35.7,0
ASSET-0F774BE3,2026-09-07,69.3,1.551,81.4,54.2,0
ASSET-0F774BE3,2026-09-08,65.1,1.451,89.5,48.8,0
ASSET-0F774BE3,2026-09-09,68.81,1.314,83.4,56.2,0
ASSET-0F774BE3,2026-09-10,69.12,1.897,73.4,58.6,0
ASSET-0F774BE3,2026-09-11,66.15,1.572,78.3,57.0,0
ASSET-0F774BE3,2026-09-12,63.52,1.554,85.9,47.5,0
ASSET-0F774BE3,2026-09-13,66.46,1.708,79.9,64.9,0
ASSET-0F774BE3,2026-09-14,62.47,1.277,80.0,46.7,0
ASSET-0F774BE3,2026-09-15,67.09,1.203,81.6,51.7,0
ASSET-3FBDD3C4,2026-03-20,64.9,1.606,74.2,46.5,0
ASSET-3FBDD3C4,2026-03-21,62.56,1.715,77.0,44.5,0
ASSET-3FBDD3C4,2026-03-22,66.93,1.682,79.7,32.7,0
ASSET-3FBDD3C4,2026-03-23,55.46,1.526,81.9,57.2,0
ASSET-3FBDD3C4,2026-03-24,68.11,1.251,84.9,37.0,0
ASSET-3FBDD3C4,2026-03-25,67.17,1.28,80.1,54.4,0
ASSET-3FBDD3C4,2026-03-26,66.49,1.596,78.6,42.1,0
ASSET-3FBDD3C4,2026-03-27,64.83,1.762,85.0,43.8,0
ASSET-3FBDD3C4,2026-03-28,62.68,1.773,83.2,45.4,0
ASSET-3FBDD3C4,2026-03-29,62.78,1.903,74.8,50.4,0
ASSET-3FBDD3C4,2026-03-30,65.79,1.686,79.4,49.4,0
ASSET-3FBDD3C4,2026-03-31,64.08,1.775,84.9,52.7,0
ASSET-3FBDD3C4,2026-04-01,63.58,1.628,75.7,49.2,0
ASSET-3FBDD3C4,2026-04-02,65.68,1.346,74.4,50.1,0
ASSET-3FBDD3C4,2026-04-03,64.2,1.579,79.7,50.0,0
ASSET-3FBDD3C4,2026-04-04,64.23,1.422,81.4,56.7,0
ASSET-3FBDD3C4,2026-04-05,64.67,1.684,74.9,58.2,0
ASSET-3FBDD3C4,2026-04-06,61.64,1.339,81.7,48.2,0
ASSET-3FBDD3C4,2026-04-07,65.98,1.569,85.5,40.8,0
ASSET-3FBDD3C4,2026-04-08,65.91,1.179,79.5,49.0,0
ASSET-3FBDD3C4,2026-04-09,65.94,1.265,76.6,33.0,0
ASSET-3FBDD3C4,2026-04-10,64.62,1.201,75.3,55.2,0
ASSET-3FBDD3C4,2026-04-11,63.63,1.27,76.8,60.6,0
ASSET-3FBDD3C4,2026-04-12,66.99,1.517,74.4,49.6,0
ASSET-3FBDD3C4,2026-04-13,61.68,1.275,72.4,57.8,0
ASSET-3FBDD3C4,2026-04-14,70.48,1.577,75.9,43.2,0
ASSET-3FBDD3C4,2026-04-15,63.03,1.699,77.1,61.1,0
ASSET-3FBDD3C4,2026-04-16,66.77,1.676,86.2,68.3,0
ASSET-3FBDD3C4,2026-04-17,66.81,1.666,87.1,53.5,0
ASSET-3FBDD3C4,2026-04-18,58.49,1.826,87.2,44.7,0
ASSET-3FBDD3C4,2026-04-19,68.41,1.434,81.4,56.4,0
ASSET-3FBDD3C4,2026-04-20,67.18,1.802,81.5,40.2,0
ASSET-3FBDD3C4,2026-04-21,63.9,1.676,78.3,39.3,0
ASSET-3FBDD3C4,2026-04-22,62.4,1.126,79.4,45.5,0
ASSET-3FBDD3C4,2026-04-23,66.34,1.545,81.7,46.0,0
ASSET-3FBDD3C4,2026-04-24,59.2,1.337,77.4,59.4,0
ASSET-3FBDD3C4,2026-04-25,64.72,1.363,70.5,44.7,0
ASSET-3FBDD3C4,2026-04-26,63.5,1.411,74.5,54.6,0
ASSET-3FBDD3C4,2026-04-27,62.74,1.433,82.9,42.2,0
ASSET-3FBDD3C4,2026-04-28,65.99,1.445,78.8,53.6,0
ASSET-3FBDD3C4,2026-04-29,64.76,1.242,83.5,57.4,0
ASSET-3FBDD3C4,2026-04-30,62.47,1.696,88.9,50.2,0
ASSET-3FBDD3C4,2026-05-01,65.61,1.6,82.5,60.8,0
ASSET-3FBDD3C4,2026-05-02,67.39,1.457,79.0,47.7,0
ASSET-3FBDD3C4,2026-05-03,67.21,1.802,92.6,76.0,0
ASSET-3FBDD3C4,2026-05-04,63.96,1.162,78.2,46.0,0
ASSET-3FBDD3C4,2026-05-05,63.54,1.741,81.5,29.0,0
ASSET-3FBDD3C4,2026-05-06,60.3,1.942,80.0,56.3,0
ASSET-3FBDD3C4,2026-05-07,66.52,1.712,76.5,58.9,0
ASSET-3FBDD3C4,2026-05-08,64.94,1.643,87.1,37.8,0
ASSET-3FBDD3C4,2026-05-09,66.87,1.448,82.7,52.6,0
ASSET-3FBDD3C4,2026-05-10,59.88,1.195,78.7,45.6,0
ASSET-3FBDD3C4,2026-05-11,65.5,1.724,80.7,48.9,0
ASSET-3FBDD3C4,2026-05-12,69.4,1.559,81.2,37.7,0
ASSET-3FBDD3C4,2026-05-13,67.44,1.381,77.7,42.9,0
ASSET-3FBDD3C4,2026-05-14,61.06,1.473,82.1,42.9,0
ASSET-3FBDD3C4,2026-05-15,64.99,1.277,80.8,45.1,0
ASSET-3FBDD3C4,2026-05-16,64.5,1.516,71.7,66.0,0
ASSET-3FBDD3C4,2026-05-17,63.97,1.316,77.7,44.6,0
ASSET-3FBDD3C4,2026-05-18,66.08,1.285,84.1,38.6,0
ASSET-3FBDD3C4,2026-05-19,62.52,1.409,96.2,40.0,0
ASSET-3FBDD3C4,2026-05-20,61.44,1.553,87.4,53.5,0
ASSET-3FBDD3C4,2026-05-21,62.52,1.564,77.5,63.6,0
ASSET-3FBDD3C4,2026-05-22,60.93,1.337,80.0,46.7,0
ASSET-3FBDD3C4,2026-05-23,66.14,1.199,77.5,59.2,0
ASSET-3FBDD3C4,2026-05-24,61.74,1.999,82.4,50.8,0
ASSET-3FBDD3C4,2026-05-25,65.51,1.3,84.1,45.8,0
ASSET-3FBDD3C4,2026-05-26,59.4,1.493,86.5,50.6,0
ASSET-3FBDD3C4,2026-05-27,66.31,1.938,79.8,40.1,0
ASSET-3FBDD3C4,2026-05-28,64.91,1.487,79.7,37.6,0
ASSET-3FBDD3C4,2026-05-29,70.0,1.642,87.6,44.8,0
ASSET-3FBDD3C4,2026-05-30,59.32,1.516,87.3,56.9,0
ASSET-3FBDD3C4,2026-05-31,67.7,1.187,81.7,47.0,0
ASSET-3FBDD3C4,2026-06-01,64.13,1.268,81.9,54.7,0
ASSET-3FBDD3C4,2026-06-02,64.57,1.77,77.4,54.8,0
ASSET-3FBDD3C4,2026-06-03,61.02,1.503,79.4,53.0,0
ASSET-3FBDD3C4,2026-06-04,65.26,1.706,71.4,36.6,0
ASSET-3FBDD3C4,2026-06-05,67.15,1.19,80.9,58.4,0
ASSET-3FBDD3C4,2026-06-06,68.02,1.34,83.3,40.3,0
ASSET-3FBDD3C4,2026-06-07,66.76,1.676,70.7,43.4,0
ASSET-3FBDD3C4,2026-06-08,63.68,1.544,91.4,56.3,0
ASSET-3FBDD3C4,2026-06-09,62.11,1.309,73.4,27.7,0
ASSET-3FBDD3C4,2026-06-10,62.65,1.718,82.6,47.8,0
ASSET-3FBDD3C4,2026-06-11,69.27,1.464,80.7,57.8,0
ASSET-3FBDD3C4,2026-06-12,62.41,1.509,78.1,62.0,0
ASSET-3FBDD3C4,2026-06-13,66.37,1.469,74.4,32.7,0
ASSET-3FBDD3C4,2026-06-14,68.61,1.429,81.9,65.8,0
ASSET-3FBDD3C4,2026-06-15,62.57,1.824,85.2,49.9,0
ASSET-3FBDD3C4,2026-06-16,55.03,1.426,68.9,50.8,0
ASSET-3FBDD3C4,2026-06-17,63.92,1.183,82.8,59.9,0
ASSET-3FBDD3C4,2026-06-18,66.19,1.53,81.6,40.9,0
ASSET-3FBDD3C4,2026-06-19,66.92,1.563,78.7,63.4,0
ASSET-3FBDD3C4,2026-06-20,63.62,1.501,76.4,56.7,0
ASSET-3FBDD3C4,2026-06-21,60.53,1.595,82.5,68.5,0
ASSET-3FBDD3C4,2026-06-22,68.06,1.535,75.1,55.3,0
ASSET-3FBDD3C4,2026-06-23,64.36,1.704,78.5,37.0,0
ASSET-3FBDD3C4,2026-06-24,64.66,1.523,71.0,43.9,0
ASSET-3FBDD3C4,2026-06-25,64.54,1.695,79.7,32.8,0
ASSET-3FBDD3C4,2026-06-26,65.52,1.53,74.9,65.5,0
ASSET-3FBDD3C4,2026-06-27,64.41,1.482,75.7,63.0,0
ASSET-3FBDD3C4,2026-06-28,64.64,1.47,82.7,63.3,0
ASSET-3FBDD3C4,2026-06-29,60.1,1.536,73.9,43.1,0
ASSET-3FBDD3C4,2026-06-30,60.84,1.435,79.8,52.7,0
ASSET-3FBDD3C4,2026-07-01,68.13,1.931,84.2,46.7,0
ASSET-3FBDD3C4,2026-07-02,62.49,1.703,80.4,48.6,0
ASSET-3FBDD3C4,2026-07-03,66.29,1.548,77.3,61.6,0
ASSET-3FBDD3C4,2026-07-04,65.01,1.312,87.2,39.0,0
ASSET-3FBDD3C4,2026-07-05,63.97,1.815,72.9,53.9,0
ASSET-3FBDD3C4,2026-07-06,60.25,1.223,85.0,61.1,0
ASSET-3FBDD3C4,2026-07-07,65.36,2.001,79.7,54.9,0
ASSET-3FBDD3C4,2026-07-08,66.58,1.844,75.1,48.5,0
ASSET-3FBDD3C4,2026-07-09,64.45,1.027,77.9,43.1,0
ASSET-3FBDD3C4,2026-07-10,61.88,1.902,77.3,59.5,0
ASSET-3FBDD3C4,2026-07-11,63.08,1.743,81.3,63.6,0
ASSET-3FBDD3C4,2026-07-12,60.2,1.73,83.7,57.3,0
ASSET-3FBDD3C4,2026-07-13,64.42,1.428,80.1,39.3,0
ASSET-3FBDD3C4,2026-07-14,67.03,1.281,74.8,56.1,0
ASSET-3FBDD3C4,2026-07-15,64.88,1.225,82.6,35.7,0
ASSET-3FBDD3C4,2026-07-16,62.48,1.548,79.6,64.0,0
ASSET-3FBDD3C4,2026-07-17,62.07,1.627,79.3,51.2,0
ASSET-3FBDD3C4,2026-07-18,61.05,1.494,86.1,36.2,0
ASSET-3FBDD3C4,2026-07-19,62.9,1.393,82.0,48.4,0
ASSET-3FBDD3C4,2026-07-20,69.05,1.056,87.2,58.2,0
ASSET-3FBDD3C4,2026-07-21,66.1,1.188,82.6,33.3,0
ASSET-3FBDD3C4,2026-07-22,65.07,1.676,83.8,51.7,0
ASSET-3FBDD3C4,2026-07-23,64.62,1.724,85.2,48.2,0
ASSET-3FBDD3C4,2026-07-24,65.61,1.522,79.1,47.3,0
ASSET-3FBDD3C4,2026-07-25,67.54,1.495,82.8,61.9,0
ASSET-3FBDD3C4,2026-07-26,57.14,1.514,85.3,45.1,0
ASSET-3FBDD3C4,2026-07-27,71.75,1.831,76.4,60.7,0
ASSET-3FBDD3C4,2026-07-28,65.73,1.679,72.2,42.2,0
ASSET-3FBDD3C4,2026-07-29,66.56,1.386,68.0,62.9,0
ASSET-3FBDD3C4,2026-07-30,61.94,1.629,84.5,35.5,0
ASSET-3FBDD3C4,2026-07-31,66.94,1.568,82.5,37.1,0
ASSET-3FBDD3C4,2026-08-01,63.43,1.326,75.3,47.7,0
ASSET-3FBDD3C4,2026-08-02,64.68,1.608,80.4,49.1,0
ASSET-3FBDD3C4,2026-08-03,66.1,1.618,80.5,59.4,0
ASSET-3FBDD3C4,2026-08-04,59.76,1.539,85.2,63.2,0
ASSET-3FBDD3C4,2026-08-05,68.98,1.399,81.2,47.1,0
ASSET-3FBDD3C4,2026-08-06,61.35,1.46,76.9,46.1,0
ASSET-3FBDD3C4,2026-08-07,67.09,1.532,85.1,48.6,0
ASSET-3FBDD3C4,2026-08-08,64.63,1.494,80.4,55.1,0
ASSET-3FBDD3C4,2026-08-09,70.36,1.451,84.4,61.0,0
ASSET-3FBDD3C4,2026-08-10,63.1,1.175,78.2,46.0,0
ASSET-3FBDD3C4,2026-08-11,63.76,1.576,74.8,50.0,0
ASSET-3FBDD3C4,2026-08-12,68.19,1.556,74.1,56.3,0
ASSET-3FBDD3C4,2026-08-13,70.87,1.486,72.2,33.7,0
ASSET-3FBDD3C4,2026-08-14,73.18,1.442,78.8,40.2,0
ASSET-3FBDD3C4,2026-08-15,64.14,1.955,83.1,60.1,0
ASSET-3FBDD3C4,2026-08-16,61.91,1.213,79.0,48.1,0
ASSET-3FBDD3C4,2026-08-17,66.53,1.387,77.9,42.6,0
ASSET-3FBDD3C4,2026-08-18,66.43,1.716,75.5,63.4,0
ASSET-3FBDD3C4,2026-08-19,60.45,1.848,82.4,51.7,0
ASSET-3FBDD3C4,2026-08-20,65.03,1.516,84.8,47.5,0
ASSET-3FBDD3C4,2026-08-21,68.39,1.573,80.7,41.3,0
ASSET-3FBDD3C4,2026-08-22,66.55,1.431,72.0,53.8,0
ASSET-3FBDD3C4,2026-08-23,64.68,1.367,80.3,59.7,0
ASSET-3FBDD3C4,2026-08-24,65.07,1.591,83.9,40.9,0
ASSET-3FBDD3C4,2026-08-25,62.74,1.58,74.6,32.7,0
ASSET-3FBDD3C4,2026-08-26,64.46,1.324,83.4,50.1,0
ASSET-3FBDD3C4,2026-08-27,63.17,1.551,79.1,37.8,0
ASSET-3FBDD3C4,2026-08-28,62.96,1.536,74.4,61.9,0
ASSET-3FBDD3C4,2026-08-29,62.03,1.853,79.8,42.5,0
ASSET-3FBDD3C4,2026-08-30,64.27,1.242,85.6,55.1,0
ASSET-3FBDD3C4,2026-08-31,66.8,1.409,74.5,44.1,0
ASSET-3FBDD3C4,2026-09-01,66.9,1.449,78.1,50.9,0
ASSET-3FBDD3C4,2026-09-02,59.93,1.586,75.2,42.7,0
ASSET-3FBDD3C4,2026-09-03,66.09,1.658,86.4,61.8,0
ASSET-3FBDD3C4,2026-09-04,67.91,1.688,81.0,56.6,0
ASSET-3FBDD3C4,2026-09-05,60.01,1.426,71.9,53.0,0
ASSET-3FBDD3C4,2026-09-06,64.33,1.303,79.8,64.8,0
ASSET-3FBDD3C4,2026-09-07,62.14,1.484,75.1,63.4,0
ASSET-3FBDD3C4,2026-09-08,68.94,1.053,86.1,38.8,0
ASSET-3FBDD3C4,2026-09-09,59.31,1.462,74.6,35.9,0
ASSET-3FBDD3C4,2026-09-10,59.72,1.245,76.2,54.1,0
ASSET-3FBDD3C4,2026-09-11,63.07,1.754,77.2,43.1,0
ASSET-3FBDD3C4,2026-09-12,65.78,1.277,81.7,51.4,0
ASSET-3FBDD3C4,2026-09-13,69.3,1.719,90.3,46.2,0
ASSET-3FBDD3C4,2026-09-14,66.82,1.637,77.4,59.5,0
ASSET-3FBDD3C4,2026-09-15,59.57,1.682,86.0,29.7,0
ASSET-7FD52F8C,2026-03-20,62.56,1.698,86.8,57.6,0
ASSET-7FD52F8C,2026-03-21,65.21,1.239,80.4,61.1,0
ASSET-7FD52F8C,2026-03-22,62.26,1.551,68.6,49.7,0
ASSET-7FD52F8C,2026-03-23,68.03,1.675,65.4,41.6,0
ASSET-7FD52F8C,2026-03-24,65.09,1.714,81.3,45.9,0
ASSET-7FD52F8C,2026-03-25,71.05,1.554,71.8,38.7,0
ASSET-7FD52F8C,2026-03-26,64.89,1.76,79.2,43.7,0
ASSET-7FD52F8C,2026-03-27,65.25,1.503,80.0,44.9,0
ASSET-7FD52F8C,2026-03-28,64.39,1.849,77.4,43.9,0
ASSET-7FD52F8C,2026-03-29,58.69,1.664,73.7,56.1,0
ASSET-7FD52F8C,2026-03-30,67.13,1.48,87.3,54.8,0
ASSET-7FD52F8C,2026-03-31,67.6,1.304,83.5,57.7,0
ASSET-7FD52F8C,2026-04-01,70.41,1.606,74.2,48.9,0
ASSET-7FD52F8C,2026-04-02,65.6,1.406,79.5,42.7,0
ASSET-7FD52F8C,2026-04-03,65.27,1.68,76.7,55.3,0
ASSET-7FD52F8C,2026-04-04,68.27,1.633,86.3,33.8,0
ASSET-7FD52F8C,2026-04-05,69.15,1.28,81.5,49.5,0
ASSET-7FD52F8C,2026-04-06,68.2,1.867,82.0,33.9,0
ASSET-7FD52F8C,2026-04-07,62.0,1.457,82.7,45.5,0
ASSET-7FD52F8C,2026-04-08,68.52,1.406,78.7,56.3,0
ASSET-7FD52F8C,2026-04-09,69.45,1.622,86.5,47.2,0
ASSET-7FD52F8C,2026-04-10,63.67,1.509,80.3,50.1,0
ASSET-7FD52F8C,2026-04-11,62.46,1.276,81.9,56.5,0
ASSET-7FD52F8C,2026-04-12,65.9,1.759,78.3,67.8,0
ASSET-7FD52F8C,2026-04-13,62.67,1.535,80.3,33.8,0
ASSET-7FD52F8C,2026-04-14,66.34,1.242,79.6,70.4,0
ASSET-7FD52F8C,2026-04-15,65.07,1.534,81.4,44.3,0
ASSET-7FD52F8C,2026-04-16,64.78,1.429,83.7,58.3,0
ASSET-7FD52F8C,2026-04-17,65.4,1.258,74.8,43.0,0
ASSET-7FD52F8C,2026-04-18,61.16,1.359,77.5,64.1,0
ASSET-7FD52F8C,2026-04-19,67.21,1.203,79.6,55.6,0
ASSET-7FD52F8C,2026-04-20,67.81,1.313,80.7,66.5,0
ASSET-7FD52F8C,2026-04-21,65.8,1.791,81.9,61.2,0
ASSET-7FD52F8C,2026-04-22,63.74,1.335,76.1,59.3,0
ASSET-7FD52F8C,2026-04-23,62.6,1.155,76.8,50.8,0
ASSET-7FD52F8C,2026-04-24,63.83,1.647,84.8,68.3,0
ASSET-7FD52F8C,2026-04-25,64.74,1.412,81.0,52.8,0
ASSET-7FD52F8C,2026-04-26,67.23,0.987,81.8,54.1,0
ASSET-7FD52F8C,2026-04-27,62.24,1.641,75.6,66.4,0
ASSET-7FD52F8C,2026-04-28,63.83,1.402,73.4,37.5,0
ASSET-7FD52F8C,2026-04-29,68.42,1.509,70.7,55.3,0
ASSET-7FD52F8C,2026-04-30,61.34,1.593,68.5,46.2,0
ASSET-7FD52F8C,2026-05-01,59.86,1.249,77.3,68.5,0
ASSET-7FD52F8C,2026-05-02,62.21,1.554,76.7,49.8,0
ASSET-7FD52F8C,2026-05-03,67.89,1.643,77.8,44.8,0
ASSET-7FD52F8C,2026-05-04,63.51,1.454,77.8,46.9,0
ASSET-7FD52F8C,2026-05-05,67.24,1.446,77.5,65.8,0
ASSET-7FD52F8C,2026-05-06,63.37,1.514,75.9,51.0,0
ASSET-7FD52F8C,2026-05-07,65.44,1.525,80.4,46.4,0
ASSET-7FD52F8C,2026-05-08,67.79,1.074,73.8,52.7,0
ASSET-7FD52F8C,2026-05-09,68.33,1.608,79.0,51.6,0
ASSET-7FD52F8C,2026-05-10,64.38,1.102,72.5,52.5,0
ASSET-7FD52F8C,2026-05-11,68.29,1.904,76.6,54.3,0
ASSET-7FD52F8C,2026-05-12,65.79,1.449,85.3,61.5,0
ASSET-7FD52F8C,2026-05-13,61.97,1.694,90.3,60.3,0
ASSET-7FD52F8C,2026-05-14,68.04,1.731,90.4,64.7,0
ASSET-7FD52F8C,2026-05-15,63.19,1.082,81.2,57.6,0
ASSET-7FD52F8C,2026-05-16,66.9,1.496,79.1,46.7,0
ASSET-7FD52F8C,2026-05-17,65.95,1.351,82.7,46.5,0
ASSET-7FD52F8C,2026-05-18,67.08,1.509,82.7,55.0,0
ASSET-7FD52F8C,2026-05-19,63.33,1.503,63.5,68.9,0
ASSET-7FD52F8C,2026-05-20,69.14,1.522,79.1,37.7,0
ASSET-7FD52F8C,2026-05-21,66.9,1.439,85.3,39.5,0
ASSET-7FD52F8C,2026-05-22,64.72,1.702,86.3,43.6,0
ASSET-7FD52F8C,2026-05-23,66.21,1.316,78.8,82.1,0
ASSET-7FD52F8C,2026-05-24,64.6,1.715,79.5,51.0,0
ASSET-7FD52F8C,2026-05-25,69.06,1.68,81.4,50.5,0
ASSET-7FD52F8C,2026-05-26,65.75,1.856,78.5,47.7,0
ASSET-7FD52F8C,2026-05-27,56.58,1.254,76.7,37.0,0
ASSET-7FD52F8C,2026-05-28,65.59,1.298,82.9,60.3,0
ASSET-7FD52F8C,2026-05-29,63.59,1.73,78.2,47.6,0
ASSET-7FD52F8C,2026-05-30,68.75,1.537,84.3,57.4,0
ASSET-7FD52F8C,2026-05-31,61.16,1.25,82.9,44.2,0
ASSET-7FD52F8C,2026-06-01,65.89,1.536,82.1,29.3,0
ASSET-7FD52F8C,2026-06-02,65.47,1.458,75.5,58.1,0
ASSET-7FD52F8C,2026-06-03,69.66,1.625,82.3,58.0,0
ASSET-7FD52F8C,2026-06-04,64.12,1.625,81.4,42.2,0
ASSET-7FD52F8C,2026-06-05,66.69,1.664,84.0,70.7,0
ASSET-7FD52F8C,2026-06-06,67.18,1.172,79.0,60.0,0
ASSET-7FD52F8C,2026-06-07,60.09,1.626,90.7,50.7,0
ASSET-7FD52F8C,2026-06-08,63.99,1.151,88.0,35.3,0
ASSET-7FD52F8C,2026-06-09,65.65,1.578,75.4,49.6,0
ASSET-7FD52F8C,2026-06-10,62.2,0.988,77.6,49.2,0
ASSET-7FD52F8C,2026-06-11,62.93,1.741,78.0,59.1,0
ASSET-7FD52F8C,2026-06-12,64.74,1.451,75.2,47.5,0
ASSET-7FD52F8C,2026-06-13,66.33,1.702,88.1,59.4,0
ASSET-7FD52F8C,2026-06-14,63.25,1.715,79.2,71.1,0
ASSET-7FD52F8C,2026-06-15,63.25,1.427,83.6,45.8,0
ASSET-7FD52F8C,2026-06-16,64.27,1.513,86.9,30.4,0
ASSET-7FD52F8C,2026-06-17,65.2,1.512,81.0,60.7,0
ASSET-7FD52F8C,2026-06-18,65.21,1.597,85.0,49.2,0
ASSET-7FD52F8C,2026-06-19,59.82,1.712,74.7,65.4,0
ASSET-7FD52F8C,2026-06-20,64.92,1.543,75.4,41.8,0
ASSET-7FD52F8C,2026-06-21,65.75,1.246,79.8,49.4,0
ASSET-7FD52F8C,2026-06-22,60.06,1.549,80.4,68.1,0
ASSET-7FD52F8C,2026-06-23,62.78,1.659,84.2,51.7,0
ASSET-7FD52F8C,2026-06-24,65.42,1.487,76.2,33.1,0
ASSET-7FD52F8C,2026-06-25,62.06,1.184,76.0,66.3,0
ASSET-7FD52F8C,2026-06-26,65.02,1.656,86.5,35.5,0
ASSET-7FD52F8C,2026-06-27,69.76,1.606,75.4,41.7,0
ASSET-7FD52F8C,2026-06-28,61.24,1.775,76.4,49.5,0
ASSET-7FD52F8C,2026-06-29,67.99,1.591,77.0,43.2,0
ASSET-7FD52F8C,2026-06-30,69.18,1.451,89.4,58.8,0
ASSET-7FD52F8C,2026-07-01,60.33,1.825,66.6,38.6,0
ASSET-7FD52F8C,2026-07-02,69.85,1.781,78.8,50.5,0
ASSET-7FD52F8C,2026-07-03,61.04,1.661,75.9,43.1,0
ASSET-7FD52F8C,2026-07-04,63.82,1.79,71.4,56.5,0
ASSET-7FD52F8C,2026-07-05,66.3,1.11,81.8,71.3,0
ASSET-7FD52F8C,2026-07-06,63.52,1.895,79.9,45.4,0
ASSET-7FD52F8C,2026-07-07,62.93,1.531,82.2,57.0,0
ASSET-7FD52F8C,2026-07-08,62.25,1.383,86.6,31.0,0
ASSET-7FD52F8C,2026-07-09,61.11,1.731,88.0,61.0,0
ASSET-7FD52F8C,2026-07-10,63.03,1.69,79.0,49.9,0
ASSET-7FD52F8C,2026-07-11,68.18,1.679,82.7,57.4,0
ASSET-7FD52F8C,2026-07-12,64.69,1.361,77.9,54.9,0
ASSET-7FD52F8C,2026-07-13,68.37,1.379,82.2,50.2,0
ASSET-7FD52F8C,2026-07-14,66.23,1.515,87.9,44.1,0
ASSET-7FD52F8C,2026-07-15,61.93,1.4,79.7,56.3,0
ASSET-7FD52F8C,2026-07-16,67.68,1.343,75.3,29.4,0
ASSET-7FD52F8C,2026-07-17,67.42,1.501,75.7,46.7,0
ASSET-7FD52F8C,2026-07-18,68.59,1.982,78.4,70.8,0
ASSET-7FD52F8C,2026-07-19,64.62,1.385,82.3,51.7,0
ASSET-7FD52F8C,2026-07-20,59.73,1.206,75.9,44.5,0
ASSET-7FD52F8C,2026-07-21,61.78,1.624,76.6,51.3,0
ASSET-7FD52F8C,2026-07-22,64.2,1.829,82.7,54.3,0
ASSET-7FD52F8C,2026-07-23,67.59,1.13,73.7,59.5,0
ASSET-7FD52F8C,2026-07-24,68.38,1.763,81.6,73.7,0
ASSET-7FD52F8C,2026-07-25,65.93,1.404,75.6,69.5,0
ASSET-7FD52F8C,2026-07-26,62.83,1.795,76.0,46.1,0
ASSET-7FD52F8C,2026-07-27,66.61,1.663,76.3,51.7,0
ASSET-7FD52F8C,2026-07-28,67.02,1.573,68.4,50.6,0
ASSET-7FD52F8C,2026-07-29,65.08,1.518,78.9,38.0,0
ASSET-7FD52F8C,2026-07-30,65.27,1.532,79.1,38.2,0
ASSET-7FD52F8C,2026-07-31,64.48,1.534,81.9,61.2,0
ASSET-7FD52F8C,2026-08-01,62.28,1.298,76.1,59.9,0
ASSET-7FD52F8C,2026-08-02,68.11,1.481,80.4,59.5,0
ASSET-7FD52F8C,2026-08-03,67.79,1.603,86.2,36.9,0
ASSET-7FD52F8C,2026-08-04,71.78,1.976,78.5,47.0,0
ASSET-7FD52F8C,2026-08-05,59.63,1.351,89.7,47.7,0
ASSET-7FD52F8C,2026-08-06,62.03,1.239,74.8,49.2,0
ASSET-7FD52F8C,2026-08-07,63.19,1.415,83.1,38.3,0
ASSET-7FD52F8C,2026-08-08,65.52,1.835,87.7,64.4,0
ASSET-7FD52F8C,2026-08-09,60.78,1.186,74.9,33.5,0
ASSET-7FD52F8C,2026-08-10,68.26,1.59,84.4,49.4,0
ASSET-7FD52F8C,2026-08-11,60.91,1.428,79.5,62.9,0
ASSET-7FD52F8C,2026-08-12,65.78,1.003,73.7,62.8,0
ASSET-7FD52F8C,2026-08-13,62.67,1.471,84.5,57.7,0
ASSET-7FD52F8C,2026-08-14,70.65,1.464,86.5,45.4,0
ASSET-7FD52F8C,2026-08-15,66.71,1.342,85.7,58.3,0
ASSET-7FD52F8C,2026-08-16,66.47,1.246,78.3,47.3,0
ASSET-7FD52F8C,2026-08-17,67.83,1.78,75.5,43.8,0
ASSET-7FD52F8C,2026-08-18,68.95,1.333,75.3,47.2,0
ASSET-7FD52F8C,2026-08-19,64.76,1.351,77.0,35.6,0
ASSET-7FD52F8C,2026-08-20,66.32,1.786,81.6,54.3,0
ASSET-7FD52F8C,2026-08-21,61.13,1.397,78.1,38.7,0
ASSET-7FD52F8C,2026-08-22,71.67,1.333,88.0,68.6,0
ASSET-7FD52F8C,2026-08-23,66.15,1.72,91.7,56.6,0
ASSET-7FD52F8C,2026-08-24,70.72,1.53,83.5,40.6,0
ASSET-7FD52F8C,2026-08-25,69.16,1.285,81.4,29.4,0
ASSET-7FD52F8C,2026-08-26,63.92,1.631,77.3,37.4,0
ASSET-7FD52F8C,2026-08-27,65.04,1.024,82.2,51.9,0
ASSET-7FD52F8C,2026-08-28,65.66,1.557,83.2,52.0,0
ASSET-7FD52F8C,2026-08-29,60.8,1.578,77.6,33.8,0
ASSET-7FD52F8C,2026-08-30,66.94,1.287,82.4,47.2,0
ASSET-7FD52F8C,2026-08-31,60.89,1.179,72.6,48.1,0
ASSET-7FD52F8C,2026-09-01,60.77,1.359,73.3,55.8,0
ASSET-7FD52F8C,2026-09-02,61.01,1.694,71.7,57.3,0
ASSET-7FD52F8C,2026-09-03,61.43,1.371,72.0,37.6,0
ASSET-7FD52F8C,2026-09-04,64.2,1.669,85.6,67.7,0
ASSET-7FD52F8C,2026-09-05,63.69,1.837,73.5,61.6,0
ASSET-7FD52F8C,2026-09-06,63.72,1.677,73.0,51.1,0
ASSET-7FD52F8C,2026-09-07,59.97,1.303,79.1,69.2,0
ASSET-7FD52F8C,2026-09-08,63.81,1.507,83.9,52.6,0
ASSET-7FD52F8C,2026-09-09,70.9,1.686,82.1,50.3,0
ASSET-7FD52F8C,2026-09-10,61.72,1.679,83.0,42.3,0
ASSET-7FD52F8C,2026-09-11,64.89,1.288,73.6,45.5,0
ASSET-7FD52F8C,2026-09-12,65.78,1.991,71.0,53.2,0
ASSET-7FD52F8C,2026-09-13,63.69,1.506,78.3,60.4,0
ASSET-7FD52F8C,2026-09-14,64.85,0.941,78.7,44.7,0
ASSET-7FD52F8C,2026-09-15,66.78,1.683,71.4,51.2,0
ASSET-C7336A8D,2026-03-20,65.42,1.434,77.3,39.9,0
ASSET-C7336A8D,2026-03-21,58.83,1.685,88.6,65.6,0
ASSET-C7336A8D,2026-03-22,67.38,1.187,75.3,48.8,0
ASSET-C7336A8D,2026-03-23,66.02,1.559,76.1,49.3,0
ASSET-C7336A8D,2026-03-24,65.68,1.645,82.4,39.8,0
ASSET-C7336A8D,2026-03-25,62.82,1.34,76.9,57.6,0
ASSET-C7336A8D,2026-03-26,64.44,1.378,84.8,49.6,0
ASSET-C7336A8D,2026-03-27,66.12,1.116,76.2,61.5,0
ASSET-C7336A8D,2026-03-28,69.27,1.309,86.2,56.8,0
ASSET-C7336A8D,2026-03-29,64.57,1.381,81.6,62.0,0
ASSET-C7336A8D,2026-03-30,66.99,1.227,74.5,31.8,0
ASSET-C7336A8D,2026-03-31,61.31,1.526,80.0,44.7,0
ASSET-C7336A8D,2026-04-01,63.91,1.627,78.7,52.6,0
ASSET-C7336A8D,2026-04-02,72.61,1.608,74.1,49.9,0
ASSET-C7336A8D,2026-04-03,62.41,1.294,71.4,55.4,0
ASSET-C7336A8D,2026-04-04,66.91,1.418,73.9,59.9,0
ASSET-C7336A8D,2026-04-05,66.52,1.523,78.8,57.9,0
ASSET-C7336A8D,2026-04-06,64.42,1.327,83.1,37.4,0
ASSET-C7336A8D,2026-04-07,61.62,1.591,71.6,55.9,0
ASSET-C7336A8D,2026-04-08,69.23,0.867,73.6,56.1,0
ASSET-C7336A8D,2026-04-09,64.68,1.477,73.8,54.4,0
ASSET-C7336A8D,2026-04-10,66.22,1.247,83.7,34.1,0
ASSET-C7336A8D,2026-04-11,70.31,1.543,87.3,59.3,0
ASSET-C7336A8D,2026-04-12,69.82,1.821,82.6,37.4,0
ASSET-C7336A8D,2026-04-13,62.83,1.492,76.1,38.6,0
ASSET-C7336A8D,2026-04-14,63.59,1.542,80.4,59.6,0
ASSET-C7336A8D,2026-04-15,60.12,1.689,72.5,60.3,0
ASSET-C7336A8D,2026-04-16,62.15,1.537,83.7,44.1,0
ASSET-C7336A8D,2026-04-17,64.86,1.579,75.8,79.0,0
ASSET-C7336A8D,2026-04-18,69.78,1.523,72.1,55.5,0
ASSET-C7336A8D,2026-04-19,59.2,1.316,85.8,41.1,0
ASSET-C7336A8D,2026-04-20,64.01,1.674,65.8,52.9,0
ASSET-C7336A8D,2026-04-21,69.23,1.5,66.4,37.1,0
ASSET-C7336A8D,2026-04-22,69.18,1.166,87.7,37.1,0
ASSET-C7336A8D,2026-04-23,64.56,1.147,83.6,46.2,0
ASSET-C7336A8D,2026-04-24,65.46,1.471,79.7,50.8,0
ASSET-C7336A8D,2026-04-25,67.84,1.604,72.5,41.9,0
ASSET-C7336A8D,2026-04-26,67.36,1.563,75.9,58.7,0
ASSET-C7336A8D,2026-04-27,66.7,1.42,73.4,54.1,0
ASSET-C7336A8D,2026-04-28,60.95,1.304,77.6,40.6,0
ASSET-C7336A8D,2026-04-29,65.8,1.453,81.5,39.9,0
ASSET-C7336A8D,2026-04-30,67.16,1.58,78.4,51.2,0
ASSET-C7336A8D,2026-05-01,62.91,1.554,80.6,59.1,0
ASSET-C7336A8D,2026-05-02,65.53,1.726,74.7,68.2,0
ASSET-C7336A8D,2026-05-03,62.16,1.588,81.6,39.9,0
ASSET-C7336A8D,2026-05-04,64.59,1.632,73.0,50.4,0
ASSET-C7336A8D,2026-05-05,65.74,1.581,79.3,52.0,0
ASSET-C7336A8D,2026-05-06,62.97,1.404,75.3,60.0,0
ASSET-C7336A8D,2026-05-07,65.66,1.679,73.2,56.1,0
ASSET-C7336A8D,2026-05-08,63.17,1.565,84.2,65.3,0
ASSET-C7336A8D,2026-05-09,66.63,1.314,75.0,41.8,0
ASSET-C7336A8D,2026-05-10,68.46,1.498,79.9,49.5,0
ASSET-C7336A8D,2026-05-11,70.77,1.342,84.0,47.2,0
ASSET-C7336A8D,2026-05-12,60.58,1.858,77.9,60.5,0
ASSET-C7336A8D,2026-05-13,71.36,1.461,85.5,56.9,0
ASSET-C7336A8D,2026-05-14,68.32,1.462,85.4,45.1,0
ASSET-C7336A8D,2026-05-15,63.81,1.668,95.6,61.9,0
ASSET-C7336A8D,2026-05-16,63.03,1.428,75.5,58.0,0
ASSET-C7336A8D,2026-05-17,65.57,1.465,77.0,62.7,0
ASSET-C7336A8D,2026-05-18,64.98,1.233,89.5,39.4,0
ASSET-C7336A8D,2026-05-19,61.99,1.307,84.3,63.6,0
ASSET-C7336A8D,2026-05-20,64.64,1.928,78.8,40.0,0
ASSET-C7336A8D,2026-05-21,66.18,1.72,76.3,62.0,0
ASSET-C7336A8D,2026-05-22,67.45,1.597,80.6,48.4,0
ASSET-C7336A8D,2026-05-23,60.1,1.605,84.1,32.9,0
ASSET-C7336A8D,2026-05-24,63.46,1.148,75.1,50.1,0
ASSET-C7336A8D,2026-05-25,65.0,1.613,78.0,29.2,0
ASSET-C7336A8D,2026-05-26,70.12,1.556,79.9,34.2,0
ASSET-C7336A8D,2026-05-27,70.76,1.774,80.8,50.2,0
ASSET-C7336A8D,2026-05-28,63.99,1.33,73.9,66.9,0
ASSET-C7336A8D,2026-05-29,64.91,1.055,81.8,48.3,0
ASSET-C7336A8D,2026-05-30,68.67,1.653,84.9,47.7,0
ASSET-C7336A8D,2026-05-31,63.94,1.698,84.0,49.7,0
ASSET-C7336A8D,2026-06-01,63.54,1.31,82.8,52.3,0
ASSET-C7336A8D,2026-06-02,64.98,1.852,93.5,56.0,0
ASSET-C7336A8D,2026-06-03,63.85,1.58,77.8,46.0,0
ASSET-C7336A8D,2026-06-04,62.96,1.431,84.8,61.0,0
ASSET-C7336A8D,2026-06-05,66.19,1.495,84.2,41.3,0
ASSET-C7336A8D,2026-06-06,66.44,1.785,70.6,76.3,0
ASSET-C7336A8D,2026-06-07,60.12,1.222,80.5,43.0,0
ASSET-C7336A8D,2026-06-08,62.54,1.31,77.4,42.9,0
ASSET-C7336A8D,2026-06-09,65.51,1.18,77.5,58.0,0
ASSET-C7336A8D,2026-06-10,63.68,1.675,81.5,37.1,0
ASSET-C7336A8D,2026-06-11,67.84,1.623,88.5,44.7,0
ASSET-C7336A8D,2026-06-12,69.34,1.177,78.8,40.2,0
ASSET-C7336A8D,2026-06-13,66.39,1.857,84.0,47.4,0
ASSET-C7336A8D,2026-06-14,65.28,1.627,82.9,55.2,0
ASSET-C7336A8D,2026-06-15,67.27,1.557,85.6,42.1,0
ASSET-C7336A8D,2026-06-16,60.6,1.824,84.4,47.0,0
ASSET-C7336A8D,2026-06-17,68.76,1.431,76.5,58.8,0
ASSET-C7336A8D,2026-06-18,71.2,1.7,85.4,58.4,0
ASSET-C7336A8D,2026-06-19,56.74,1.734,78.8,61.3,0
ASSET-C7336A8D,2026-06-20,65.19,1.657,81.0,52.7,0
ASSET-C7336A8D,2026-06-21,66.61,1.383,80.9,47.9,0
ASSET-C7336A8D,2026-06-22,66.43,1.383,84.3,60.4,0
ASSET-C7336A8D,2026-06-23,64.35,1.674,86.8,55.9,0
ASSET-C7336A8D,2026-06-24,60.94,1.584,85.5,52.5,0
ASSET-C7336A8D,2026-06-25,68.86,1.607,72.3,44.5,0
ASSET-C7336A8D,2026-06-26,70.28,1.351,84.3,33.9,0
ASSET-C7336A8D,2026-06-27,65.59,2.08,90.5,41.0,0
ASSET-C7336A8D,2026-06-28,66.43,1.714,73.6,50.0,0
ASSET-C7336A8D,2026-06-29,59.44,1.482,69.7,44.8,0
ASSET-C7336A8D,2026-06-30,64.04,1.48,84.0,54.5,0
ASSET-C7336A8D,2026-07-01,71.01,1.444,79.7,47.6,0
ASSET-C7336A8D,2026-07-02,70.51,1.855,74.0,49.9,0
ASSET-C7336A8D,2026-07-03,67.48,1.701,76.3,42.3,0
ASSET-C7336A8D,2026-07-04,60.5,1.404,73.0,38.6,0
ASSET-C7336A8D,2026-07-05,60.92,1.858,82.7,58.1,0
ASSET-C7336A8D,2026-07-06,69.73,1.61,84.0,43.5,0
ASSET-C7336A8D,2026-07-07,68.89,1.532,74.5,57.5,0
ASSET-C7336A8D,2026-07-08,63.17,1.201,75.9,53.2,0
ASSET-C7336A8D,2026-07-09,66.24,1.784,83.1,41.2,0
ASSET-C7336A8D,2026-07-10,65.6,1.045,78.5,38.3,0
ASSET-C7336A8D,2026-07-11,68.11,1.624,77.0,41.8,0
ASSET-C7336A8D,2026-07-12,60.16,1.614,74.2,46.7,0
ASSET-C7336A8D,2026-07-13,67.43,1.974,78.2,39.6,0
ASSET-C7336A8D,2026-07-14,63.69,1.46,76.7,54.4,0
ASSET-C7336A8D,2026-07-15,62.46,1.7,70.6,40.6,0
ASSET-C7336A8D,2026-07-16,64.45,1.723,79.4,48.1,0
ASSET-C7336A8D,2026-07-17,64.95,2.242,77.0,50.9,0
ASSET-C7336A8D,2026-07-18,62.03,1.655,80.8,58.7,0
ASSET-C7336A8D,2026-07-19,67.42,1.493,79.6,47.6,0
ASSET-C7336A8D,2026-07-20,64.06,1.747,64.8,58.9,0
ASSET-C7336A8D,2026-07-21,65.66,1.235,81.8,46.4,0
ASSET-C7336A8D,2026-07-22,64.79,1.639,75.7,36.1,0
ASSET-C7336A8D,2026-07-23,69.61,1.064,74.5,51.3,0
ASSET-C7336A8D,2026-07-24,64.96,1.727,84.4,40.7,0
ASSET-C7336A8D,2026-07-25,62.28,1.575,79.7,64.1,0
ASSET-C7336A8D,2026-07-26,66.48,2.192,77.1,49.2,0
ASSET-C7336A8D,2026-07-27,65.22,1.281,84.2,44.9,0
ASSET-C7336A8D,2026-07-28,61.83,1.513,85.1,56.5,0
ASSET-C7336A8D,2026-07-29,63.66,1.086,81.1,37.0,0
ASSET-C7336A8D,2026-07-30,62.76,1.378,79.9,44.4,0
ASSET-C7336A8D,2026-07-31,62.81,1.631,79.0,29.7,0
ASSET-C7336A8D,2026-08-01,67.28,1.272,76.7,59.4,0
ASSET-C7336A8D,2026-08-02,58.36,1.376,76.1,54.4,0
ASSET-C7336A8D,2026-08-03,65.78,1.741,79.7,52.4,0
ASSET-C7336A8D,2026-08-04,66.71,1.613,76.3,52.4,0
ASSET-C7336A8D,2026-08-05,67.62,1.538,84.3,44.0,0
ASSET-C7336A8D,2026-08-06,60.83,1.305,81.0,51.0,0
ASSET-C7336A8D,2026-08-07,65.21,1.658,82.8,30.5,0
ASSET-C7336A8D,2026-08-08,66.32,1.295,81.3,46.1,0
ASSET-C7336A8D,2026-08-09,66.18,1.855,87.0,46.7,0
ASSET-C7336A8D,2026-08-10,67.48,1.886,78.6,51.3,0
ASSET-C7336A8D,2026-08-11,70.9,1.545,76.7,57.5,0
ASSET-C7336A8D,2026-08-12,62.77,1.509,80.0,54.0,0
ASSET-C7336A8D,2026-08-13,60.84,1.519,75.9,45.0,0
ASSET-C7336A8D,2026-08-14,64.68,1.462,84.5,65.9,0
ASSET-C7336A8D,2026-08-15,65.92,1.381,76.6,50.3,0
ASSET-C7336A8D,2026-08-16,63.32,1.407,79.3,61.8,0
ASSET-C7336A8D,2026-08-17,66.07,1.69,85.4,34.1,0
ASSET-C7336A8D,2026-08-18,67.37,1.414,80.2,28.7,0
ASSET-C7336A8D,2026-08-19,65.21,1.685,81.5,42.6,0
ASSET-C7336A8D,2026-08-20,64.31,1.524,75.8,43.2,0
ASSET-C7336A8D,2026-08-21,61.8,1.289,82.9,42.9,0
ASSET-C7336A8D,2026-08-22,69.79,1.499,77.2,44.7,0
ASSET-C7336A8D,2026-08-23,57.26,1.482,74.1,44.0,0
ASSET-C7336A8D,2026-08-24,64.07,1.32,75.3,34.7,0
ASSET-C7336A8D,2026-08-25,65.04,1.707,82.8,27.3,0
ASSET-C7336A8D,2026-08-26,61.35,1.451,78.3,55.2,0
ASSET-C7336A8D,2026-08-27,64.0,1.153,80.7,27.8,0
ASSET-C7336A8D,2026-08-28,60.6,1.61,79.4,34.8,0
ASSET-C7336A8D,2026-08-29,61.57,1.518,65.3,34.2,0
ASSET-C7336A8D,2026-08-30,68.51,1.588,78.6,52.0,0
ASSET-C7336A8D,2026-08-31,59.04,1.334,85.2,36.7,0
ASSET-C7336A8D,2026-09-01,71.89,1.493,87.3,51.1,0
ASSET-C7336A8D,2026-09-02,71.12,1.316,81.8,48.0,0
ASSET-C7336A8D,2026-09-03,66.41,1.538,80.7,36.6,0
ASSET-C7336A8D,2026-09-04,65.32,1.785,77.8,60.4,0
ASSET-C7336A8D,2026-09-05,61.82,1.415,71.1,45.3,0
ASSET-C7336A8D,2026-09-06,65.27,1.559,80.4,44.1,0
ASSET-C7336A8D,2026-09-07,64.9,1.361,70.8,32.7,0
ASSET-C7336A8D,2026-09-08,63.27,1.527,86.6,56.5,0
ASSET-C7336A8D,2026-09-09,61.3,1.314,79.3,42.1,0
ASSET-C7336A8D,2026-09-10,62.12,1.285,83.8,58.9,0
ASSET-C7336A8D,2026-09-11,68.74,1.392,81.1,50.3,0
ASSET-C7336A8D,2026-09-12,63.51,1.582,79.6,34.5,0
ASSET-C7336A8D,2026-09-13,66.87,1.327,86.5,44.5,0
ASSET-C7336A8D,2026-09-14,64.51,1.444,71.6,63.7,0
ASSET-C7336A8D,2026-09-15,64.65,1.491,79.6,41.6,0
ASSET-D448F521,2026-03-20,61.22,1.46,77.2,53.7,0
ASSET-D448F521,2026-03-21,59.54,1.57,78.0,38.4,0
ASSET-D448F521,2026-03-22,66.02,1.56,82.0,61.3,0
ASSET-D448F521,2026-03-23,63.03,1.619,77.2,52.6,0
ASSET-D448F521,2026-03-24,65.11,1.753,77.3,40.2,0
ASSET-D448F521,2026-03-25,62.23,1.646,78.8,44.2,0
ASSET-D448F521,2026-03-26,60.9,1.733,76.4,48.9,0
ASSET-D448F521,2026-03-27,62.46,1.46,77.4,55.3,0
ASSET-D448F521,2026-03-28,66.38,1.403,74.8,46.8,0
ASSET-D448F521,2026-03-29,60.97,1.495,85.4,45.7,0
ASSET-D448F521,2026-03-30,65.62,1.745,77.6,40.1,0
ASSET-D448F521,2026-03-31,63.9,1.48,77.5,38.5,0
ASSET-D448F521,2026-04-01,67.14,1.501,81.6,42.9,0
ASSET-D448F521,2026-04-02,65.29,1.366,80.5,44.0,0
ASSET-D448F521,2026-04-03,61.27,1.5,78.2,48.5,0
ASSET-D448F521,2026-04-04,67.88,1.463,81.9,51.8,0
ASSET-D448F521,2026-04-05,62.62,1.573,77.9,53.7,0
ASSET-D448F521,2026-04-06,62.11,1.535,83.5,44.2,0
ASSET-D448F521,2026-04-07,63.37,1.615,79.6,59.0,0
ASSET-D448F521,2026-04-08,63.22,1.656,84.4,50.4,0
ASSET-D448F521,2026-04-09,65.76,1.575,84.5,61.0,0
ASSET-D448F521,2026-04-10,61.93,1.497,81.3,42.9,0
ASSET-D448F521,2026-04-11,64.87,1.229,73.2,42.5,0
ASSET-D448F521,2026-04-12,63.0,1.737,81.9,49.6,0
ASSET-D448F521,2026-04-13,63.57,1.516,76.8,25.3,0
ASSET-D448F521,2026-04-14,66.94,1.427,69.5,36.0,0
ASSET-D448F521,2026-04-15,66.35,1.579,76.7,51.7,0
ASSET-D448F521,2026-04-16,66.47,1.564,70.2,65.1,0
ASSET-D448F521,2026-04-17,68.15,1.534,75.1,66.2,0
ASSET-D448F521,2026-04-18,61.41,1.339,80.6,35.5,0
ASSET-D448F521,2026-04-19,63.16,1.58,81.7,35.9,0
ASSET-D448F521,2026-04-20,69.03,1.494,72.9,42.0,0
ASSET-D448F521,2026-04-21,63.86,1.246,72.1,45.2,0
ASSET-D448F521,2026-04-22,64.23,1.577,77.8,46.4,0
ASSET-D448F521,2026-04-23,60.9,1.214,90.7,32.2,0
ASSET-D448F521,2026-04-24,64.58,1.523,76.4,39.6,0
ASSET-D448F521,2026-04-25,63.62,1.43,74.8,53.1,0
ASSET-D448F521,2026-04-26,58.59,1.62,78.5,38.2,0
ASSET-D448F521,2026-04-27,69.2,1.384,79.6,42.6,0
ASSET-D448F521,2026-04-28,66.04,1.285,75.7,46.3,0
ASSET-D448F521,2026-04-29,64.94,1.267,68.6,58.6,0
ASSET-D448F521,2026-04-30,62.35,1.461,89.0,52.8,0
ASSET-D448F521,2026-05-01,59.54,1.876,74.8,46.3,0
ASSET-D448F521,2026-05-02,63.75,1.747,76.0,51.3,0
ASSET-D448F521,2026-05-03,61.29,1.747,86.2,49.4,0
ASSET-D448F521,2026-05-04,65.59,1.258,82.0,58.3,0
ASSET-D448F521,2026-05-05,67.67,1.261,75.9,45.7,0
ASSET-D448F521,2026-05-06,68.23,1.161,79.8,46.2,0
ASSET-D448F521,2026-05-07,64.47,1.468,81.2,54.8,0
ASSET-D448F521,2026-05-08,67.31,1.676,80.5,43.8,0
ASSET-D448F521,2026-05-09,64.83,1.305,87.0,40.9,0
ASSET-D448F521,2026-05-10,71.0,1.397,83.3,64.8,0
ASSET-D448F521,2026-05-11,68.95,1.655,81.7,53.5,0
ASSET-D448F521,2026-05-12,67.37,1.8,69.4,56.4,0
ASSET-D448F521,2026-05-13,64.86,1.472,78.7,50.2,0
ASSET-D448F521,2026-05-14,66.12,1.74,75.7,59.0,0
ASSET-D448F521,2026-05-15,61.92,1.635,83.3,45.8,0
ASSET-D448F521,2026-05-16,64.85,1.652,76.2,59.2,0
ASSET-D448F521,2026-05-17,66.7,1.588,80.4,41.7,0
ASSET-D448F521,2026-05-18,65.74,1.23,79.6,36.3,0
ASSET-D448F521,2026-05-19,61.16,1.74,86.7,50.9,0
ASSET-D448F521,2026-05-20,64.27,1.253,79.5,49.1,0
ASSET-D448F521,2026-05-21,63.69,1.434,83.8,41.9,0
ASSET-D448F521,2026-05-22,66.63,1.67,79.8,33.2,0
ASSET-D448F521,2026-05-23,66.41,1.306,72.9,62.7,0
ASSET-D448F521,2026-05-24,58.7,1.373,73.1,38.2,0
ASSET-D448F521,2026-05-25,66.58,1.576,79.8,68.5,0
ASSET-D448F521,2026-05-26,60.82,1.676,79.5,56.5,0
ASSET-D448F521,2026-05-27,63.79,1.011,77.9,55.7,0
ASSET-D448F521,2026-05-28,65.21,1.657,74.7,29.3,0
ASSET-D448F521,2026-05-29,66.72,1.555,86.8,36.2,0
ASSET-D448F521,2026-05-30,67.23,1.53,86.5,43.9,0
ASSET-D448F521,2026-05-31,65.48,1.794,78.0,41.0,0
ASSET-D448F521,2026-06-01,66.63,1.894,70.6,62.6,0
ASSET-D448F521,2026-06-02,70.01,1.486,81.1,41.7,0
ASSET-D448F521,2026-06-03,58.0,1.29,77.9,38.1,0
ASSET-D448F521,2026-06-04,64.71,1.209,79.7,64.9,0
ASSET-D448F521,2026-06-05,62.33,1.307,77.4,56.3,0
ASSET-D448F521,2026-06-06,69.33,1.881,80.5,53.6,0
ASSET-D448F521,2026-06-07,59.21,1.614,71.0,58.1,0
ASSET-D448F521,2026-06-08,68.83,1.564,74.7,39.9,0
ASSET-D448F521,2026-06-09,67.38,1.666,78.1,44.6,0
ASSET-D448F521,2026-06-10,65.14,1.574,73.7,43.3,0
ASSET-D448F521,2026-06-11,63.79,1.205,78.8,44.5,0
ASSET-D448F521,2026-06-12,67.89,1.334,83.2,49.7,0
ASSET-D448F521,2026-06-13,67.96,1.323,85.9,54.9,0
ASSET-D448F521,2026-06-14,64.29,1.619,80.8,49.0,0
ASSET-D448F521,2026-06-15,64.71,1.512,89.5,39.1,0
ASSET-D448F521,2026-06-16,62.55,1.345,77.5,36.8,0
ASSET-D448F521,2026-06-17,65.28,1.449,82.1,66.0,0
ASSET-D448F521,2026-06-18,65.66,1.443,85.1,58.6,0
ASSET-D448F521,2026-06-19,56.88,1.508,77.1,35.7,0
ASSET-D448F521,2026-06-20,68.43,1.506,74.2,48.6,0
ASSET-D448F521,2026-06-21,64.08,1.61,81.4,69.8,0
ASSET-D448F521,2026-06-22,64.35,1.503,77.8,34.2,0
ASSET-D448F521,2026-06-23,63.94,1.385,80.3,27.3,0
ASSET-D448F521,2026-06-24,63.82,1.203,67.3,50.2,0
ASSET-D448F521,2026-06-25,64.36,1.539,85.4,63.2,0
ASSET-D448F521,2026-06-26,64.45,1.591,86.1,49.6,0
ASSET-D448F521,2026-06-27,61.36,1.275,81.8,47.2,0
ASSET-D448F521,2026-06-28,67.66,1.38,81.7,43.7,0
ASSET-D448F521,2026-06-29,69.02,1.598,74.7,55.5,0
ASSET-D448F521,2026-06-30,67.26,1.617,88.8,49.1,0
ASSET-D448F521,2026-07-01,62.99,1.337,81.2,22.2,0
ASSET-D448F521,2026-07-02,67.23,1.333,78.1,39.7,0
ASSET-D448F521,2026-07-03,66.98,1.56,83.3,75.7,0
ASSET-D448F521,2026-07-04,63.57,1.752,78.3,61.3,0
ASSET-D448F521,2026-07-05,61.19,1.652,91.7,51.1,0
ASSET-D448F521,2026-07-06,62.81,1.715,69.5,53.2,0
ASSET-D448F521,2026-07-07,65.84,1.858,72.9,53.6,0
ASSET-D448F521,2026-07-08,66.01,1.648,71.0,19.0,0
ASSET-D448F521,2026-07-09,67.82,1.503,75.0,55.7,0
ASSET-D448F521,2026-07-10,66.12,1.309,75.4,45.8,0
ASSET-D448F521,2026-07-11,62.94,1.34,82.8,55.6,0
ASSET-D448F521,2026-07-12,65.59,1.077,83.6,51.3,0
ASSET-D448F521,2026-07-13,65.13,1.47,83.0,52.9,0
ASSET-D448F521,2026-07-14,62.63,1.523,81.7,64.6,0
ASSET-D448F521,2026-07-15,62.63,1.455,83.7,57.8,0
ASSET-D448F521,2026-07-16,63.59,1.273,86.3,42.0,0
ASSET-D448F521,2026-07-17,72.99,1.391,88.2,43.9,0
ASSET-D448F521,2026-07-18,62.83,1.404,74.9,47.4,0
ASSET-D448F521,2026-07-19,63.33,1.637,78.5,57.3,0
ASSET-D448F521,2026-07-20,62.7,1.848,80.6,65.8,0
ASSET-D448F521,2026-07-21,65.37,1.65,80.7,45.4,0
ASSET-D448F521,2026-07-22,65.77,1.477,79.2,43.7,0
ASSET-D448F521,2026-07-23,66.39,1.387,87.1,41.2,0
ASSET-D448F521,2026-07-24,65.09,1.63,76.0,60.5,0
ASSET-D448F521,2026-07-25,63.64,1.549,84.1,45.5,0
ASSET-D448F521,2026-07-26,61.38,1.487,77.2,55.1,0
ASSET-D448F521,2026-07-27,65.8,1.307,82.8,52.4,0
ASSET-D448F521,2026-07-28,65.51,1.29,85.5,58.4,0
ASSET-D448F521,2026-07-29,63.46,1.653,76.4,42.8,0
ASSET-D448F521,2026-07-30,64.18,1.548,79.4,67.9,0
ASSET-D448F521,2026-07-31,64.03,1.237,83.0,53.5,0
ASSET-D448F521,2026-08-01,65.35,1.37,81.6,46.5,0
ASSET-D448F521,2026-08-02,64.06,1.581,78.4,50.9,0
ASSET-D448F521,2026-08-03,61.76,1.42,83.2,58.2,0
ASSET-D448F521,2026-08-04,65.58,1.621,78.6,42.9,0
ASSET-D448F521,2026-08-05,68.21,1.538,77.7,73.1,0
ASSET-D448F521,2026-08-06,61.7,1.197,72.1,25.7,0
ASSET-D448F521,2026-08-07,73.24,1.632,80.0,30.6,0
ASSET-D448F521,2026-08-08,66.25,1.383,92.4,44.9,0
ASSET-D448F521,2026-08-09,68.91,1.556,76.6,58.5,0
ASSET-D448F521,2026-08-10,65.91,1.584,76.7,49.7,0
ASSET-D448F521,2026-08-11,58.52,1.306,77.4,30.8,0
ASSET-D448F521,2026-08-12,62.61,1.331,91.4,59.9,0
ASSET-D448F521,2026-08-13,67.72,1.365,75.6,41.1,0
ASSET-D448F521,2026-08-14,63.05,1.105,88.1,57.9,0
ASSET-D448F521,2026-08-15,59.65,1.829,75.4,45.2,0
ASSET-D448F521,2026-08-16,64.72,1.612,72.4,43.2,0
ASSET-D448F521,2026-08-17,64.95,1.746,72.5,61.6,0
ASSET-D448F521,2026-08-18,64.34,1.3,73.2,45.6,0
ASSET-D448F521,2026-08-19,64.08,1.319,75.0,64.6,0
ASSET-D448F521,2026-08-20,65.87,1.349,85.2,51.2,0
ASSET-D448F521,2026-08-21,69.07,1.385,88.7,49.7,0
ASSET-D448F521,2026-08-22,62.23,1.295,84.3,29.9,0
ASSET-D448F521,2026-08-23,69.19,1.408,83.3,51.3,0
ASSET-D448F521,2026-08-24,67.59,1.315,79.1,47.2,0
ASSET-D448F521,2026-08-25,66.55,1.448,85.4,61.1,0
ASSET-D448F521,2026-08-26,70.96,1.483,84.5,41.6,0
ASSET-D448F521,2026-08-27,60.6,1.465,82.0,46.6,0
ASSET-D448F521,2026-08-28,64.83,1.728,79.1,28.1,0
ASSET-D448F521,2026-08-29,66.33,1.615,78.3,61.0,0
ASSET-D448F521,2026-08-30,62.52,1.628,79.9,49.0,0
ASSET-D448F521,2026-08-31,65.51,1.514,85.8,52.8,0
ASSET-D448F521,2026-09-01,63.34,1.525,83.5,55.5,0
ASSET-D448F521,2026-09-02,58.56,1.868,89.6,42.2,0
ASSET-D448F521,2026-09-03,64.8,1.327,88.1,62.2,0
ASSET-D448F521,2026-09-04,66.34,1.378,83.8,46.8,0
ASSET-D448F521,2026-09-05,62.38,1.565,73.5,45.6,0
ASSET-D448F521,2026-09-06,65.3,1.618,77.2,34.7,0
ASSET-D448F521,2026-09-07,61.38,1.529,80.6,52.0,0
ASSET-D448F521,2026-09-08,72.34,1.76,78.0,48.9,0
ASSET-D448F521,2026-09-09,63.23,1.281,73.4,46.5,0
ASSET-D448F521,2026-09-10,68.58,1.288,81.1,37.9,0
ASSET-D448F521,2026-09-11,65.32,1.414,67.7,42.0,0
ASSET-D448F521,2026-09-12,61.88,1.189,82.0,45.4,0
ASSET-D448F521,2026-09-13,65.26,1.444,72.1,46.7,0
ASSET-D448F521,2026-09-14,63.89,1.272,80.3,45.5,0
ASSET-D448F521,2026-09-15,60.29,1.583,78.5,52.9,0
ASSET-3B050005,2026-03-20,61.87,1.705,82.6,47.5,0
ASSET-3B050005,2026-03-21,61.1,1.524,81.1,59.6,0
ASSET-3B050005,2026-03-22,67.5,1.366,73.5,46.4,0
ASSET-3B050005,2026-03-23,67.02,1.45,87.2,37.6,0
ASSET-3B050005,2026-03-24,63.73,1.492,87.7,51.0,0
ASSET-3B050005,2026-03-25,68.55,1.608,78.3,54.2,0
ASSET-3B050005,2026-03-26,62.38,1.617,76.7,76.6,0
ASSET-3B050005,2026-03-27,64.03,1.886,83.7,45.5,0
ASSET-3B050005,2026-03-28,69.98,1.707,76.8,59.1,0
ASSET-3B050005,2026-03-29,67.64,1.832,73.8,42.0,0
ASSET-3B050005,2026-03-30,70.38,1.634,75.5,43.8,0
ASSET-3B050005,2026-03-31,65.64,1.546,81.5,47.0,0
ASSET-3B050005,2026-04-01,68.39,1.684,83.6,70.4,0
ASSET-3B050005,2026-04-02,64.92,1.293,75.8,50.4,0
ASSET-3B050005,2026-04-03,63.48,1.467,85.8,55.2,0
ASSET-3B050005,2026-04-04,58.67,1.617,73.7,64.2,0
ASSET-3B050005,2026-04-05,62.02,1.374,79.4,43.4,0
ASSET-3B050005,2026-04-06,67.96,1.529,76.9,51.2,0
ASSET-3B050005,2026-04-07,68.41,1.671,77.6,58.2,0
ASSET-3B050005,2026-04-08,62.16,1.323,93.7,48.4,0
ASSET-3B050005,2026-04-09,69.11,1.356,85.7,60.6,0
ASSET-3B050005,2026-04-10,70.56,1.727,84.1,58.9,0
ASSET-3B050005,2026-04-11,68.88,1.763,72.1,45.5,0
ASSET-3B050005,2026-04-12,67.26,1.53,84.6,61.1,0
ASSET-3B050005,2026-04-13,58.72,1.725,83.8,66.1,0
ASSET-3B050005,2026-04-14,62.0,1.336,69.8,45.2,0
ASSET-3B050005,2026-04-15,71.92,1.613,92.0,31.8,0
ASSET-3B050005,2026-04-16,66.11,1.443,77.8,64.2,0
ASSET-3B050005,2026-04-17,62.84,1.432,76.4,54.0,0
ASSET-3B050005,2026-04-18,60.34,1.319,82.5,47.9,0
ASSET-3B050005,2026-04-19,62.37,1.259,83.1,56.7,0
ASSET-3B050005,2026-04-20,63.02,1.461,72.8,57.4,0
ASSET-3B050005,2026-04-21,59.19,1.335,85.5,47.1,0
ASSET-3B050005,2026-04-22,66.63,1.419,86.4,45.0,0
ASSET-3B050005,2026-04-23,71.74,1.485,74.2,53.2,0
ASSET-3B050005,2026-04-24,62.21,1.444,79.7,37.0,0
ASSET-3B050005,2026-04-25,67.36,1.28,82.3,61.4,0
ASSET-3B050005,2026-04-26,62.06,1.886,79.0,55.6,0
ASSET-3B050005,2026-04-27,62.7,1.604,92.6,23.5,0
ASSET-3B050005,2026-04-28,62.54,1.619,81.7,45.0,0
ASSET-3B050005,2026-04-29,63.32,1.479,78.7,46.2,0
ASSET-3B050005,2026-04-30,63.25,1.815,78.0,45.1,0
ASSET-3B050005,2026-05-01,65.92,1.997,80.8,57.0,0
ASSET-3B050005,2026-05-02,64.27,1.161,79.1,32.7,0
ASSET-3B050005,2026-05-03,63.24,1.481,84.9,53.8,0
ASSET-3B050005,2026-05-04,66.0,1.682,84.6,60.8,0
ASSET-3B050005,2026-05-05,67.4,1.478,72.6,34.9,0
ASSET-3B050005,2026-05-06,64.86,1.52,77.3,50.6,0
ASSET-3B050005,2026-05-07,62.01,1.118,81.4,48.4,0
ASSET-3B050005,2026-05-08,65.66,1.221,73.3,60.8,0
ASSET-3B050005,2026-05-09,64.73,1.282,84.6,38.9,0
ASSET-3B050005,2026-05-10,62.95,1.18,85.2,52.2,0
ASSET-3B050005,2026-05-11,67.65,1.602,79.9,46.8,0
ASSET-3B050005,2026-05-12,64.4,1.555,84.5,50.4,0
ASSET-3B050005,2026-05-13,68.35,1.446,78.1,46.7,0
ASSET-3B050005,2026-05-14,62.02,1.42,81.4,50.3,0
ASSET-3B050005,2026-05-15,64.25,1.381,83.9,57.1,0
ASSET-3B050005,2026-05-16,66.86,1.235,76.5,40.5,0
ASSET-3B050005,2026-05-17,62.55,1.174,75.9,35.2,0
ASSET-3B050005,2026-05-18,66.42,1.211,86.7,49.4,0
ASSET-3B050005,2026-05-19,62.67,1.723,76.1,58.0,0
ASSET-3B050005,2026-05-20,63.7,1.432,76.0,57.3,0
ASSET-3B050005,2026-05-21,69.54,1.308,73.2,48.1,0
ASSET-3B050005,2026-05-22,66.34,1.685,72.2,61.5,0
ASSET-3B050005,2026-05-23,65.91,1.434,76.7,30.8,0
ASSET-3B050005,2026-05-24,67.53,1.604,78.3,26.8,0
ASSET-3B050005,2026-05-25,62.24,1.565,80.4,58.4,0
ASSET-3B050005,2026-05-26,63.33,1.386,78.5,66.6,0
ASSET-3B050005,2026-05-27,68.7,1.504,76.1,50.1,0
ASSET-3B050005,2026-05-28,62.31,1.497,74.2,53.3,0
ASSET-3B050005,2026-05-29,59.89,1.587,79.6,64.3,0
ASSET-3B050005,2026-05-30,64.69,1.662,78.5,43.3,0
ASSET-3B050005,2026-05-31,65.39,1.445,80.8,48.2,0
ASSET-3B050005,2026-06-01,68.6,1.503,84.8,52.3,0
ASSET-3B050005,2026-06-02,63.61,1.221,83.4,55.6,0
ASSET-3B050005,2026-06-03,69.18,1.23,89.3,41.6,0
ASSET-3B050005,2026-06-04,64.93,1.236,82.8,67.9,0
ASSET-3B050005,2026-06-05,62.6,1.18,78.8,49.3,0
ASSET-3B050005,2026-06-06,65.52,1.268,80.2,47.6,0
ASSET-3B050005,2026-06-07,69.66,1.698,79.9,43.8,0
ASSET-3B050005,2026-06-08,61.86,1.554,77.4,38.0,0
ASSET-3B050005,2026-06-09,63.69,1.748,72.5,46.4,0
ASSET-3B050005,2026-06-10,70.52,1.244,82.8,31.6,0
ASSET-3B050005,2026-06-11,65.44,1.514,85.2,50.7,0
ASSET-3B050005,2026-06-12,70.7,1.539,81.8,62.0,0
ASSET-3B050005,2026-06-13,69.39,1.685,75.4,49.0,0
ASSET-3B050005,2026-06-14,66.53,1.519,76.8,48.9,0
ASSET-3B050005,2026-06-15,66.53,1.863,75.9,49.9,0
ASSET-3B050005,2026-06-16,67.92,1.448,75.9,43.7,0
ASSET-3B050005,2026-06-17,64.19,1.498,82.1,52.3,0
ASSET-3B050005,2026-06-18,66.27,1.577,81.5,26.9,0
ASSET-3B050005,2026-06-19,62.59,1.781,81.9,67.0,0
ASSET-3B050005,2026-06-20,62.09,1.652,85.9,41.6,0
ASSET-3B050005,2026-06-21,63.51,1.898,83.6,45.4,0
ASSET-3B050005,2026-06-22,61.82,1.692,83.0,48.6,0
ASSET-3B050005,2026-06-23,66.69,1.501,89.4,49.0,0
ASSET-3B050005,2026-06-24,69.58,1.52,79.8,71.1,0
ASSET-3B050005,2026-06-25,66.6,1.755,85.5,51.6,0
ASSET-3B050005,2026-06-26,65.32,1.368,89.7,57.8,0
ASSET-3B050005,2026-06-27,69.68,1.373,85.3,59.3,0
ASSET-3B050005,2026-06-28,60.89,1.658,80.7,39.8,0
ASSET-3B050005,2026-06-29,66.68,1.508,80.9,35.4,0
ASSET-3B050005,2026-06-30,65.57,1.279,68.8,50.9,0
ASSET-3B050005,2026-07-01,70.27,1.589,85.3,45.1,0
ASSET-3B050005,2026-07-02,61.15,1.677,79.0,57.9,0
ASSET-3B050005,2026-07-03,63.45,1.698,84.7,33.2,0
ASSET-3B050005,2026-07-04,68.28,1.63,77.9,38.7,0
ASSET-3B050005,2026-07-05,67.35,1.583,81.5,25.3,0
ASSET-3B050005,2026-07-06,63.58,1.296,86.1,46.9,0
ASSET-3B050005,2026-07-07,65.82,1.748,68.7,52.0,0
ASSET-3B050005,2026-07-08,61.85,1.274,76.0,54.7,0
ASSET-3B050005,2026-07-09,63.93,1.436,88.2,38.9,0
ASSET-3B050005,2026-07-10,69.49,1.096,78.4,61.3,0
ASSET-3B050005,2026-07-11,62.78,1.758,77.7,52.7,0
ASSET-3B050005,2026-07-12,64.16,1.159,75.0,38.9,0
ASSET-3B050005,2026-07-13,64.17,1.758,81.1,48.6,0
ASSET-3B050005,2026-07-14,64.5,2.017,69.7,59.0,0
ASSET-3B050005,2026-07-15,67.27,1.57,75.9,39.6,0
ASSET-3B050005,2026-07-16,67.35,1.721,87.4,55.4,0
ASSET-3B050005,2026-07-17,61.44,1.292,73.1,57.2,0
ASSET-3B050005,2026-07-18,62.46,1.533,82.6,47.4,0
ASSET-3B050005,2026-07-19,66.5,1.826,88.2,54.5,0
ASSET-3B050005,2026-07-20,63.63,1.519,81.8,38.6,0
ASSET-3B050005,2026-07-21,70.5,1.98,84.2,39.2,0
ASSET-3B050005,2026-07-22,61.86,1.572,90.0,49.9,0
ASSET-3B050005,2026-07-23,67.65,1.574,81.6,43.3,0
ASSET-3B050005,2026-07-24,65.63,1.383,80.1,54.0,0
ASSET-3B050005,2026-07-25,66.88,1.711,81.3,52.3,0
ASSET-3B050005,2026-07-26,70.36,1.439,75.4,47.4,0
ASSET-3B050005,2026-07-27,65.13,1.39,74.0,59.4,0
ASSET-3B050005,2026-07-28,63.88,1.537,87.6,54.1,0
ASSET-3B050005,2026-07-29,68.76,1.848,83.2,48.9,0
ASSET-3B050005,2026-07-30,60.03,1.574,89.4,50.3,0
ASSET-3B050005,2026-07-31,67.46,1.408,76.8,63.3,0
ASSET-3B050005,2026-08-01,64.54,1.249,72.4,42.3,0
ASSET-3B050005,2026-08-02,61.22,1.46,81.2,48.3,0
ASSET-3B050005,2026-08-03,62.75,1.053,77.3,44.3,0
ASSET-3B050005,2026-08-04,68.96,1.383,80.3,64.3,0
ASSET-3B050005,2026-08-05,62.82,1.431,86.6,50.7,0
ASSET-3B050005,2026-08-06,66.27,1.885,78.4,54.4,0
ASSET-3B050005,2026-08-07,61.67,1.456,78.1,69.7,0
ASSET-3B050005,2026-08-08,62.16,1.744,83.2,43.9,0
ASSET-3B050005,2026-08-09,64.2,1.363,75.5,38.9,0
ASSET-3B050005,2026-08-10,67.95,1.018,73.7,40.0,0
ASSET-3B050005,2026-08-11,59.41,1.196,76.6,48.9,0
ASSET-3B050005,2026-08-12,62.97,0.989,73.5,47.4,0
ASSET-3B050005,2026-08-13,68.14,1.714,81.5,59.6,0
ASSET-3B050005,2026-08-14,62.23,1.178,79.9,72.1,0
ASSET-3B050005,2026-08-15,67.05,1.21,81.3,43.1,0
ASSET-3B050005,2026-08-16,61.98,1.587,84.3,59.6,0
ASSET-3B050005,2026-08-17,64.28,1.685,77.0,64.9,0
ASSET-3B050005,2026-08-18,65.48,1.691,69.5,43.8,0
ASSET-3B050005,2026-08-19,66.9,1.539,88.0,40.7,0
ASSET-3B050005,2026-08-20,60.92,1.725,78.1,41.7,0
ASSET-3B050005,2026-08-21,62.56,1.456,80.9,73.4,0
ASSET-3B050005,2026-08-22,64.98,1.215,77.2,52.3,0
ASSET-3B050005,2026-08-23,66.0,1.371,84.3,60.7,0
ASSET-3B050005,2026-08-24,66.47,1.592,80.7,36.6,0
ASSET-3B050005,2026-08-25,63.85,1.502,85.1,59.9,0
ASSET-3B050005,2026-08-26,61.06,1.347,86.8,57.7,0
ASSET-3B050005,2026-08-27,64.83,1.267,79.0,64.4,0
ASSET-3B050005,2026-08-28,66.38,1.629,79.1,69.1,0
ASSET-3B050005,2026-08-29,62.48,1.483,82.1,44.3,0
ASSET-3B050005,2026-08-30,65.1,1.713,83.9,40.3,0
ASSET-3B050005,2026-08-31,67.03,1.71,85.2,54.5,0
ASSET-3B050005,2026-09-01,59.29,1.362,83.5,64.4,0
ASSET-3B050005,2026-09-02,67.26,1.621,79.1,45.2,0
ASSET-3B050005,2026-09-03,62.23,1.475,66.1,47.9,0
ASSET-3B050005,2026-09-04,59.68,1.349,76.3,40.5,0
ASSET-3B050005,2026-09-05,59.05,1.525,81.0,44.3,0
ASSET-3B050005,2026-09-06,63.23,1.237,81.7,58.3,0
ASSET-3B050005,2026-09-07,64.92,1.744,75.8,57.0,0
ASSET-3B050005,2026-09-08,63.99,1.705,76.2,59.2,0
ASSET-3B050005,2026-09-09,64.42,1.512,77.4,46.3,0
ASSET-3B050005,2026-09-10,65.12,1.331,70.1,57.5,0
ASSET-3B050005,2026-09-11,62.91,1.525,79.2,50.8,0
ASSET-3B050005,2026-09-12,69.14,1.702,80.6,39.9,0
ASSET-3B050005,2026-09-13,65.15,1.197,86.2,39.5,0
ASSET-3B050005,2026-09-14,66.41,1.809,76.7,60.2,0
ASSET-3B050005,2026-09-15,61.78,1.644,85.8,46.5,0
ASSET-8B0398CF,2026-03-20,64.89,1.62,74.8,52.9,0
ASSET-8B0398CF,2026-03-21,63.48,1.272,83.3,42.5,0
ASSET-8B0398CF,2026-03-22,64.56,1.57,76.2,42.8,0
ASSET-8B0398CF,2026-03-23,63.84,1.214,81.4,51.1,0
ASSET-8B0398CF,2026-03-24,61.82,1.596,80.0,54.4,0
ASSET-8B0398CF,2026-03-25,65.8,1.568,88.1,36.0,0
ASSET-8B0398CF,2026-03-26,66.18,1.635,75.5,60.2,0
ASSET-8B0398CF,2026-03-27,63.31,1.582,84.2,56.4,0
ASSET-8B0398CF,2026-03-28,61.4,1.332,80.1,53.8,0
ASSET-8B0398CF,2026-03-29,73.26,1.397,96.9,36.4,0
ASSET-8B0398CF,2026-03-30,68.21,1.592,74.8,32.6,0
ASSET-8B0398CF,2026-03-31,66.08,1.604,88.6,49.4,0
ASSET-8B0398CF,2026-04-01,70.59,1.593,73.3,30.9,0
ASSET-8B0398CF,2026-04-02,67.63,1.327,74.3,55.2,0
ASSET-8B0398CF,2026-04-03,63.68,1.543,73.8,59.3,0
ASSET-8B0398CF,2026-04-04,67.34,1.617,76.4,49.7,0
ASSET-8B0398CF,2026-04-05,63.19,1.385,83.1,65.6,0
ASSET-8B0398CF,2026-04-06,61.26,1.639,79.8,54.3,0
ASSET-8B0398CF,2026-04-07,66.44,1.445,81.3,62.3,0
ASSET-8B0398CF,2026-04-08,64.86,1.55,83.2,63.0,0
ASSET-8B0398CF,2026-04-09,62.41,1.458,85.3,44.8,0
ASSET-8B0398CF,2026-04-10,65.61,1.778,85.6,35.2,0
ASSET-8B0398CF,2026-04-11,64.34,1.44,72.2,56.3,0
ASSET-8B0398CF,2026-04-12,66.57,1.37,73.9,54.1,0
ASSET-8B0398CF,2026-04-13,65.58,1.394,72.1,43.5,0
ASSET-8B0398CF,2026-04-14,69.28,1.666,74.8,55.9,0
ASSET-8B0398CF,2026-04-15,68.22,1.549,72.7,55.7,0
ASSET-8B0398CF,2026-04-16,69.24,1.192,80.1,60.7,0
ASSET-8B0398CF,2026-04-17,67.65,1.708,77.2,36.6,0
ASSET-8B0398CF,2026-04-18,66.17,1.645,82.3,70.8,0
ASSET-8B0398CF,2026-04-19,67.53,1.151,79.0,46.3,0
ASSET-8B0398CF,2026-04-20,62.56,1.29,78.3,48.3,0
ASSET-8B0398CF,2026-04-21,67.95,1.354,72.6,68.8,0
ASSET-8B0398CF,2026-04-22,68.43,1.582,73.5,51.7,0
ASSET-8B0398CF,2026-04-23,66.93,1.172,89.5,41.7,0
ASSET-8B0398CF,2026-04-24,67.67,1.77,71.6,41.3,0
ASSET-8B0398CF,2026-04-25,63.06,1.808,72.4,36.0,0
ASSET-8B0398CF,2026-04-26,69.51,1.543,78.8,50.8,0
ASSET-8B0398CF,2026-04-27,68.66,1.361,71.7,46.8,0
ASSET-8B0398CF,2026-04-28,64.68,1.585,76.4,42.0,0
ASSET-8B0398CF,2026-04-29,66.63,1.481,72.5,41.4,0
ASSET-8B0398CF,2026-04-30,65.12,1.519,77.1,52.7,0
ASSET-8B0398CF,2026-05-01,62.4,1.449,85.5,50.9,0
ASSET-8B0398CF,2026-05-02,71.49,1.668,78.0,49.7,0
ASSET-8B0398CF,2026-05-03,62.05,1.524,86.6,38.6,0
ASSET-8B0398CF,2026-05-04,64.62,1.575,78.6,74.5,0
ASSET-8B0398CF,2026-05-05,64.92,1.774,71.0,61.6,0
ASSET-8B0398CF,2026-05-06,65.24,1.613,84.0,55.7,0
ASSET-8B0398CF,2026-05-07,65.16,1.275,88.4,63.8,0
ASSET-8B0398CF,2026-05-08,61.91,1.519,73.8,36.5,0
ASSET-8B0398CF,2026-05-09,63.25,1.301,85.7,55.4,0
ASSET-8B0398CF,2026-05-10,66.09,1.305,88.1,48.2,0
ASSET-8B0398CF,2026-05-11,67.29,1.546,77.1,47.0,0
ASSET-8B0398CF,2026-05-12,63.86,1.451,77.8,55.3,0
ASSET-8B0398CF,2026-05-13,62.12,1.42,80.1,46.4,0
ASSET-8B0398CF,2026-05-14,62.31,1.382,64.9,44.7,0
ASSET-8B0398CF,2026-05-15,63.03,1.542,76.2,43.6,0
ASSET-8B0398CF,2026-05-16,63.6,1.747,82.4,38.2,0
ASSET-8B0398CF,2026-05-17,64.57,1.552,81.1,42.0,0
ASSET-8B0398CF,2026-05-18,71.33,1.645,81.9,48.2,0
ASSET-8B0398CF,2026-05-19,66.8,1.752,80.4,41.8,0
ASSET-8B0398CF,2026-05-20,68.01,1.629,86.9,42.6,0
ASSET-8B0398CF,2026-05-21,63.75,1.648,84.8,75.6,0
ASSET-8B0398CF,2026-05-22,70.91,1.388,81.2,45.1,0
ASSET-8B0398CF,2026-05-23,62.9,1.276,74.9,50.2,0
ASSET-8B0398CF,2026-05-24,66.5,1.244,79.9,44.1,0
ASSET-8B0398CF,2026-05-25,67.75,1.921,81.0,42.7,0
ASSET-8B0398CF,2026-05-26,66.96,1.489,79.3,43.7,0
ASSET-8B0398CF,2026-05-27,64.64,1.315,71.5,52.6,0
ASSET-8B0398CF,2026-05-28,63.79,1.783,75.7,35.9,0
ASSET-8B0398CF,2026-05-29,68.1,1.44,83.4,55.5,0
ASSET-8B0398CF,2026-05-30,64.59,1.421,78.1,39.4,0
ASSET-8B0398CF,2026-05-31,64.61,1.246,76.4,63.3,0
ASSET-8B0398CF,2026-06-01,68.64,1.36,78.8,64.0,0
ASSET-8B0398CF,2026-06-02,68.41,1.275,69.6,60.2,0
ASSET-8B0398CF,2026-06-03,66.95,1.376,67.2,52.9,0
ASSET-8B0398CF,2026-06-04,68.73,1.711,73.7,36.3,0
ASSET-8B0398CF,2026-06-05,64.79,1.62,79.9,60.4,0
ASSET-8B0398CF,2026-06-06,68.71,1.573,76.4,37.5,0
ASSET-8B0398CF,2026-06-07,60.78,1.872,72.8,57.4,0
ASSET-8B0398CF,2026-06-08,68.57,1.683,79.1,54.1,0
ASSET-8B0398CF,2026-06-09,63.81,1.697,89.7,43.5,0
ASSET-8B0398CF,2026-06-10,65.86,1.499,73.0,51.9,0
ASSET-8B0398CF,2026-06-11,71.95,1.505,78.0,61.6,0
ASSET-8B0398CF,2026-06-12,61.94,1.608,80.7,43.2,0
ASSET-8B0398CF,2026-06-13,64.77,1.399,79.8,56.2,0
ASSET-8B0398CF,2026-06-14,61.9,1.81,71.5,43.5,0
ASSET-8B0398CF,2026-06-15,68.83,1.224,73.0,33.2,0
ASSET-8B0398CF,2026-06-16,67.15,1.389,79.4,50.2,0
ASSET-8B0398CF,2026-06-17,64.2,1.516,87.7,40.2,0
ASSET-8B0398CF,2026-06-18,57.45,1.343,81.1,38.6,0
ASSET-8B0398CF,2026-06-19,68.82,1.444,75.9,53.4,0
ASSET-8B0398CF,2026-06-20,69.35,1.194,74.8,51.9,0
ASSET-8B0398CF,2026-06-21,66.36,1.815,75.4,52.5,0
ASSET-8B0398CF,2026-06-22,66.96,1.435,73.9,36.4,0
ASSET-8B0398CF,2026-06-23,66.34,1.708,81.0,49.4,0
ASSET-8B0398CF,2026-06-24,63.38,1.655,77.7,42.2,0
ASSET-8B0398CF,2026-06-25,68.27,1.34,75.3,61.1,0
ASSET-8B0398CF,2026-06-26,68.08,1.937,79.8,44.8,0
ASSET-8B0398CF,2026-06-27,72.39,1.774,73.1,62.8,0
ASSET-8B0398CF,2026-06-28,64.45,1.705,80.9,41.5,0
ASSET-8B0398CF,2026-06-29,67.28,1.629,82.6,58.4,0
ASSET-8B0398CF,2026-06-30,67.32,1.778,83.4,57.3,0
ASSET-8B0398CF,2026-07-01,64.19,1.258,82.7,37.3,0
ASSET-8B0398CF,2026-07-02,63.55,1.227,79.8,33.6,0
ASSET-8B0398CF,2026-07-03,62.46,1.684,81.9,59.4,0
ASSET-8B0398CF,2026-07-04,61.05,1.581,77.7,28.6,0
ASSET-8B0398CF,2026-07-05,65.51,1.699,79.3,58.1,0
ASSET-8B0398CF,2026-07-06,65.7,1.403,77.9,65.0,0
ASSET-8B0398CF,2026-07-07,60.14,1.159,79.1,46.0,0
ASSET-8B0398CF,2026-07-08,62.24,1.688,81.6,49.7,0
ASSET-8B0398CF,2026-07-09,66.6,1.736,76.9,42.9,0
ASSET-8B0398CF,2026-07-10,66.21,1.507,76.7,49.5,0
ASSET-8B0398CF,2026-07-11,63.97,1.564,83.8,46.9,0
ASSET-8B0398CF,2026-07-12,63.64,1.656,72.2,33.2,0
ASSET-8B0398CF,2026-07-13,62.55,1.718,76.9,33.0,0
ASSET-8B0398CF,2026-07-14,67.26,1.334,76.3,44.7,0
ASSET-8B0398CF,2026-07-15,65.33,1.351,83.7,38.5,0
ASSET-8B0398CF,2026-07-16,63.01,1.364,86.5,39.0,0
ASSET-8B0398CF,2026-07-17,55.98,1.628,80.4,53.3,0
ASSET-8B0398CF,2026-07-18,56.34,1.469,81.9,62.8,0
ASSET-8B0398CF,2026-07-19,67.1,1.463,78.9,58.8,0
ASSET-8B0398CF,2026-07-20,66.06,1.745,81.2,61.1,0
ASSET-8B0398CF,2026-07-21,63.01,1.194,96.0,39.2,0
ASSET-8B0398CF,2026-07-22,64.65,1.488,84.2,53.6,0
ASSET-8B0398CF,2026-07-23,65.47,1.346,70.8,52.8,0
ASSET-8B0398CF,2026-07-24,65.79,1.735,75.8,41.7,0
ASSET-8B0398CF,2026-07-25,62.3,1.613,77.6,42.8,0
ASSET-8B0398CF,2026-07-26,64.15,1.641,84.0,44.6,0
ASSET-8B0398CF,2026-07-27,60.82,1.666,73.2,54.5,0
ASSET-8B0398CF,2026-07-28,65.73,1.438,73.2,53.7,0
ASSET-8B0398CF,2026-07-29,63.71,1.561,77.4,32.5,0
ASSET-8B0398CF,2026-07-30,64.79,1.26,80.0,59.3,0
ASSET-8B0398CF,2026-07-31,65.33,1.325,83.4,52.7,0
ASSET-8B0398CF,2026-08-01,65.03,1.411,78.9,43.5,0
ASSET-8B0398CF,2026-08-02,62.42,1.572,79.2,45.7,0
ASSET-8B0398CF,2026-08-03,62.4,1.479,76.8,28.6,0
ASSET-8B0398CF,2026-08-04,64.44,1.478,76.1,51.3,0
ASSET-8B0398CF,2026-08-05,62.62,1.439,83.5,41.1,0
ASSET-8B0398CF,2026-08-06,60.92,0.834,78.3,59.8,0
ASSET-8B0398CF,2026-08-07,63.16,1.255,81.2,57.5,0
ASSET-8B0398CF,2026-08-08,65.31,1.613,78.7,64.9,0
ASSET-8B0398CF,2026-08-09,65.43,1.433,80.9,44.7,0
ASSET-8B0398CF,2026-08-10,64.67,1.718,73.2,56.5,0
ASSET-8B0398CF,2026-08-11,65.9,1.464,80.8,51.1,0
ASSET-8B0398CF,2026-08-12,64.05,1.707,84.1,54.8,0
ASSET-8B0398CF,2026-08-13,64.3,1.389,81.4,51.9,0
ASSET-8B0398CF,2026-08-14,62.65,1.208,84.0,33.6,0
ASSET-8B0398CF,2026-08-15,67.26,1.37,81.2,46.8,0
ASSET-8B0398CF,2026-08-16,68.03,1.124,88.7,63.3,0
ASSET-8B0398CF,2026-08-17,67.89,1.721,74.3,43.6,0
ASSET-8B0398CF,2026-08-18,65.49,1.4,76.7,33.2,0
ASSET-8B0398CF,2026-08-19,65.01,1.562,81.0,40.5,0
ASSET-8B0398CF,2026-08-20,62.65,1.622,75.9,54.5,0
ASSET-8B0398CF,2026-08-21,66.36,1.227,93.6,58.4,0
ASSET-8B0398CF,2026-08-22,60.22,1.507,89.9,54.3,0
ASSET-8B0398CF,2026-08-23,64.51,1.37,86.1,56.1,0
ASSET-8B0398CF,2026-08-24,64.59,1.767,85.6,42.3,0
ASSET-8B0398CF,2026-08-25,67.69,1.141,86.7,48.9,0
ASSET-8B0398CF,2026-08-26,62.71,1.496,81.9,73.5,0
ASSET-8B0398CF,2026-08-27,66.32,1.053,76.4,56.4,0
ASSET-8B0398CF,2026-08-28,67.41,1.879,84.5,61.4,0
ASSET-8B0398CF,2026-08-29,64.43,1.664,80.3,53.7,0
ASSET-8B0398CF,2026-08-30,64.88,1.708,80.9,64.6,0
ASSET-8B0398CF,2026-08-31,66.3,1.577,78.7,37.4,0
ASSET-8B0398CF,2026-09-01,63.39,1.759,84.5,48.1,0
ASSET-8B0398CF,2026-09-02,64.13,1.473,75.0,53.3,0
ASSET-8B0398CF,2026-09-03,61.95,1.221,80.9,53.9,0
ASSET-8B0398CF,2026-09-04,59.26,1.271,78.1,42.5,0
ASSET-8B0398CF,2026-09-05,67.63,1.398,75.1,45.8,0
ASSET-8B0398CF,2026-09-06,67.58,1.505,78.0,52.4,0
ASSET-8B0398CF,2026-09-07,65.15,0.998,80.2,66.2,0
ASSET-8B0398CF,2026-09-08,71.18,1.861,83.3,47.5,0
ASSET-8B0398CF,2026-09-09,62.98,1.683,79.9,44.9,0
ASSET-8B0398CF,2026-09-10,64.24,1.858,78.4,46.3,0
ASSET-8B0398CF,2026-09-11,64.02,1.228,80.1,65.8,0
ASSET-8B0398CF,2026-09-12,67.36,1.616,78.8,52.8,0
ASSET-8B0398CF,2026-09-13,62.21,1.508,72.8,38.8,0
ASSET-8B0398CF,2026-09-14,64.1,1.443,74.8,45.2,0
ASSET-8B0398CF,2026-09-15,66.25,1.087,89.0,58.3,0
ASSET-6E2D379B,2026-03-20,66.99,1.674,78.6,49.1,0
ASSET-6E2D379B,2026-03-21,66.77,1.601,80.5,58.4,0
ASSET-6E2D379B,2026-03-22,64.21,1.445,91.6,36.7,0
ASSET-6E2D379B,2026-03-23,64.23,1.279,72.7,43.5,0
ASSET-6E2D379B,2026-03-24,61.76,1.53,71.0,60.5,0
ASSET-6E2D379B,2026-03-25,67.43,1.577,77.8,60.4,0
ASSET-6E2D379B,2026-03-26,63.48,1.618,79.7,46.5,0
ASSET-6E2D379B,2026-03-27,65.53,1.402,86.4,34.5,0
ASSET-6E2D379B,2026-03-28,68.15,1.439,68.2,41.1,0
ASSET-6E2D379B,2026-03-29,64.39,1.456,77.3,49.7,0
ASSET-6E2D379B,2026-03-30,62.86,1.593,78.0,56.5,0
ASSET-6E2D379B,2026-03-31,64.46,1.261,78.8,51.4,0
ASSET-6E2D379B,2026-04-01,63.01,1.656,87.1,39.2,0
ASSET-6E2D379B,2026-04-02,69.05,1.525,82.0,47.5,0
ASSET-6E2D379B,2026-04-03,64.12,1.476,77.3,36.1,0
ASSET-6E2D379B,2026-04-04,61.17,1.77,84.3,49.4,0
ASSET-6E2D379B,2026-04-05,64.03,1.612,88.1,55.0,0
ASSET-6E2D379B,2026-04-06,64.22,1.521,83.6,37.8,0
ASSET-6E2D379B,2026-04-07,64.15,1.485,80.5,31.8,0
ASSET-6E2D379B,2026-04-08,66.35,1.511,75.7,61.7,0
ASSET-6E2D379B,2026-04-09,64.71,1.747,85.1,37.9,0
ASSET-6E2D379B,2026-04-10,62.8,1.686,78.2,56.4,0
ASSET-6E2D379B,2026-04-11,66.71,1.624,74.4,70.7,0
ASSET-6E2D379B,2026-04-12,62.93,1.662,85.7,51.2,0
ASSET-6E2D379B,2026-04-13,69.23,1.551,76.5,41.2,0
ASSET-6E2D379B,2026-04-14,66.13,1.389,73.8,57.2,0
ASSET-6E2D379B,2026-04-15,66.89,1.486,83.1,37.9,0
ASSET-6E2D379B,2026-04-16,65.41,1.43,89.0,51.2,0
ASSET-6E2D379B,2026-04-17,66.76,1.443,79.8,43.9,0
ASSET-6E2D379B,2026-04-18,62.81,1.04,82.1,37.1,0
ASSET-6E2D379B,2026-04-19,61.99,1.3,81.4,45.2,0
ASSET-6E2D379B,2026-04-20,60.2,1.352,85.9,44.3,0
ASSET-6E2D379B,2026-04-21,66.82,1.041,80.5,46.5,0
ASSET-6E2D379B,2026-04-22,65.49,1.326,75.1,48.6,0
ASSET-6E2D379B,2026-04-23,63.64,1.426,66.2,50.8,0
ASSET-6E2D379B,2026-04-24,65.73,1.183,63.4,51.3,0
ASSET-6E2D379B,2026-04-25,67.9,1.4,76.5,53.4,0
ASSET-6E2D379B,2026-04-26,60.4,1.222,87.6,45.1,0
ASSET-6E2D379B,2026-04-27,63.22,1.907,77.4,64.7,0
ASSET-6E2D379B,2026-04-28,64.73,1.578,91.2,26.9,0
ASSET-6E2D379B,2026-04-29,65.48,1.343,79.2,40.7,0
ASSET-6E2D379B,2026-04-30,70.78,1.346,82.8,39.1,0
ASSET-6E2D379B,2026-05-01,63.34,1.428,77.1,69.5,0
ASSET-6E2D379B,2026-05-02,63.44,1.177,83.7,57.3,0
ASSET-6E2D379B,2026-05-03,68.48,1.123,78.3,62.5,0
ASSET-6E2D379B,2026-05-04,67.41,1.44,79.6,42.0,0
ASSET-6E2D379B,2026-05-05,63.3,1.408,80.5,44.0,0
ASSET-6E2D379B,2026-05-06,65.82,1.322,76.8,52.7,0
ASSET-6E2D379B,2026-05-07,63.27,1.589,75.4,35.3,0
ASSET-6E2D379B,2026-05-08,65.85,1.356,87.4,43.2,0
ASSET-6E2D379B,2026-05-09,67.11,1.501,81.8,36.7,0
ASSET-6E2D379B,2026-05-10,61.83,1.622,79.6,36.6,0
ASSET-6E2D379B,2026-05-11,63.14,1.54,76.6,62.2,0
ASSET-6E2D379B,2026-05-12,64.13,1.553,80.3,46.6,0
ASSET-6E2D379B,2026-05-13,63.52,1.481,79.4,58.2,0
ASSET-6E2D379B,2026-05-14,66.41,1.312,77.4,50.6,0
ASSET-6E2D379B,2026-05-15,65.58,1.685,82.9,42.7,0
ASSET-6E2D379B,2026-05-16,64.86,1.53,80.2,50.4,0
ASSET-6E2D379B,2026-05-17,66.42,1.086,80.8,37.2,0
ASSET-6E2D379B,2026-05-18,63.15,1.353,81.3,53.2,0
ASSET-6E2D379B,2026-05-19,64.1,1.489,74.9,61.4,0
ASSET-6E2D379B,2026-05-20,65.51,1.474,72.5,53.4,0
ASSET-6E2D379B,2026-05-21,60.42,1.67,82.8,50.0,0
ASSET-6E2D379B,2026-05-22,65.28,1.453,82.6,47.4,0
ASSET-6E2D379B,2026-05-23,64.92,1.376,78.6,37.3,0
ASSET-6E2D379B,2026-05-24,60.53,1.709,78.2,69.2,0
ASSET-6E2D379B,2026-05-25,63.35,1.594,84.7,43.7,0
ASSET-6E2D379B,2026-05-26,60.91,1.417,82.5,32.9,0
ASSET-6E2D379B,2026-05-27,65.04,1.375,80.5,53.0,0
ASSET-6E2D379B,2026-05-28,64.27,1.666,80.7,50.4,0
ASSET-6E2D379B,2026-05-29,64.49,1.47,85.3,48.6,0
ASSET-6E2D379B,2026-05-30,62.07,1.459,78.6,47.4,0
ASSET-6E2D379B,2026-05-31,64.39,1.754,71.0,63.6,0
ASSET-6E2D379B,2026-06-01,65.88,1.461,91.0,64.5,0
ASSET-6E2D379B,2026-06-02,65.1,1.475,83.3,57.2,0
ASSET-6E2D379B,2026-06-03,68.99,1.855,79.3,55.2,0
ASSET-6E2D379B,2026-06-04,68.77,1.294,86.1,36.5,0
ASSET-6E2D379B,2026-06-05,62.48,1.599,85.8,48.9,0
ASSET-6E2D379B,2026-06-06,64.51,1.555,82.3,52.8,0
ASSET-6E2D379B,2026-06-07,67.26,1.531,72.5,42.6,0
ASSET-6E2D379B,2026-06-08,64.88,1.468,80.3,60.0,0
ASSET-6E2D379B,2026-06-09,64.89,1.504,77.0,40.0,0
ASSET-6E2D379B,2026-06-10,63.16,1.36,85.8,42.8,0
ASSET-6E2D379B,2026-06-11,65.2,1.546,69.6,56.0,0
ASSET-6E2D379B,2026-06-12,62.43,1.848,75.7,39.7,0
ASSET-6E2D379B,2026-06-13,63.45,1.636,76.2,47.8,0
ASSET-6E2D379B,2026-06-14,63.6,1.649,76.7,33.6,0
ASSET-6E2D379B,2026-06-15,66.8,1.328,84.4,40.5,0
ASSET-6E2D379B,2026-06-16,65.25,1.617,73.3,51.0,0
ASSET-6E2D379B,2026-06-17,62.79,1.382,85.9,65.2,0
ASSET-6E2D379B,2026-06-18,63.84,1.669,82.3,73.4,0
ASSET-6E2D379B,2026-06-19,66.29,1.598,66.3,45.7,0
ASSET-6E2D379B,2026-06-20,67.69,1.881,80.3,47.5,0
ASSET-6E2D379B,2026-06-21,71.55,1.633,83.9,47.4,0
ASSET-6E2D379B,2026-06-22,67.82,1.241,76.6,47.4,0
ASSET-6E2D379B,2026-06-23,63.49,1.19,74.7,68.7,0
ASSET-6E2D379B,2026-06-24,66.58,1.73,84.0,61.0,0
ASSET-6E2D379B,2026-06-25,65.0,1.373,76.2,53.2,0
ASSET-6E2D379B,2026-06-26,66.03,1.398,83.5,61.0,0
ASSET-6E2D379B,2026-06-27,66.51,1.202,79.0,61.1,0
ASSET-6E2D379B,2026-06-28,65.71,1.473,72.4,40.7,0
ASSET-6E2D379B,2026-06-29,64.03,1.426,78.2,46.5,0
ASSET-6E2D379B,2026-06-30,60.13,1.751,77.2,51.2,0
ASSET-6E2D379B,2026-07-01,70.96,1.374,81.6,54.8,0
ASSET-6E2D379B,2026-07-02,68.91,1.662,84.1,54.5,0
ASSET-6E2D379B,2026-07-03,69.32,1.594,79.0,58.9,0
ASSET-6E2D379B,2026-07-04,63.03,1.129,67.4,52.5,0
ASSET-6E2D379B,2026-07-05,66.26,1.697,78.0,61.0,0
ASSET-6E2D379B,2026-07-06,66.49,1.445,89.0,49.1,0
ASSET-6E2D379B,2026-07-07,67.79,1.407,77.9,66.5,0
ASSET-6E2D379B,2026-07-08,62.87,1.415,84.1,54.3,0
ASSET-6E2D379B,2026-07-09,66.21,1.582,78.1,24.7,0
ASSET-6E2D379B,2026-07-10,62.82,1.472,79.6,46.9,0
ASSET-6E2D379B,2026-07-11,67.63,1.494,75.5,43.3,0
ASSET-6E2D379B,2026-07-12,69.3,1.49,80.7,44.0,0
ASSET-6E2D379B,2026-07-13,67.25,1.388,77.9,46.3,0
ASSET-6E2D379B,2026-07-14,64.63,1.711,88.2,56.4,0
ASSET-6E2D379B,2026-07-15,64.16,1.575,83.0,33.7,0
ASSET-6E2D379B,2026-07-16,62.45,1.514,79.1,37.7,0
ASSET-6E2D379B,2026-07-17,64.77,1.714,79.1,62.0,0
ASSET-6E2D379B,2026-07-18,68.2,1.228,85.0,41.8,0
ASSET-6E2D379B,2026-07-19,71.82,1.477,76.5,45.6,0
ASSET-6E2D379B,2026-07-20,61.78,1.531,77.5,56.6,0
ASSET-6E2D379B,2026-07-21,63.81,1.267,71.2,47.1,0
ASSET-6E2D379B,2026-07-22,63.04,1.448,81.1,57.5,0
ASSET-6E2D379B,2026-07-23,62.4,1.228,78.0,55.0,0
ASSET-6E2D379B,2026-07-24,66.2,1.439,76.6,48.8,0
ASSET-6E2D379B,2026-07-25,69.35,1.461,68.1,52.1,0
ASSET-6E2D379B,2026-07-26,64.06,1.405,86.8,69.2,0
ASSET-6E2D379B,2026-07-27,62.61,1.394,81.5,46.8,0
ASSET-6E2D379B,2026-07-28,66.75,1.157,83.5,44.3,0
ASSET-6E2D379B,2026-07-29,67.21,1.669,74.2,54.3,0
ASSET-6E2D379B,2026-07-30,60.94,1.562,84.9,37.0,0
ASSET-6E2D379B,2026-07-31,63.25,1.523,80.0,65.0,0
ASSET-6E2D379B,2026-08-01,65.71,1.621,84.7,42.8,0
ASSET-6E2D379B,2026-08-02,64.29,1.701,77.6,42.5,0
ASSET-6E2D379B,2026-08-03,66.4,1.309,76.5,58.3,0
ASSET-6E2D379B,2026-08-04,62.14,1.42,78.9,50.9,0
ASSET-6E2D379B,2026-08-05,66.22,1.665,67.4,50.6,0
ASSET-6E2D379B,2026-08-06,68.85,1.729,80.0,62.3,0
ASSET-6E2D379B,2026-08-07,66.2,1.249,81.7,62.9,0
ASSET-6E2D379B,2026-08-08,64.99,1.153,80.5,42.3,0
ASSET-6E2D379B,2026-08-09,65.02,1.45,77.8,47.1,0
ASSET-6E2D379B,2026-08-10,68.2,1.6,87.0,42.2,0
ASSET-6E2D379B,2026-08-11,62.64,1.348,79.3,57.6,0
ASSET-6E2D379B,2026-08-12,66.51,1.271,87.2,52.9,0
ASSET-6E2D379B,2026-08-13,67.8,1.364,79.5,71.5,0
ASSET-6E2D379B,2026-08-14,64.33,1.389,86.9,63.2,0
ASSET-6E2D379B,2026-08-15,69.26,1.534,75.4,53.6,0
ASSET-6E2D379B,2026-08-16,64.44,1.26,75.4,68.4,0
ASSET-6E2D379B,2026-08-17,64.72,1.408,77.7,48.6,0
ASSET-6E2D379B,2026-08-18,64.64,1.554,87.8,45.4,0
ASSET-6E2D379B,2026-08-19,64.41,1.455,81.0,48.7,0
ASSET-6E2D379B,2026-08-20,69.85,1.68,87.9,53.8,0
ASSET-6E2D379B,2026-08-21,65.81,1.567,73.8,59.6,0
ASSET-6E2D379B,2026-08-22,66.01,1.528,75.2,69.0,0
ASSET-6E2D379B,2026-08-23,68.32,1.695,79.7,58.5,0
ASSET-6E2D379B,2026-08-24,67.35,1.341,82.4,48.2,0
ASSET-6E2D379B,2026-08-25,67.8,1.379,78.1,51.3,0
ASSET-6E2D379B,2026-08-26,59.31,1.675,80.5,43.7,0
ASSET-6E2D379B,2026-08-27,68.72,1.732,73.0,39.1,0
ASSET-6E2D379B,2026-08-28,68.02,1.853,75.1,59.1,0
ASSET-6E2D379B,2026-08-29,69.51,1.355,90.1,31.0,0
ASSET-6E2D379B,2026-08-30,63.92,1.2,83.5,27.7,0
ASSET-6E2D379B,2026-08-31,72.84,1.56,77.5,58.2,0
ASSET-6E2D379B,2026-09-01,66.28,1.849,82.4,38.3,0
ASSET-6E2D379B,2026-09-02,60.48,1.717,76.5,57.1,0
ASSET-6E2D379B,2026-09-03,60.71,1.235,80.0,60.4,0
ASSET-6E2D379B,2026-09-04,67.49,1.716,75.3,58.4,0
ASSET-6E2D379B,2026-09-05,66.42,1.313,78.5,48.4,0
ASSET-6E2D379B,2026-09-06,68.4,1.716,82.9,53.2,0
ASSET-6E2D379B,2026-09-07,63.56,0.901,82.7,57.4,0
ASSET-6E2D379B,2026-09-08,64.07,1.576,79.2,50.7,0
ASSET-6E2D379B,2026-09-09,67.91,1.469,77.8,51.8,0
ASSET-6E2D379B,2026-09-10,63.18,1.695,82.2,37.8,0
ASSET-6E2D379B,2026-09-11,71.67,1.134,73.8,31.9,0
ASSET-6E2D379B,2026-09-12,65.31,1.843,83.4,34.9,0
ASSET-6E2D379B,2026-09-13,67.08,1.674,80.8,63.6,0
ASSET-6E2D379B,2026-09-14,64.65,1.73,77.1,48.9,0
ASSET-6E2D379B,2026-09-15,61.77,1.284,78.7,41.0,0
ASSET-473EA58F,2026-03-20,63.08,1.769,86.5,49.7,0
ASSET-473EA58F,2026-03-21,68.29,1.64,80.3,60.2,0
ASSET-473EA58F,2026-03-22,66.44,1.837,80.9,64.5,0
ASSET-473EA58F,2026-03-23,65.1,1.86,79.0,45.9,0
ASSET-473EA58F,2026-03-24,65.16,1.673,89.8,48.8,0
ASSET-473EA58F,2026-03-25,63.3,1.53,88.7,63.5,0
ASSET-473EA58F,2026-03-26,66.55,0.848,81.5,48.4,0
ASSET-473EA58F,2026-03-27,64.47,1.499,74.5,47.8,0
ASSET-473EA58F,2026-03-28,64.47,1.679,78.2,49.7,0
ASSET-473EA58F,2026-03-29,61.08,1.775,84.1,39.5,0
ASSET-473EA58F,2026-03-30,71.32,1.8,75.2,58.2,0
ASSET-473EA58F,2026-03-31,57.26,1.739,73.6,42.4,0
ASSET-473EA58F,2026-04-01,65.93,1.789,80.8,37.6,0
ASSET-473EA58F,2026-04-02,59.04,1.771,79.0,45.6,0
ASSET-473EA58F,2026-04-03,64.46,1.078,79.5,37.9,0
ASSET-473EA58F,2026-04-04,58.27,1.215,80.8,60.7,0
ASSET-473EA58F,2026-04-05,63.92,1.486,78.0,52.9,0
ASSET-473EA58F,2026-04-06,69.35,1.478,75.8,65.7,0
ASSET-473EA58F,2026-04-07,65.25,1.553,71.3,48.6,0
ASSET-473EA58F,2026-04-08,64.94,1.435,86.9,59.3,0
ASSET-473EA58F,2026-04-09,64.02,1.358,74.8,51.6,0
ASSET-473EA58F,2026-04-10,68.2,1.56,85.0,50.5,0
ASSET-473EA58F,2026-04-11,66.92,1.652,82.4,34.9,0
ASSET-473EA58F,2026-04-12,66.77,1.502,75.4,65.1,0
ASSET-473EA58F,2026-04-13,64.56,1.28,76.5,34.1,0
ASSET-473EA58F,2026-04-14,69.1,1.556,76.1,35.3,0
ASSET-473EA58F,2026-04-15,66.34,1.807,69.0,55.6,0
ASSET-473EA58F,2026-04-16,66.1,1.376,84.9,59.0,0
ASSET-473EA58F,2026-04-17,64.39,1.534,83.6,46.1,0
ASSET-473EA58F,2026-04-18,67.88,1.492,85.9,40.0,0
ASSET-473EA58F,2026-04-19,62.72,1.245,81.7,54.4,0
ASSET-473EA58F,2026-04-20,65.17,1.466,85.5,47.2,0
ASSET-473EA58F,2026-04-21,65.15,1.449,83.1,56.8,0
ASSET-473EA58F,2026-04-22,62.08,1.744,78.8,63.4,0
ASSET-473EA58F,2026-04-23,61.69,1.706,82.5,41.8,0
ASSET-473EA58F,2026-04-24,61.58,1.534,88.6,56.9,0
ASSET-473EA58F,2026-04-25,60.09,1.944,88.4,37.8,0
ASSET-473EA58F,2026-04-26,69.21,1.228,76.3,48.9,0
ASSET-473EA58F,2026-04-27,65.1,1.362,83.8,49.5,0
ASSET-473EA58F,2026-04-28,63.1,1.435,85.4,45.8,0
ASSET-473EA58F,2026-04-29,62.84,1.488,77.1,43.3,0
ASSET-473EA58F,2026-04-30,62.45,1.302,76.9,75.4,0
ASSET-473EA58F,2026-05-01,63.47,1.662,88.1,53.0,0
ASSET-473EA58F,2026-05-02,64.56,1.417,89.9,53.1,0
ASSET-473EA58F,2026-05-03,68.22,1.261,76.5,46.2,0
ASSET-473EA58F,2026-05-04,63.22,1.451,68.6,63.1,0
ASSET-473EA58F,2026-05-05,63.96,1.562,82.4,40.4,0
ASSET-473EA58F,2026-05-06,69.52,1.653,88.7,65.7,0
ASSET-473EA58F,2026-05-07,61.63,1.503,84.2,53.2,0
ASSET-473EA58F,2026-05-08,62.0,1.705,74.8,64.4,0
ASSET-473EA58F,2026-05-09,68.56,1.301,83.4,35.8,0
ASSET-473EA58F,2026-05-10,63.27,1.771,77.4,39.7,0
ASSET-473EA58F,2026-05-11,64.32,0.998,83.0,32.9,0
ASSET-473EA58F,2026-05-12,62.07,1.664,75.3,45.3,0
ASSET-473EA58F,2026-05-13,66.2,1.465,77.2,46.8,0
ASSET-473EA58F,2026-05-14,69.2,1.427,72.5,33.7,0
ASSET-473EA58F,2026-05-15,68.6,1.322,78.6,59.2,0
ASSET-473EA58F,2026-05-16,66.94,1.683,80.1,53.1,0
ASSET-473EA58F,2026-05-17,64.45,1.614,82.4,56.8,0
ASSET-473EA58F,2026-05-18,65.21,1.286,82.7,44.8,0
ASSET-473EA58F,2026-05-19,65.33,1.604,74.5,29.3,0
ASSET-473EA58F,2026-05-20,66.26,1.3,88.4,41.8,0
ASSET-473EA58F,2026-05-21,63.79,1.544,79.5,66.1,0
ASSET-473EA58F,2026-05-22,68.98,1.339,85.1,48.8,0
ASSET-473EA58F,2026-05-23,61.31,1.47,84.0,68.9,0
ASSET-473EA58F,2026-05-24,65.78,1.31,75.5,34.3,0
ASSET-473EA58F,2026-05-25,66.67,1.113,69.0,61.4,0
ASSET-473EA58F,2026-05-26,66.64,1.781,81.6,58.4,0
ASSET-473EA58F,2026-05-27,66.28,1.57,82.6,59.8,0
ASSET-473EA58F,2026-05-28,61.42,1.577,75.7,53.4,0
ASSET-473EA58F,2026-05-29,66.23,1.406,83.5,41.5,0
ASSET-473EA58F,2026-05-30,63.6,1.592,71.3,53.0,0
ASSET-473EA58F,2026-05-31,65.71,1.375,72.8,31.7,0
ASSET-473EA58F,2026-06-01,64.22,1.522,76.9,52.8,0
ASSET-473EA58F,2026-06-02,64.67,1.534,80.2,46.2,0
ASSET-473EA58F,2026-06-03,63.22,1.824,75.8,51.3,0
ASSET-473EA58F,2026-06-04,62.41,1.486,80.9,47.9,0
ASSET-473EA58F,2026-06-05,63.6,1.727,82.3,45.9,0
ASSET-473EA58F,2026-06-06,61.0,1.544,80.9,36.2,0
ASSET-473EA58F,2026-06-07,65.4,1.711,82.4,35.1,0
ASSET-473EA58F,2026-06-08,63.69,1.616,74.9,60.3,0
ASSET-473EA58F,2026-06-09,65.54,1.505,76.2,42.2,0
ASSET-473EA58F,2026-06-10,62.54,1.323,83.0,46.6,0
ASSET-473EA58F,2026-06-11,70.05,1.521,82.4,51.3,0
ASSET-473EA58F,2026-06-12,70.94,1.622,85.5,38.6,0
ASSET-473EA58F,2026-06-13,68.13,1.506,81.8,53.9,0
ASSET-473EA58F,2026-06-14,62.86,1.656,77.5,56.1,0
ASSET-473EA58F,2026-06-15,63.01,1.246,79.0,66.2,0
ASSET-473EA58F,2026-06-16,67.72,1.476,75.0,50.1,0
ASSET-473EA58F,2026-06-17,62.73,1.117,83.8,46.1,0
ASSET-473EA58F,2026-06-18,62.21,1.328,80.8,46.7,0
ASSET-473EA58F,2026-06-19,67.27,1.386,73.7,68.6,0
ASSET-473EA58F,2026-06-20,67.66,1.274,83.7,45.1,0
ASSET-473EA58F,2026-06-21,65.98,1.36,82.7,61.2,0
ASSET-473EA58F,2026-06-22,64.43,1.546,79.2,50.2,0
ASSET-473EA58F,2026-06-23,62.5,1.347,75.9,69.2,0
ASSET-473EA58F,2026-06-24,69.24,1.417,78.7,47.1,0
ASSET-473EA58F,2026-06-25,62.3,1.536,73.0,58.6,0
ASSET-473EA58F,2026-06-26,67.23,1.622,76.0,56.9,0
ASSET-473EA58F,2026-06-27,67.21,1.386,87.1,60.9,0
ASSET-473EA58F,2026-06-28,64.8,1.36,78.3,55.8,0
ASSET-473EA58F,2026-06-29,67.98,1.566,76.4,52.5,0
ASSET-473EA58F,2026-06-30,64.31,1.358,77.5,56.1,0
ASSET-473EA58F,2026-07-01,66.93,1.588,80.5,76.4,0
ASSET-473EA58F,2026-07-02,69.64,1.409,78.5,46.1,0
ASSET-473EA58F,2026-07-03,67.51,1.324,81.0,46.0,0
ASSET-473EA58F,2026-07-04,66.16,1.213,77.5,58.9,0
ASSET-473EA58F,2026-07-05,64.3,1.007,69.4,55.7,0
ASSET-473EA58F,2026-07-06,64.38,1.513,91.6,43.9,0
ASSET-473EA58F,2026-07-07,64.47,1.465,83.3,46.7,0
ASSET-473EA58F,2026-07-08,64.21,1.473,84.2,60.7,0
ASSET-473EA58F,2026-07-09,65.48,1.791,78.9,60.5,0
ASSET-473EA58F,2026-07-10,66.96,1.664,84.2,60.8,0
ASSET-473EA58F,2026-07-11,67.86,1.383,78.8,34.7,0
ASSET-473EA58F,2026-07-12,62.1,2.003,82.7,28.5,0
ASSET-473EA58F,2026-07-13,64.93,1.107,77.2,50.8,0
ASSET-473EA58F,2026-07-14,65.5,1.649,76.7,56.0,0
ASSET-473EA58F,2026-07-15,66.73,1.016,71.6,56.3,0
ASSET-473EA58F,2026-07-16,63.18,1.349,74.8,51.3,0
ASSET-473EA58F,2026-07-17,66.93,1.147,72.7,37.0,0
ASSET-473EA58F,2026-07-18,68.54,1.516,83.9,46.1,0
ASSET-473EA58F,2026-07-19,68.4,1.702,78.0,65.2,0
ASSET-473EA58F,2026-07-20,71.32,1.814,76.4,55.5,0
ASSET-473EA58F,2026-07-21,62.11,1.705,75.3,44.5,0
ASSET-473EA58F,2026-07-22,67.07,1.598,80.4,39.5,0
ASSET-473EA58F,2026-07-23,66.0,1.27,77.5,49.6,0
ASSET-473EA58F,2026-07-24,70.26,1.626,68.7,25.0,0
ASSET-473EA58F,2026-07-25,62.44,1.818,81.2,51.7,0
ASSET-473EA58F,2026-07-26,63.94,1.343,74.3,30.4,0
ASSET-473EA58F,2026-07-27,70.21,1.645,75.1,55.6,0
ASSET-473EA58F,2026-07-28,68.42,1.604,71.4,44.0,0
ASSET-473EA58F,2026-07-29,61.43,1.616,81.7,49.3,0
ASSET-473EA58F,2026-07-30,64.71,1.436,86.7,34.9,0
ASSET-473EA58F,2026-07-31,62.28,1.623,82.4,36.2,0
ASSET-473EA58F,2026-08-01,64.74,1.445,84.7,44.8,0
ASSET-473EA58F,2026-08-02,60.54,1.44,78.9,44.7,0
ASSET-473EA58F,2026-08-03,70.0,1.831,86.8,52.5,0
ASSET-473EA58F,2026-08-04,62.55,1.54,76.0,52.6,0
ASSET-473EA58F,2026-08-05,61.72,1.258,78.4,42.0,0
ASSET-473EA58F,2026-08-06,63.84,1.392,76.6,58.4,0
ASSET-473EA58F,2026-08-07,67.01,1.143,82.9,55.1,0
ASSET-473EA58F,2026-08-08,67.85,1.417,74.9,39.7,0
ASSET-473EA58F,2026-08-09,61.06,1.472,73.6,33.7,0
ASSET-473EA58F,2026-08-10,66.41,1.713,64.9,68.1,0
ASSET-473EA58F,2026-08-11,66.12,1.234,81.4,44.5,0
ASSET-473EA58F,2026-08-12,59.04,1.414,69.4,41.1,0
ASSET-473EA58F,2026-08-13,66.35,1.603,85.2,43.8,0
ASSET-473EA58F,2026-08-14,63.89,1.433,83.1,41.4,0
ASSET-473EA58F,2026-08-15,65.57,1.115,76.8,68.3,0
ASSET-473EA58F,2026-08-16,71.38,1.524,82.3,46.4,0
ASSET-473EA58F,2026-08-17,69.42,1.171,75.1,37.4,0
ASSET-473EA58F,2026-08-18,60.29,1.576,82.2,34.2,0
ASSET-473EA58F,2026-08-19,68.41,1.417,77.2,48.6,0
ASSET-473EA58F,2026-08-20,68.72,1.693,79.6,42.1,0
ASSET-473EA58F,2026-08-21,69.3,1.866,77.3,42.6,0
ASSET-473EA58F,2026-08-22,66.54,1.402,82.8,47.6,0
ASSET-473EA58F,2026-08-23,63.68,1.351,76.7,69.0,0
ASSET-473EA58F,2026-08-24,65.77,1.535,78.3,46.6,0
ASSET-473EA58F,2026-08-25,69.69,1.198,62.9,39.3,0
ASSET-473EA58F,2026-08-26,67.56,1.22,90.2,51.9,0
ASSET-473EA58F,2026-08-27,60.87,1.427,73.3,36.4,0
ASSET-473EA58F,2026-08-28,62.54,1.344,85.0,47.0,0
ASSET-473EA58F,2026-08-29,64.03,1.633,76.1,59.6,0
ASSET-473EA58F,2026-08-30,62.58,1.524,82.9,43.7,0
ASSET-473EA58F,2026-08-31,63.92,1.553,79.6,45.8,0
ASSET-473EA58F,2026-09-01,62.95,1.467,77.0,46.1,0
ASSET-473EA58F,2026-09-02,64.06,1.547,77.6,46.8,0
ASSET-473EA58F,2026-09-03,66.73,1.285,89.8,48.1,0
ASSET-473EA58F,2026-09-04,65.74,1.533,74.6,45.9,0
ASSET-473EA58F,2026-09-05,63.42,1.47,82.5,46.6,0
ASSET-473EA58F,2026-09-06,70.27,1.212,94.2,52.3,0
ASSET-473EA58F,2026-09-07,63.53,1.83,79.7,40.1,0
ASSET-473EA58F,2026-09-08,65.72,1.495,81.9,40.0,0
ASSET-473EA58F,2026-09-09,68.63,1.738,68.8,55.2,0
ASSET-473EA58F,2026-09-10,61.96,1.64,79.7,43.8,0
ASSET-473EA58F,2026-09-11,67.78,1.264,75.6,51.5,0
ASSET-473EA58F,2026-09-12,69.82,1.55,77.9,43.9,0
ASSET-473EA58F,2026-09-13,62.33,1.544,74.5,55.0,0
ASSET-473EA58F,2026-09-14,69.01,1.457,85.9,55.1,0
ASSET-473EA58F,2026-09-15,61.43,1.798,82.8,57.9,0
ASSET-F7924A3F,2026-03-20,60.44,1.72,71.2,41.9,0
ASSET-F7924A3F,2026-03-21,63.36,1.753,75.6,29.2,0
ASSET-F7924A3F,2026-03-22,68.0,1.44,78.9,53.9,0
ASSET-F7924A3F,2026-03-23,65.76,1.857,80.0,42.3,0
ASSET-F7924A3F,2026-03-24,63.6,1.431,81.3,26.8,0
ASSET-F7924A3F,2026-03-25,66.38,1.763,76.9,55.6,0
ASSET-F7924A3F,2026-03-26,62.74,1.504,89.7,63.2,0
ASSET-F7924A3F,2026-03-27,66.76,1.427,81.9,25.7,0
ASSET-F7924A3F,2026-03-28,62.16,1.276,77.0,68.1,0
ASSET-F7924A3F,2026-03-29,65.73,1.799,70.9,46.3,0
ASSET-F7924A3F,2026-03-30,65.18,1.906,70.4,47.9,0
ASSET-F7924A3F,2026-03-31,61.33,1.427,82.6,50.6,0
ASSET-F7924A3F,2026-04-01,64.94,1.436,76.5,55.7,0
ASSET-F7924A3F,2026-04-02,66.14,1.366,82.1,42.9,0
ASSET-F7924A3F,2026-04-03,66.68,1.424,76.2,42.6,0
ASSET-F7924A3F,2026-04-04,65.83,1.489,79.4,29.5,0
ASSET-F7924A3F,2026-04-05,66.59,1.356,72.6,48.6,0
ASSET-F7924A3F,2026-04-06,61.47,1.632,66.4,55.7,0
ASSET-F7924A3F,2026-04-07,63.61,1.487,90.9,43.7,0
ASSET-F7924A3F,2026-04-08,67.27,1.39,73.5,57.4,0
ASSET-F7924A3F,2026-04-09,66.51,1.443,83.0,58.2,0
ASSET-F7924A3F,2026-04-10,63.6,1.523,82.3,59.2,0
ASSET-F7924A3F,2026-04-11,64.15,2.104,85.2,67.4,0
ASSET-F7924A3F,2026-04-12,55.91,1.346,83.3,59.6,0
ASSET-F7924A3F,2026-04-13,69.81,1.606,78.3,54.5,0
ASSET-F7924A3F,2026-04-14,60.74,1.496,83.6,40.8,0
ASSET-F7924A3F,2026-04-15,62.49,1.253,79.0,32.2,0
ASSET-F7924A3F,2026-04-16,67.92,1.139,78.6,52.3,0
ASSET-F7924A3F,2026-04-17,60.37,1.599,79.8,56.1,0
ASSET-F7924A3F,2026-04-18,62.06,1.63,75.6,56.9,0
ASSET-F7924A3F,2026-04-19,62.68,1.469,79.7,34.4,0
ASSET-F7924A3F,2026-04-20,67.95,1.091,83.5,54.1,0
ASSET-F7924A3F,2026-04-21,64.85,1.559,74.3,64.1,0
ASSET-F7924A3F,2026-04-22,71.32,1.36,74.5,41.0,0
ASSET-F7924A3F,2026-04-23,61.91,1.391,79.3,41.1,0
ASSET-F7924A3F,2026-04-24,68.54,1.283,85.6,57.6,0
ASSET-F7924A3F,2026-04-25,68.49,1.468,82.8,39.1,0
ASSET-F7924A3F,2026-04-26,63.32,1.424,78.5,38.7,0
ASSET-F7924A3F,2026-04-27,67.29,1.468,78.4,72.3,0
ASSET-F7924A3F,2026-04-28,66.42,1.477,90.1,45.4,0
ASSET-F7924A3F,2026-04-29,66.3,1.014,86.8,66.8,0
ASSET-F7924A3F,2026-04-30,65.43,1.496,83.6,38.5,0
ASSET-F7924A3F,2026-05-01,63.94,1.681,86.9,57.3,0
ASSET-F7924A3F,2026-05-02,64.85,1.791,79.5,47.3,0
ASSET-F7924A3F,2026-05-03,62.04,1.307,71.3,77.5,0
ASSET-F7924A3F,2026-05-04,66.65,1.627,78.1,42.9,0
ASSET-F7924A3F,2026-05-05,64.77,1.659,71.6,71.4,0
ASSET-F7924A3F,2026-05-06,62.37,1.572,77.7,58.3,0
ASSET-F7924A3F,2026-05-07,66.37,1.379,80.1,44.0,0
ASSET-F7924A3F,2026-05-08,64.93,1.638,87.7,46.8,0
ASSET-F7924A3F,2026-05-09,63.75,1.694,71.4,45.3,0
ASSET-F7924A3F,2026-05-10,65.47,1.451,79.6,40.1,0
ASSET-F7924A3F,2026-05-11,65.77,1.405,81.2,66.0,0
ASSET-F7924A3F,2026-05-12,66.66,1.257,86.6,60.9,0
ASSET-F7924A3F,2026-05-13,67.04,1.477,80.3,44.4,0
ASSET-F7924A3F,2026-05-14,60.32,1.336,76.6,39.0,0
ASSET-F7924A3F,2026-05-15,62.75,1.594,83.7,48.4,0
ASSET-F7924A3F,2026-05-16,66.82,1.352,77.8,60.7,0
ASSET-F7924A3F,2026-05-17,67.67,1.43,76.2,60.0,0
ASSET-F7924A3F,2026-05-18,67.24,1.684,81.8,41.5,0
ASSET-F7924A3F,2026-05-19,70.16,1.543,79.3,37.1,0
ASSET-F7924A3F,2026-05-20,64.94,1.4,87.6,45.1,0
ASSET-F7924A3F,2026-05-21,60.88,2.099,79.0,66.9,0
ASSET-F7924A3F,2026-05-22,70.23,1.524,76.5,64.2,0
ASSET-F7924A3F,2026-05-23,66.44,1.15,73.0,47.3,0
ASSET-F7924A3F,2026-05-24,70.22,1.389,81.0,50.0,0
ASSET-F7924A3F,2026-05-25,63.37,1.424,85.9,43.0,0
ASSET-F7924A3F,2026-05-26,59.13,1.464,85.4,48.9,0
ASSET-F7924A3F,2026-05-27,62.97,1.902,71.7,50.1,0
ASSET-F7924A3F,2026-05-28,61.1,1.148,80.1,40.6,0
ASSET-F7924A3F,2026-05-29,62.6,1.56,80.8,46.0,0
ASSET-F7924A3F,2026-05-30,67.32,1.311,78.9,48.7,0
ASSET-F7924A3F,2026-05-31,68.88,1.157,81.3,54.5,0
ASSET-F7924A3F,2026-06-01,68.81,1.631,77.7,49.1,0
ASSET-F7924A3F,2026-06-02,67.21,1.85,82.7,55.7,0
ASSET-F7924A3F,2026-06-03,66.29,1.373,80.3,42.7,0
ASSET-F7924A3F,2026-06-04,66.25,1.401,78.5,32.7,0
ASSET-F7924A3F,2026-06-05,67.01,1.457,78.4,44.0,0
ASSET-F7924A3F,2026-06-06,64.49,1.484,74.9,44.3,0
ASSET-F7924A3F,2026-06-07,63.17,1.738,84.9,59.2,0
ASSET-F7924A3F,2026-06-08,66.37,1.251,77.3,47.1,0
ASSET-F7924A3F,2026-06-09,63.62,1.658,90.2,46.8,0
ASSET-F7924A3F,2026-06-10,64.82,1.463,90.1,60.3,0
ASSET-F7924A3F,2026-06-11,63.61,1.406,78.1,41.6,0
ASSET-F7924A3F,2026-06-12,64.93,1.315,80.2,61.2,0
ASSET-F7924A3F,2026-06-13,72.5,1.815,81.1,46.9,0
ASSET-F7924A3F,2026-06-14,65.23,1.286,82.6,64.8,0
ASSET-F7924A3F,2026-06-15,59.34,1.539,82.1,49.0,0
ASSET-F7924A3F,2026-06-16,65.63,1.36,80.2,49.7,0
ASSET-F7924A3F,2026-06-17,66.01,1.456,83.5,40.8,0
ASSET-F7924A3F,2026-06-18,66.94,1.372,76.1,60.9,0
ASSET-F7924A3F,2026-06-19,62.15,1.438,76.0,37.2,0
ASSET-F7924A3F,2026-06-20,62.46,1.484,79.8,46.9,0
ASSET-F7924A3F,2026-06-21,61.56,1.337,78.0,56.2,0
ASSET-F7924A3F,2026-06-22,71.96,1.533,76.1,45.6,0
ASSET-F7924A3F,2026-06-23,70.47,1.402,71.7,33.3,0
ASSET-F7924A3F,2026-06-24,61.97,1.808,81.2,48.8,0
ASSET-F7924A3F,2026-06-25,65.01,1.764,84.5,51.3,0
ASSET-F7924A3F,2026-06-26,62.66,1.407,81.6,65.2,0
ASSET-F7924A3F,2026-06-27,64.59,1.671,77.4,39.7,0
ASSET-F7924A3F,2026-06-28,62.31,1.719,75.7,45.2,0
ASSET-F7924A3F,2026-06-29,68.54,1.538,82.2,43.5,0
ASSET-F7924A3F,2026-06-30,61.9,1.563,73.2,43.9,0
ASSET-F7924A3F,2026-07-01,61.67,1.297,78.8,57.2,0
ASSET-F7924A3F,2026-07-02,63.54,1.602,78.7,57.1,0
ASSET-F7924A3F,2026-07-03,61.92,1.474,82.6,61.5,0
ASSET-F7924A3F,2026-07-04,65.03,1.429,79.0,65.7,0
ASSET-F7924A3F,2026-07-05,62.57,1.589,74.3,44.6,0
ASSET-F7924A3F,2026-07-06,67.65,1.709,88.1,56.5,0
ASSET-F7924A3F,2026-07-07,59.09,1.278,74.0,43.9,0
ASSET-F7924A3F,2026-07-08,60.33,1.505,78.2,56.7,0
ASSET-F7924A3F,2026-07-09,69.41,1.374,76.4,41.3,0
ASSET-F7924A3F,2026-07-10,70.72,1.458,87.4,57.7,0
ASSET-F7924A3F,2026-07-11,62.59,1.323,81.9,46.3,0
ASSET-F7924A3F,2026-07-12,63.93,1.553,73.7,35.6,0
ASSET-F7924A3F,2026-07-13,65.56,1.322,75.8,37.9,0
ASSET-F7924A3F,2026-07-14,64.94,1.545,78.9,56.2,0
ASSET-F7924A3F,2026-07-15,64.29,1.32,77.2,42.2,0
ASSET-F7924A3F,2026-07-16,65.58,1.526,85.7,40.3,0
ASSET-F7924A3F,2026-07-17,66.34,1.238,78.4,41.6,0
ASSET-F7924A3F,2026-07-18,62.66,1.39,73.4,45.4,0
ASSET-F7924A3F,2026-07-19,67.27,1.621,80.7,74.2,0
ASSET-F7924A3F,2026-07-20,66.54,1.455,82.6,52.8,0
ASSET-F7924A3F,2026-07-21,62.2,1.303,80.9,56.0,0
ASSET-F7924A3F,2026-07-22,59.83,1.125,75.9,77.0,0
ASSET-F7924A3F,2026-07-23,68.42,1.268,82.2,65.7,0
ASSET-F7924A3F,2026-07-24,69.65,1.553,72.0,58.5,0
ASSET-F7924A3F,2026-07-25,69.96,1.773,89.0,58.5,0
ASSET-F7924A3F,2026-07-26,69.56,1.612,86.2,40.6,0
ASSET-F7924A3F,2026-07-27,61.88,1.538,76.0,55.5,0
ASSET-F7924A3F,2026-07-28,67.18,1.595,85.3,55.4,0
ASSET-F7924A3F,2026-07-29,62.86,1.155,80.1,44.1,0
ASSET-F7924A3F,2026-07-30,61.54,1.997,78.2,44.1,0
ASSET-F7924A3F,2026-07-31,62.42,1.751,75.6,50.2,0
ASSET-F7924A3F,2026-08-01,66.12,1.556,74.7,47.5,0
ASSET-F7924A3F,2026-08-02,68.57,1.599,68.7,46.6,0
ASSET-F7924A3F,2026-08-03,65.92,1.213,80.9,64.0,0
ASSET-F7924A3F,2026-08-04,66.74,1.279,78.3,70.2,0
ASSET-F7924A3F,2026-08-05,67.98,1.128,85.3,58.1,0
ASSET-F7924A3F,2026-08-06,64.58,1.437,81.5,60.3,0
ASSET-F7924A3F,2026-08-07,61.48,1.962,75.3,50.9,0
ASSET-F7924A3F,2026-08-08,61.64,1.312,76.3,59.5,0
ASSET-F7924A3F,2026-08-09,66.74,1.533,85.8,53.9,0
ASSET-F7924A3F,2026-08-10,65.89,1.184,75.0,30.0,0
ASSET-F7924A3F,2026-08-11,64.25,1.519,82.9,57.6,0
ASSET-F7924A3F,2026-08-12,67.95,1.456,83.1,51.7,0
ASSET-F7924A3F,2026-08-13,64.26,1.431,89.1,39.5,0
ASSET-F7924A3F,2026-08-14,66.23,1.451,80.4,49.3,0
ASSET-F7924A3F,2026-08-15,63.9,1.688,80.4,63.5,0
ASSET-F7924A3F,2026-08-16,61.81,1.174,79.1,36.6,0
ASSET-F7924A3F,2026-08-17,66.55,1.564,76.8,33.7,0
ASSET-F7924A3F,2026-08-18,65.54,1.173,77.5,57.1,0
ASSET-F7924A3F,2026-08-19,58.2,1.627,73.5,43.5,0
ASSET-F7924A3F,2026-08-20,67.22,1.742,80.1,54.0,0
ASSET-F7924A3F,2026-08-21,61.28,1.949,82.4,61.8,0
ASSET-F7924A3F,2026-08-22,64.55,1.475,78.3,37.8,0
ASSET-F7924A3F,2026-08-23,64.85,1.147,83.5,24.6,0
ASSET-F7924A3F,2026-08-24,67.74,1.57,74.9,36.3,0
ASSET-F7924A3F,2026-08-25,70.09,1.676,79.8,37.7,0
ASSET-F7924A3F,2026-08-26,64.42,1.314,76.8,57.0,0
ASSET-F7924A3F,2026-08-27,63.5,1.624,83.3,50.3,0
ASSET-F7924A3F,2026-08-28,63.58,1.066,80.5,48.8,0
ASSET-F7924A3F,2026-08-29,60.86,1.264,79.5,51.8,0
ASSET-F7924A3F,2026-08-30,65.87,1.472,83.9,60.0,0
ASSET-F7924A3F,2026-08-31,65.36,1.775,72.4,46.1,0
ASSET-F7924A3F,2026-09-01,68.93,1.59,90.5,49.0,0
ASSET-F7924A3F,2026-09-02,66.87,1.227,73.4,81.6,0
ASSET-F7924A3F,2026-09-03,61.29,1.465,74.0,48.6,0
ASSET-F7924A3F,2026-09-04,68.62,1.798,74.6,43.8,0
ASSET-F7924A3F,2026-09-05,60.83,1.439,72.6,35.0,0
ASSET-F7924A3F,2026-09-06,67.08,1.507,72.2,58.4,0
ASSET-F7924A3F,2026-09-07,62.75,1.763,83.4,48.6,0
ASSET-F7924A3F,2026-09-08,65.84,1.571,88.7,47.6,0
ASSET-F7924A3F,2026-09-09,69.08,1.338,76.2,31.4,0
ASSET-F7924A3F,2026-09-10,63.0,1.489,74.6,33.6,0
ASSET-F7924A3F,2026-09-11,63.83,1.305,85.7,58.0,0
ASSET-F7924A3F,2026-09-12,65.79,1.296,78.3,53.2,0
ASSET-F7924A3F,2026-09-13,65.1,1.573,85.4,41.0,0
ASSET-F7924A3F,2026-09-14,68.31,1.508,79.9,45.2,0
ASSET-F7924A3F,2026-09-15,65.95,1.668,77.6,41.8,0
ASSET-77D5C85D,2026-03-20,61.86,1.441,90.6,37.5,0
ASSET-77D5C85D,2026-03-21,67.09,1.245,81.1,53.7,0
ASSET-77D5C85D,2026-03-22,61.15,1.804,79.1,42.8,0
ASSET-77D5C85D,2026-03-23,59.23,1.407,75.1,38.4,0
ASSET-77D5C85D,2026-03-24,66.12,1.261,77.1,41.1,0
ASSET-77D5C85D,2026-03-25,57.94,1.342,76.9,50.0,0
ASSET-77D5C85D,2026-03-26,61.68,1.621,83.0,61.3,0
ASSET-77D5C85D,2026-03-27,69.41,1.308,79.5,71.4,0
ASSET-77D5C85D,2026-03-28,66.29,1.655,73.1,55.3,0
ASSET-77D5C85D,2026-03-29,67.64,1.233,79.6,41.0,0
ASSET-77D5C85D,2026-03-30,63.98,1.221,73.3,50.7,0
ASSET-77D5C85D,2026-03-31,62.97,1.244,79.2,52.2,0
ASSET-77D5C85D,2026-04-01,68.16,1.276,77.5,37.9,0
ASSET-77D5C85D,2026-04-02,67.74,1.593,79.9,44.2,0
ASSET-77D5C85D,2026-04-03,59.02,1.084,76.7,49.4,0
ASSET-77D5C85D,2026-04-04,60.35,1.653,85.0,57.5,0
ASSET-77D5C85D,2026-04-05,66.9,1.767,83.1,51.0,0
ASSET-77D5C85D,2026-04-06,62.38,1.44,82.7,36.9,0
ASSET-77D5C85D,2026-04-07,66.11,1.101,72.3,57.2,0
ASSET-77D5C85D,2026-04-08,64.48,1.463,80.3,56.3,0
ASSET-77D5C85D,2026-04-09,62.8,1.466,78.1,53.8,0
ASSET-77D5C85D,2026-04-10,67.51,1.684,86.0,55.9,0
ASSET-77D5C85D,2026-04-11,60.45,1.457,84.1,48.9,0
ASSET-77D5C85D,2026-04-12,67.71,1.202,75.7,63.8,0
ASSET-77D5C85D,2026-04-13,68.55,1.954,79.3,55.9,0
ASSET-77D5C85D,2026-04-14,62.34,1.579,89.4,50.2,0
ASSET-77D5C85D,2026-04-15,63.92,1.402,82.1,50.4,0
ASSET-77D5C85D,2026-04-16,68.73,1.317,80.1,52.0,0
ASSET-77D5C85D,2026-04-17,67.24,1.468,72.4,60.4,0
ASSET-77D5C85D,2026-04-18,66.29,1.598,82.0,43.7,0
ASSET-77D5C85D,2026-04-19,65.8,1.396,73.9,45.7,0
ASSET-77D5C85D,2026-04-20,64.84,1.487,87.9,53.3,0
ASSET-77D5C85D,2026-04-21,65.72,1.648,79.2,43.1,0
ASSET-77D5C85D,2026-04-22,62.45,1.505,79.8,66.5,0
ASSET-77D5C85D,2026-04-23,71.89,1.539,79.0,67.9,0
ASSET-77D5C85D,2026-04-24,62.97,1.354,89.1,33.5,0
ASSET-77D5C85D,2026-04-25,64.04,1.662,78.9,67.0,0
ASSET-77D5C85D,2026-04-26,58.92,1.051,75.9,36.1,0
ASSET-77D5C85D,2026-04-27,68.39,1.317,82.0,52.0,0
ASSET-77D5C85D,2026-04-28,68.79,1.14,81.0,48.3,0
ASSET-77D5C85D,2026-04-29,58.82,1.68,71.0,55.3,0
ASSET-77D5C85D,2026-04-30,66.54,1.369,73.7,50.2,0
ASSET-77D5C85D,2026-05-01,61.54,1.313,79.2,50.2,0
ASSET-77D5C85D,2026-05-02,66.01,2.065,74.9,65.5,0
ASSET-77D5C85D,2026-05-03,67.32,1.444,75.3,52.0,0
ASSET-77D5C85D,2026-05-04,65.64,1.303,75.2,53.5,0
ASSET-77D5C85D,2026-05-05,67.04,1.51,87.4,51.7,0
ASSET-77D5C85D,2026-05-06,58.04,1.489,77.8,56.3,0
ASSET-77D5C85D,2026-05-07,65.54,1.489,70.5,38.4,0
ASSET-77D5C85D,2026-05-08,68.47,1.2,81.0,53.4,0
ASSET-77D5C85D,2026-05-09,68.28,1.446,72.6,34.4,0
ASSET-77D5C85D,2026-05-10,64.3,1.606,78.6,54.7,0
ASSET-77D5C85D,2026-05-11,67.62,1.18,84.4,42.2,0
ASSET-77D5C85D,2026-05-12,63.15,1.521,73.8,44.6,0
ASSET-77D5C85D,2026-05-13,65.99,1.65,83.2,43.5,0
ASSET-77D5C85D,2026-05-14,61.83,1.441,83.1,60.2,0
ASSET-77D5C85D,2026-05-15,63.49,1.485,86.9,45.5,0
ASSET-77D5C85D,2026-05-16,63.0,1.615,73.0,66.1,0
ASSET-77D5C85D,2026-05-17,67.75,1.383,85.9,35.8,0
ASSET-77D5C85D,2026-05-18,65.52,1.552,86.5,43.4,0
ASSET-77D5C85D,2026-05-19,63.87,1.569,76.2,40.7,0
ASSET-77D5C85D,2026-05-20,60.85,1.507,83.7,54.1,0
ASSET-77D5C85D,2026-05-21,69.89,1.584,70.3,69.6,0
ASSET-77D5C85D,2026-05-22,70.94,1.296,84.5,58.5,0
ASSET-77D5C85D,2026-05-23,60.74,1.35,76.6,51.5,0
ASSET-77D5C85D,2026-05-24,67.41,1.448,79.3,54.5,0
ASSET-77D5C85D,2026-05-25,63.64,1.459,68.6,32.7,0
ASSET-77D5C85D,2026-05-26,66.79,1.34,71.0,54.8,0
ASSET-77D5C85D,2026-05-27,66.42,1.36,76.4,56.8,0
ASSET-77D5C85D,2026-05-28,62.9,1.254,85.4,36.1,0
ASSET-77D5C85D,2026-05-29,65.93,1.452,80.5,63.0,0
ASSET-77D5C85D,2026-05-30,65.3,1.33,74.3,57.6,0
ASSET-77D5C85D,2026-05-31,59.17,1.111,77.3,39.1,0
ASSET-77D5C85D,2026-06-01,68.27,1.612,70.2,58.5,0
ASSET-77D5C85D,2026-06-02,64.86,1.476,81.9,41.8,0
ASSET-77D5C85D,2026-06-03,68.11,1.489,73.6,29.1,0
ASSET-77D5C85D,2026-06-04,61.51,1.228,83.5,56.4,0
ASSET-77D5C85D,2026-06-05,63.83,1.565,82.5,46.9,0
ASSET-77D5C85D,2026-06-06,63.08,1.555,80.9,39.2,0
ASSET-77D5C85D,2026-06-07,62.33,1.331,80.3,39.1,0
ASSET-77D5C85D,2026-06-08,67.5,1.549,77.1,42.2,0
ASSET-77D5C85D,2026-06-09,67.55,1.084,86.9,57.1,0
ASSET-77D5C85D,2026-06-10,64.13,1.549,83.1,31.5,0
ASSET-77D5C85D,2026-06-11,70.24,1.577,91.3,53.9,0
ASSET-77D5C85D,2026-06-12,64.11,1.794,83.4,35.4,0
ASSET-77D5C85D,2026-06-13,61.16,1.622,79.2,43.9,0
ASSET-77D5C85D,2026-06-14,61.74,1.226,69.2,57.1,0
ASSET-77D5C85D,2026-06-15,63.23,1.308,78.0,50.9,0
ASSET-77D5C85D,2026-06-16,67.14,1.141,81.6,54.6,0
ASSET-77D5C85D,2026-06-17,66.79,1.439,84.6,61.4,0
ASSET-77D5C85D,2026-06-18,64.42,1.47,80.8,54.2,0
ASSET-77D5C85D,2026-06-19,62.65,1.642,72.9,44.4,0
ASSET-77D5C85D,2026-06-20,67.15,1.289,73.5,30.5,0
ASSET-77D5C85D,2026-06-21,61.77,1.284,73.2,49.7,0
ASSET-77D5C85D,2026-06-22,63.1,1.559,79.9,40.6,0
ASSET-77D5C85D,2026-06-23,62.91,1.597,86.9,58.0,0
ASSET-77D5C85D,2026-06-24,66.51,1.444,75.5,62.8,0
ASSET-77D5C85D,2026-06-25,65.66,1.801,78.1,49.2,0
ASSET-77D5C85D,2026-06-26,68.99,1.416,79.5,49.2,0
ASSET-77D5C85D,2026-06-27,64.44,1.377,83.2,61.6,0
ASSET-77D5C85D,2026-06-28,72.07,1.533,75.1,48.7,0
ASSET-77D5C85D,2026-06-29,62.66,2.142,83.2,55.8,0
ASSET-77D5C85D,2026-06-30,66.79,1.898,88.5,43.4,0
ASSET-77D5C85D,2026-07-01,65.97,1.143,80.7,41.5,0
ASSET-77D5C85D,2026-07-02,66.07,1.169,84.4,66.4,0
ASSET-77D5C85D,2026-07-03,65.2,1.499,82.4,57.0,0
ASSET-77D5C85D,2026-07-04,69.68,1.593,85.9,66.6,0
ASSET-77D5C85D,2026-07-05,64.35,1.395,79.9,79.8,0
ASSET-77D5C85D,2026-07-06,61.8,1.421,70.8,75.3,0
ASSET-77D5C85D,2026-07-07,69.63,1.355,79.0,42.8,0
ASSET-77D5C85D,2026-07-08,62.97,1.624,81.3,67.1,0
ASSET-77D5C85D,2026-07-09,59.95,1.202,82.0,57.9,0
ASSET-77D5C85D,2026-07-10,65.29,1.529,77.6,54.9,0
ASSET-77D5C85D,2026-07-11,66.57,1.408,80.7,65.6,0
ASSET-77D5C85D,2026-07-12,62.2,1.651,74.5,53.5,0
ASSET-77D5C85D,2026-07-13,63.01,1.474,86.2,37.6,0
ASSET-77D5C85D,2026-07-14,64.64,1.709,75.3,14.0,0
ASSET-77D5C85D,2026-07-15,66.93,1.802,72.2,26.8,0
ASSET-77D5C85D,2026-07-16,63.22,1.499,79.4,52.3,0
ASSET-77D5C85D,2026-07-17,66.53,1.678,78.0,50.2,0
ASSET-77D5C85D,2026-07-18,67.9,1.511,70.6,47.2,0
ASSET-77D5C85D,2026-07-19,63.62,1.455,84.9,58.8,0
ASSET-77D5C85D,2026-07-20,54.97,1.352,79.4,60.8,0
ASSET-77D5C85D,2026-07-21,66.68,1.638,74.6,56.0,0
ASSET-77D5C85D,2026-07-22,64.96,1.58,82.8,53.2,0
ASSET-77D5C85D,2026-07-23,66.6,1.382,82.8,42.7,0
ASSET-77D5C85D,2026-07-24,71.26,1.248,82.9,46.1,0
ASSET-77D5C85D,2026-07-25,65.09,1.513,82.5,60.4,0
ASSET-77D5C85D,2026-07-26,67.45,1.294,88.4,37.0,0
ASSET-77D5C85D,2026-07-27,63.39,1.44,71.4,45.3,0
ASSET-77D5C85D,2026-07-28,67.78,1.509,86.5,47.4,0
ASSET-77D5C85D,2026-07-29,61.7,1.796,82.3,53.3,0
ASSET-77D5C85D,2026-07-30,60.76,1.827,87.5,46.5,0
ASSET-77D5C85D,2026-07-31,64.04,1.666,78.4,36.8,0
ASSET-77D5C85D,2026-08-01,64.12,1.671,73.5,41.8,0
ASSET-77D5C85D,2026-08-02,63.51,1.286,89.8,57.8,0
ASSET-77D5C85D,2026-08-03,64.85,1.493,86.0,44.9,0
ASSET-77D5C85D,2026-08-04,69.55,1.456,82.8,66.7,0
ASSET-77D5C85D,2026-08-05,65.66,1.612,80.8,48.3,0
ASSET-77D5C85D,2026-08-06,64.78,1.427,87.5,44.7,0
ASSET-77D5C85D,2026-08-07,67.3,1.369,78.4,65.8,0
ASSET-77D5C85D,2026-08-08,66.32,1.449,73.2,59.4,0
ASSET-77D5C85D,2026-08-09,65.13,1.48,76.6,36.3,0
ASSET-77D5C85D,2026-08-10,67.65,1.231,81.9,57.0,0
ASSET-77D5C85D,2026-08-11,63.18,1.678,78.3,42.5,0
ASSET-77D5C85D,2026-08-12,60.88,1.592,72.6,50.0,0
ASSET-77D5C85D,2026-08-13,70.58,1.486,93.8,40.0,0
ASSET-77D5C85D,2026-08-14,58.98,1.842,89.5,56.7,0
ASSET-77D5C85D,2026-08-15,67.27,1.297,79.1,43.3,0
ASSET-77D5C85D,2026-08-16,63.87,1.531,81.4,43.5,0
ASSET-77D5C85D,2026-08-17,61.14,1.503,71.4,48.7,0
ASSET-77D5C85D,2026-08-18,64.86,1.286,90.0,59.1,0
ASSET-77D5C85D,2026-08-19,64.17,1.563,82.3,28.0,0
ASSET-77D5C85D,2026-08-20,66.41,1.394,72.3,63.3,0
ASSET-77D5C85D,2026-08-21,66.39,1.604,85.9,53.1,0
ASSET-77D5C85D,2026-08-22,60.04,1.604,70.7,60.7,0
ASSET-77D5C85D,2026-08-23,67.92,1.479,77.9,53.6,0
ASSET-77D5C85D,2026-08-24,65.97,1.373,87.1,59.9,0
ASSET-77D5C85D,2026-08-25,65.16,1.537,88.6,38.4,0
ASSET-77D5C85D,2026-08-26,63.89,1.735,75.8,45.1,0
ASSET-77D5C85D,2026-08-27,59.48,0.962,82.1,46.1,0
ASSET-77D5C85D,2026-08-28,59.66,1.329,77.8,58.9,0
ASSET-77D5C85D,2026-08-29,71.16,1.304,82.8,51.0,0
ASSET-77D5C85D,2026-08-30,66.88,1.534,71.0,32.6,0
ASSET-77D5C85D,2026-08-31,63.93,1.475,80.6,53.3,0
ASSET-77D5C85D,2026-09-01,65.96,1.535,73.9,40.0,0
ASSET-77D5C85D,2026-09-02,66.14,1.677,77.3,58.9,0
ASSET-77D5C85D,2026-09-03,68.14,1.34,80.1,40.4,0
ASSET-77D5C85D,2026-09-04,60.1,1.532,85.3,56.5,0
ASSET-77D5C85D,2026-09-05,67.1,1.344,79.0,45.0,0
ASSET-77D5C85D,2026-09-06,62.97,1.467,84.6,61.1,0
ASSET-77D5C85D,2026-09-07,67.11,1.438,78.8,54.2,0
ASSET-77D5C85D,2026-09-08,69.14,1.558,74.7,58.2,0
ASSET-77D5C85D,2026-09-09,62.96,1.436,82.2,53.1,0
ASSET-77D5C85D,2026-09-10,63.54,1.354,80.1,47.0,0
ASSET-77D5C85D,2026-09-11,66.11,1.772,83.1,50.7,0
ASSET-77D5C85D,2026-09-12,67.81,1.638,84.3,52.0,0
ASSET-77D5C85D,2026-09-13,66.91,1.377,84.5,59.9,0
ASSET-77D5C85D,2026-09-14,66.55,1.499,81.7,49.2,0
ASSET-77D5C85D,2026-09-15,64.08,1.781,84.0,68.5,0
ASSET-CF851820,2026-03-20,62.87,1.31,77.6,46.2,0
ASSET-CF851820,2026-03-21,69.32,1.564,70.8,52.5,0
ASSET-CF851820,2026-03-22,66.87,1.608,77.1,48.4,0
ASSET-CF851820,2026-03-23,60.95,1.359,70.9,62.0,0
ASSET-CF851820,2026-03-24,63.22,1.745,78.5,46.3,0
ASSET-CF851820,2026-03-25,62.14,1.793,83.9,40.1,0
ASSET-CF851820,2026-03-26,61.6,1.616,86.8,53.6,0
ASSET-CF851820,2026-03-27,62.91,1.352,77.8,49.1,0
ASSET-CF851820,2026-03-28,64.99,1.258,73.0,43.7,0
ASSET-CF851820,2026-03-29,68.48,1.483,84.2,48.7,0
ASSET-CF851820,2026-03-30,63.51,1.634,79.4,38.5,0
ASSET-CF851820,2026-03-31,68.65,1.83,90.1,57.1,0
ASSET-CF851820,2026-04-01,67.39,1.456,85.5,34.8,0
ASSET-CF851820,2026-04-02,63.76,1.429,74.2,56.8,0
ASSET-CF851820,2026-04-03,60.87,1.599,84.5,47.3,0
ASSET-CF851820,2026-04-04,64.21,1.553,82.5,41.6,0
ASSET-CF851820,2026-04-05,64.74,1.648,86.7,59.6,0
ASSET-CF851820,2026-04-06,66.97,1.779,83.0,38.7,0
ASSET-CF851820,2026-04-07,66.5,1.497,77.7,66.7,0
ASSET-CF851820,2026-04-08,66.17,1.373,79.4,51.8,0
ASSET-CF851820,2026-04-09,63.05,1.658,88.1,54.7,0
ASSET-CF851820,2026-04-10,61.35,1.65,75.4,47.6,0
ASSET-CF851820,2026-04-11,61.97,1.53,85.9,59.9,0
ASSET-CF851820,2026-04-12,66.0,1.349,81.9,57.4,0
ASSET-CF851820,2026-04-13,64.94,1.498,81.7,46.4,0
ASSET-CF851820,2026-04-14,65.14,2.1,88.4,50.9,0
ASSET-CF851820,2026-04-15,61.12,1.363,77.3,59.7,0
ASSET-CF851820,2026-04-16,62.27,1.279,84.9,41.0,0
ASSET-CF851820,2026-04-17,60.92,1.314,85.4,52.4,0
ASSET-CF851820,2026-04-18,66.29,1.384,69.9,36.5,0
ASSET-CF851820,2026-04-19,65.79,1.812,76.7,54.0,0
ASSET-CF851820,2026-04-20,64.84,1.403,80.0,51.8,0
ASSET-CF851820,2026-04-21,59.81,1.166,77.4,52.4,0
ASSET-CF851820,2026-04-22,64.67,1.922,85.0,46.4,0
ASSET-CF851820,2026-04-23,68.37,1.465,71.9,61.8,0
ASSET-CF851820,2026-04-24,71.08,1.568,78.3,43.3,0
ASSET-CF851820,2026-04-25,62.61,1.456,70.1,46.3,0
ASSET-CF851820,2026-04-26,65.51,1.7,74.2,64.1,0
ASSET-CF851820,2026-04-27,63.31,1.454,75.7,35.2,0
ASSET-CF851820,2026-04-28,65.33,1.313,69.2,53.5,0
ASSET-CF851820,2026-04-29,64.77,1.422,81.4,56.8,0
ASSET-CF851820,2026-04-30,67.42,1.796,81.2,28.4,0
ASSET-CF851820,2026-05-01,62.54,1.585,78.2,42.4,0
ASSET-CF851820,2026-05-02,65.47,1.547,80.7,63.9,0
ASSET-CF851820,2026-05-03,67.36,1.441,81.0,44.0,0
ASSET-CF851820,2026-05-04,61.25,1.463,88.1,45.6,0
ASSET-CF851820,2026-05-05,62.05,1.567,79.0,49.3,0
ASSET-CF851820,2026-05-06,57.67,1.509,86.7,48.3,0
ASSET-CF851820,2026-05-07,66.43,1.575,86.9,59.1,0
ASSET-CF851820,2026-05-08,65.81,1.252,77.9,45.4,0
ASSET-CF851820,2026-05-09,67.64,1.238,89.8,54.9,0
ASSET-CF851820,2026-05-10,64.04,1.498,83.7,45.7,0
ASSET-CF851820,2026-05-11,59.55,1.702,86.5,70.7,0
ASSET-CF851820,2026-05-12,59.89,1.58,74.4,48.1,0
ASSET-CF851820,2026-05-13,62.91,1.325,85.8,27.3,0
ASSET-CF851820,2026-05-14,65.8,1.377,78.6,54.1,0
ASSET-CF851820,2026-05-15,63.4,1.48,77.6,24.2,0
ASSET-CF851820,2026-05-16,62.39,1.646,76.9,57.4,0
ASSET-CF851820,2026-05-17,64.4,1.576,80.0,39.5,0
ASSET-CF851820,2026-05-18,67.78,1.495,76.9,54.0,0
ASSET-CF851820,2026-05-19,66.77,1.542,79.1,39.9,0
ASSET-CF851820,2026-05-20,66.07,1.978,78.8,65.4,0
ASSET-CF851820,2026-05-21,65.0,1.682,72.8,36.7,0
ASSET-CF851820,2026-05-22,63.72,1.084,80.4,58.9,0
ASSET-CF851820,2026-05-23,61.94,1.611,83.5,44.9,0
ASSET-CF851820,2026-05-24,66.21,1.999,85.2,34.5,0
ASSET-CF851820,2026-05-25,63.72,1.942,77.5,66.8,0
ASSET-CF851820,2026-05-26,63.39,1.341,79.9,80.3,0
ASSET-CF851820,2026-05-27,61.04,1.513,75.5,49.5,0
ASSET-CF851820,2026-05-28,65.17,1.358,80.3,58.8,0
ASSET-CF851820,2026-05-29,65.91,1.586,92.5,42.6,0
ASSET-CF851820,2026-05-30,61.85,1.337,68.8,49.3,0
ASSET-CF851820,2026-05-31,63.87,2.046,81.1,51.6,0
ASSET-CF851820,2026-06-01,65.24,1.764,83.1,46.4,0
ASSET-CF851820,2026-06-02,67.25,1.67,74.2,49.8,0
ASSET-CF851820,2026-06-03,63.56,1.555,75.9,57.3,0
ASSET-CF851820,2026-06-04,67.14,1.504,77.7,42.1,0
ASSET-CF851820,2026-06-05,59.69,1.605,75.3,50.9,0
ASSET-CF851820,2026-06-06,64.68,1.144,77.0,50.4,0
ASSET-CF851820,2026-06-07,61.09,1.768,78.8,47.6,0
ASSET-CF851820,2026-06-08,58.94,1.369,86.3,52.8,0
ASSET-CF851820,2026-06-09,65.89,1.464,79.6,50.6,0
ASSET-CF851820,2026-06-10,65.76,1.549,76.3,53.6,0
ASSET-CF851820,2026-06-11,71.15,1.982,77.2,40.0,0
ASSET-CF851820,2026-06-12,69.64,1.297,81.9,47.0,0
ASSET-CF851820,2026-06-13,68.08,1.498,84.8,59.5,0
ASSET-CF851820,2026-06-14,62.31,1.43,80.2,40.0,0
ASSET-CF851820,2026-06-15,61.16,1.286,80.9,51.7,0
ASSET-CF851820,2026-06-16,62.91,1.259,78.2,51.6,0
ASSET-CF851820,2026-06-17,62.17,1.567,79.6,85.4,0
ASSET-CF851820,2026-06-18,63.03,1.476,75.9,45.7,0
ASSET-CF851820,2026-06-19,67.81,1.518,73.7,53.7,0
ASSET-CF851820,2026-06-20,60.15,1.416,79.8,50.0,0
ASSET-CF851820,2026-06-21,64.85,1.678,75.1,55.2,0
ASSET-CF851820,2026-06-22,65.09,1.672,70.4,70.4,0
ASSET-CF851820,2026-06-23,63.7,1.448,79.0,46.8,0
ASSET-CF851820,2026-06-24,60.23,1.568,78.3,63.6,0
ASSET-CF851820,2026-06-25,60.36,1.177,80.3,50.3,0
ASSET-CF851820,2026-06-26,63.08,1.571,78.2,35.1,0
ASSET-CF851820,2026-06-27,56.01,1.33,77.4,29.5,0
ASSET-CF851820,2026-06-28,64.85,1.39,76.3,34.6,0
ASSET-CF851820,2026-06-29,69.84,1.411,83.5,37.8,0
ASSET-CF851820,2026-06-30,68.23,1.858,90.1,49.5,0
ASSET-CF851820,2026-07-01,67.87,1.465,86.0,44.9,0
ASSET-CF851820,2026-07-02,61.56,1.808,83.3,35.8,0
ASSET-CF851820,2026-07-03,60.41,1.351,76.3,39.2,0
ASSET-CF851820,2026-07-04,61.47,1.262,86.6,45.1,0
ASSET-CF851820,2026-07-05,59.28,1.564,83.4,51.1,0
ASSET-CF851820,2026-07-06,61.97,1.652,80.0,35.6,0
ASSET-CF851820,2026-07-07,58.74,1.41,79.5,63.4,0
ASSET-CF851820,2026-07-08,62.16,1.619,76.7,47.3,0
ASSET-CF851820,2026-07-09,58.99,1.464,82.1,30.3,0
ASSET-CF851820,2026-07-10,68.92,1.515,85.0,38.9,0
ASSET-CF851820,2026-07-11,70.03,1.426,81.8,58.8,0
ASSET-CF851820,2026-07-12,64.89,1.643,79.1,38.0,0
ASSET-CF851820,2026-07-13,69.44,1.445,80.1,44.1,0
ASSET-CF851820,2026-07-14,63.99,1.67,81.0,40.6,0
ASSET-CF851820,2026-07-15,65.37,0.902,87.2,45.3,0
ASSET-CF851820,2026-07-16,65.0,1.985,70.2,38.7,0
ASSET-CF851820,2026-07-17,62.83,1.294,79.4,45.3,0
ASSET-CF851820,2026-07-18,63.02,1.653,75.7,43.7,0
ASSET-CF851820,2026-07-19,65.98,1.576,81.9,55.5,0
ASSET-CF851820,2026-07-20,62.19,1.513,82.5,48.0,0
ASSET-CF851820,2026-07-21,63.91,1.255,80.0,41.4,0
ASSET-CF851820,2026-07-22,68.3,1.427,76.1,52.9,0
ASSET-CF851820,2026-07-23,63.86,1.765,75.9,44.9,0
ASSET-CF851820,2026-07-24,68.86,1.632,84.0,45.7,0
ASSET-CF851820,2026-07-25,66.96,1.721,81.6,75.6,0
ASSET-CF851820,2026-07-26,65.87,1.247,79.7,57.1,0
ASSET-CF851820,2026-07-27,68.74,0.612,81.3,75.2,0
ASSET-CF851820,2026-07-28,68.5,1.983,80.8,48.2,0
ASSET-CF851820,2026-07-29,67.11,1.737,85.0,45.9,0
ASSET-CF851820,2026-07-30,66.1,1.267,75.3,57.8,0
ASSET-CF851820,2026-07-31,60.9,0.986,77.6,33.8,0
ASSET-CF851820,2026-08-01,67.89,1.454,82.4,42.5,0
ASSET-CF851820,2026-08-02,64.9,1.445,80.4,46.2,0
ASSET-CF851820,2026-08-03,63.93,1.581,81.4,55.1,0
ASSET-CF851820,2026-08-04,67.36,1.548,78.8,35.7,0
ASSET-CF851820,2026-08-05,66.07,1.445,78.5,52.1,0
ASSET-CF851820,2026-08-06,68.1,1.389,73.3,50.2,0
ASSET-CF851820,2026-08-07,65.75,1.339,78.5,49.5,0
ASSET-CF851820,2026-08-08,61.52,1.224,78.7,40.1,0
ASSET-CF851820,2026-08-09,64.26,1.864,87.4,54.8,0
ASSET-CF851820,2026-08-10,64.43,1.845,73.5,59.5,0
ASSET-CF851820,2026-08-11,67.93,1.358,82.6,39.2,0
ASSET-CF851820,2026-08-12,66.95,1.73,80.7,35.0,0
ASSET-CF851820,2026-08-13,70.3,1.64,77.8,45.1,0
ASSET-CF851820,2026-08-14,68.23,1.428,82.2,40.8,0
ASSET-CF851820,2026-08-15,60.47,1.478,81.2,60.0,0
ASSET-CF851820,2026-08-16,65.35,1.422,76.0,51.4,0
ASSET-CF851820,2026-08-17,66.03,1.438,72.3,42.6,0
ASSET-CF851820,2026-08-18,62.85,1.891,73.6,28.0,0
ASSET-CF851820,2026-08-19,67.82,1.668,81.4,38.0,0
ASSET-CF851820,2026-08-20,64.84,1.358,83.3,56.4,0
ASSET-CF851820,2026-08-21,64.34,1.382,76.9,48.5,0
ASSET-CF851820,2026-08-22,67.88,1.814,75.7,41.1,0
ASSET-CF851820,2026-08-23,64.82,1.645,82.4,40.4,0
ASSET-CF851820,2026-08-24,65.24,1.437,78.6,53.2,0
ASSET-CF851820,2026-08-25,63.25,1.591,77.0,26.4,0
ASSET-CF851820,2026-08-26,62.66,1.537,83.3,61.6,0
ASSET-CF851820,2026-08-27,62.4,1.512,79.7,51.2,0
ASSET-CF851820,2026-08-28,68.58,1.429,73.0,50.3,0
ASSET-CF851820,2026-08-29,68.19,1.491,79.0,59.2,0
ASSET-CF851820,2026-08-30,61.97,1.464,71.0,52.5,0
ASSET-CF851820,2026-08-31,61.55,1.506,80.7,73.6,0
ASSET-CF851820,2026-09-01,66.82,1.665,82.5,60.8,0
ASSET-CF851820,2026-09-02,63.86,1.572,84.9,43.0,0
ASSET-CF851820,2026-09-03,70.17,1.204,81.1,41.5,0
ASSET-CF851820,2026-09-04,64.15,1.78,79.7,55.3,0
ASSET-CF851820,2026-09-05,66.54,1.521,85.7,38.6,0
ASSET-CF851820,2026-09-06,66.97,1.632,79.2,54.8,0
ASSET-CF851820,2026-09-07,64.18,1.116,79.8,55.3,0
ASSET-CF851820,2026-09-08,60.43,1.616,82.1,37.5,0
ASSET-CF851820,2026-09-09,61.55,1.345,76.8,44.3,0
ASSET-CF851820,2026-09-10,61.27,1.535,81.6,53.6,0
ASSET-CF851820,2026-09-11,67.67,1.606,80.5,52.6,0
ASSET-CF851820,2026-09-12,63.99,1.526,73.8,63.1,0
ASSET-CF851820,2026-09-13,63.98,1.396,83.5,43.3,0
ASSET-CF851820,2026-09-14,68.52,1.598,78.6,34.3,0
ASSET-CF851820,2026-09-15,62.48,1.834,81.4,43.3,0
ASSET-92465059,2026-03-20,64.09,1.408,78.3,51.6,0
ASSET-92465059,2026-03-21,67.4,1.86,70.3,44.7,0
ASSET-92465059,2026-03-22,66.51,1.775,89.7,56.6,0
ASSET-92465059,2026-03-23,61.67,1.683,80.3,33.9,0
ASSET-92465059,2026-03-24,64.99,1.425,75.6,55.7,0
ASSET-92465059,2026-03-25,69.05,1.549,80.2,55.1,0
ASSET-92465059,2026-03-26,68.63,1.253,79.7,64.2,0
ASSET-92465059,2026-03-27,66.58,1.314,84.7,73.3,0
ASSET-92465059,2026-03-28,66.19,1.652,84.8,45.9,0
ASSET-92465059,2026-03-29,62.04,1.595,82.1,41.2,0
ASSET-92465059,2026-03-30,70.44,1.751,82.7,51.3,0
ASSET-92465059,2026-03-31,63.11,1.367,90.9,54.4,0
ASSET-92465059,2026-04-01,69.95,1.616,75.4,76.7,0
ASSET-92465059,2026-04-02,69.45,1.255,81.1,57.1,0
ASSET-92465059,2026-04-03,63.04,1.297,73.6,43.4,0
ASSET-92465059,2026-04-04,61.53,1.348,71.1,60.7,0
ASSET-92465059,2026-04-05,64.89,1.433,67.4,58.3,0
ASSET-92465059,2026-04-06,64.63,1.139,85.9,43.9,0
ASSET-92465059,2026-04-07,61.73,1.321,82.2,66.3,0
ASSET-92465059,2026-04-08,62.54,1.283,88.9,51.6,0
ASSET-92465059,2026-04-09,67.48,1.504,78.5,57.4,0
ASSET-92465059,2026-04-10,59.18,1.437,69.0,50.5,0
ASSET-92465059,2026-04-11,65.26,1.907,84.7,58.2,0
ASSET-92465059,2026-04-12,65.65,1.901,84.9,56.0,0
ASSET-92465059,2026-04-13,60.38,1.795,75.4,55.8,0
ASSET-92465059,2026-04-14,65.65,1.35,80.2,41.4,0
ASSET-92465059,2026-04-15,70.5,1.045,77.3,62.3,0
ASSET-92465059,2026-04-16,68.16,1.527,83.3,55.9,0
ASSET-92465059,2026-04-17,64.42,1.305,75.3,41.1,0
ASSET-92465059,2026-04-18,66.94,1.862,78.6,44.2,0
ASSET-92465059,2026-04-19,67.32,1.684,85.7,63.0,0
ASSET-92465059,2026-04-20,63.72,1.35,82.6,39.6,0
ASSET-92465059,2026-04-21,67.31,1.413,74.1,66.6,0
ASSET-92465059,2026-04-22,62.26,1.31,74.6,38.8,0
ASSET-92465059,2026-04-23,62.23,1.802,81.8,58.1,0
ASSET-92465059,2026-04-24,66.34,1.589,76.6,57.3,0
ASSET-92465059,2026-04-25,68.56,1.269,73.0,55.7,0
ASSET-92465059,2026-04-26,64.4,1.306,79.7,46.8,0
ASSET-92465059,2026-04-27,66.37,1.767,88.6,53.3,0
ASSET-92465059,2026-04-28,62.83,1.366,76.9,58.6,0
ASSET-92465059,2026-04-29,67.69,1.498,81.7,49.0,0
ASSET-92465059,2026-04-30,67.31,1.49,80.2,50.2,0
ASSET-92465059,2026-05-01,64.82,1.213,73.5,48.4,0
ASSET-92465059,2026-05-02,62.52,1.584,73.2,27.9,0
ASSET-92465059,2026-05-03,70.33,1.139,72.3,59.9,0
ASSET-92465059,2026-05-04,63.01,1.399,80.9,55.5,0
ASSET-92465059,2026-05-05,62.48,1.612,79.4,56.8,0
ASSET-92465059,2026-05-06,67.22,1.2,70.9,67.0,0
ASSET-92465059,2026-05-07,66.6,1.453,76.8,58.6,0
ASSET-92465059,2026-05-08,61.77,1.529,82.7,49.5,0
ASSET-92465059,2026-05-09,62.6,1.409,79.6,71.7,0
ASSET-92465059,2026-05-10,63.37,1.441,80.5,50.7,0
ASSET-92465059,2026-05-11,62.99,1.648,72.9,57.3,0
ASSET-92465059,2026-05-12,67.87,1.299,72.7,50.9,0
ASSET-92465059,2026-05-13,61.52,1.646,72.5,43.1,0
ASSET-92465059,2026-05-14,66.87,1.841,72.9,51.6,0
ASSET-92465059,2026-05-15,66.9,1.684,76.7,51.0,0
ASSET-92465059,2026-05-16,65.29,1.14,86.2,54.2,0
ASSET-92465059,2026-05-17,67.16,1.382,77.8,75.0,0
ASSET-92465059,2026-05-18,63.82,1.629,81.5,59.6,0
ASSET-92465059,2026-05-19,64.63,1.736,77.8,68.5,0
ASSET-92465059,2026-05-20,67.27,1.786,88.7,47.2,0
ASSET-92465059,2026-05-21,68.82,1.524,72.1,43.2,0
ASSET-92465059,2026-05-22,64.33,1.498,84.5,63.7,0
ASSET-92465059,2026-05-23,61.34,1.739,81.4,54.6,0
ASSET-92465059,2026-05-24,67.29,1.452,83.9,45.6,0
ASSET-92465059,2026-05-25,69.37,1.532,72.7,55.0,0
ASSET-92465059,2026-05-26,66.66,1.472,80.8,62.6,0
ASSET-92465059,2026-05-27,67.1,1.568,85.9,50.7,0
ASSET-92465059,2026-05-28,64.61,1.597,84.7,52.0,0
ASSET-92465059,2026-05-29,65.38,1.753,85.2,56.2,0
ASSET-92465059,2026-05-30,64.65,1.725,77.4,41.7,0
ASSET-92465059,2026-05-31,66.89,1.054,75.0,40.8,0
ASSET-92465059,2026-06-01,63.03,1.404,79.2,57.0,0
ASSET-92465059,2026-06-02,72.57,1.442,77.1,45.0,0
ASSET-92465059,2026-06-03,66.46,1.369,80.2,30.0,0
ASSET-92465059,2026-06-04,63.75,1.264,85.7,54.4,0
ASSET-92465059,2026-06-05,66.76,1.918,85.7,58.0,0
ASSET-92465059,2026-06-06,61.1,1.76,71.5,45.7,0
ASSET-92465059,2026-06-07,65.04,1.61,78.1,31.1,0
ASSET-92465059,2026-06-08,64.44,1.576,82.6,52.0,0
ASSET-92465059,2026-06-09,64.53,1.79,74.8,66.9,0
ASSET-92465059,2026-06-10,68.1,1.133,88.9,44.3,0
ASSET-92465059,2026-06-11,64.86,1.511,75.5,39.7,0
ASSET-92465059,2026-06-12,69.58,1.555,76.0,40.1,0
ASSET-92465059,2026-06-13,61.27,1.405,76.5,53.4,0
ASSET-92465059,2026-06-14,70.31,1.484,78.8,61.2,0
ASSET-92465059,2026-06-15,63.14,1.59,89.3,43.9,0
ASSET-92465059,2026-06-16,58.59,1.765,79.7,34.8,0
ASSET-92465059,2026-06-17,62.65,1.876,75.7,52.4,0
ASSET-92465059,2026-06-18,62.46,1.626,70.9,55.3,0
ASSET-92465059,2026-06-19,70.02,1.147,76.9,52.1,0
ASSET-92465059,2026-06-20,65.5,1.043,83.3,50.1,0
ASSET-92465059,2026-06-21,60.32,1.202,78.3,51.0,0
ASSET-92465059,2026-06-22,64.15,1.539,83.1,44.3,0
ASSET-92465059,2026-06-23,70.05,1.405,83.1,50.4,0
ASSET-92465059,2026-06-24,62.24,1.667,85.9,62.0,0
ASSET-92465059,2026-06-25,60.62,1.523,85.2,48.2,0
ASSET-92465059,2026-06-26,67.14,1.566,76.0,39.8,0
ASSET-92465059,2026-06-27,66.92,1.091,78.3,54.3,0
ASSET-92465059,2026-06-28,69.21,1.478,82.7,58.8,0
ASSET-92465059,2026-06-29,66.57,1.171,82.4,60.2,0
ASSET-92465059,2026-06-30,66.63,1.454,83.1,50.0,0
ASSET-92465059,2026-07-01,61.06,1.591,80.9,57.4,0
ASSET-92465059,2026-07-02,62.96,1.417,74.5,52.4,0
ASSET-92465059,2026-07-03,72.06,1.718,83.5,43.6,0
ASSET-92465059,2026-07-04,67.04,1.329,78.7,57.0,0
ASSET-92465059,2026-07-05,63.32,1.737,81.3,33.1,0
ASSET-92465059,2026-07-06,63.77,1.822,83.0,43.8,0
ASSET-92465059,2026-07-07,61.78,1.564,83.9,56.3,0
ASSET-92465059,2026-07-08,63.2,1.468,76.4,65.8,0
ASSET-92465059,2026-07-09,58.86,1.593,78.6,58.4,0
ASSET-92465059,2026-07-10,61.93,0.921,81.6,56.7,0
ASSET-92465059,2026-07-11,58.51,1.256,81.2,79.6,0
ASSET-92465059,2026-07-12,66.59,1.518,83.6,29.5,0
ASSET-92465059,2026-07-13,68.1,1.249,76.5,54.5,0
ASSET-92465059,2026-07-14,66.98,1.649,80.4,44.2,0
ASSET-92465059,2026-07-15,62.8,1.394,89.2,58.0,0
ASSET-92465059,2026-07-16,65.83,1.823,85.2,50.8,0
ASSET-92465059,2026-07-17,64.21,1.684,80.3,48.4,0
ASSET-92465059,2026-07-18,71.52,1.672,82.6,43.8,0
ASSET-92465059,2026-07-19,70.75,1.593,84.0,31.7,0
ASSET-92465059,2026-07-20,60.93,1.725,81.0,57.3,0
ASSET-92465059,2026-07-21,67.05,1.645,78.4,42.1,0
ASSET-92465059,2026-07-22,67.18,1.581,83.1,42.4,0
ASSET-92465059,2026-07-23,63.14,1.435,83.4,33.1,0
ASSET-92465059,2026-07-24,66.42,1.749,76.8,47.9,0
ASSET-92465059,2026-07-25,63.49,1.305,79.6,56.7,0
ASSET-92465059,2026-07-26,65.99,1.692,84.4,66.3,0
ASSET-92465059,2026-07-27,65.25,1.644,82.4,60.0,0
ASSET-92465059,2026-07-28,64.93,1.711,71.5,49.7,0
ASSET-92465059,2026-07-29,65.24,2.054,86.0,56.3,0
ASSET-92465059,2026-07-30,63.47,1.522,79.3,44.3,0
ASSET-92465059,2026-07-31,65.28,1.494,77.5,63.6,0
ASSET-92465059,2026-08-01,66.42,1.56,76.6,49.7,0
ASSET-92465059,2026-08-02,66.41,1.138,79.4,41.2,0
ASSET-92465059,2026-08-03,64.49,1.852,70.9,65.8,0
ASSET-92465059,2026-08-04,59.04,1.761,88.9,31.3,0
ASSET-92465059,2026-08-05,60.92,1.676,74.0,40.1,0
ASSET-92465059,2026-08-06,63.53,1.364,83.0,52.2,0
ASSET-92465059,2026-08-07,63.87,1.332,76.9,64.7,0
ASSET-92465059,2026-08-08,62.2,1.471,75.4,55.0,0
ASSET-92465059,2026-08-09,68.16,1.333,75.5,56.2,0
ASSET-92465059,2026-08-10,63.74,1.249,84.9,41.7,0
ASSET-92465059,2026-08-11,60.18,1.313,83.0,46.5,0
ASSET-92465059,2026-08-12,63.45,1.117,78.2,56.0,0
ASSET-92465059,2026-08-13,62.15,1.469,77.6,66.8,0
ASSET-92465059,2026-08-14,65.48,1.833,77.5,49.8,0
ASSET-92465059,2026-08-15,63.69,1.536,83.8,61.3,0
ASSET-92465059,2026-08-16,64.31,1.766,74.6,47.8,0
ASSET-92465059,2026-08-17,65.33,1.439,78.1,44.2,0
ASSET-92465059,2026-08-18,60.31,1.353,86.4,49.6,0
ASSET-92465059,2026-08-19,60.87,1.422,91.7,46.5,0
ASSET-92465059,2026-08-20,63.93,1.705,84.1,52.4,0
ASSET-92465059,2026-08-21,63.51,1.527,80.6,48.8,0
ASSET-92465059,2026-08-22,68.83,1.369,78.9,56.4,0
ASSET-92465059,2026-08-23,65.66,1.247,76.7,43.1,0
ASSET-92465059,2026-08-24,67.13,1.309,74.1,63.7,0
ASSET-92465059,2026-08-25,69.23,1.665,76.1,67.2,0
ASSET-92465059,2026-08-26,66.88,1.335,87.8,59.1,0
ASSET-92465059,2026-08-27,57.87,1.571,96.5,56.4,0
ASSET-92465059,2026-08-28,67.56,1.568,82.2,53.6,0
ASSET-92465059,2026-08-29,66.96,1.438,80.9,57.9,0
ASSET-92465059,2026-08-30,62.7,1.492,93.0,37.6,0
ASSET-92465059,2026-08-31,70.97,1.783,78.0,63.1,0
ASSET-92465059,2026-09-01,56.89,1.431,84.5,37.2,0
ASSET-92465059,2026-09-02,61.87,1.201,87.5,60.5,0
ASSET-92465059,2026-09-03,67.33,1.471,73.8,65.1,0
ASSET-92465059,2026-09-04,64.97,1.319,78.8,46.1,0
ASSET-92465059,2026-09-05,67.31,1.878,73.1,57.1,0
ASSET-92465059,2026-09-06,67.89,1.496,86.4,52.2,0
ASSET-92465059,2026-09-07,61.54,1.194,87.6,54.5,0
ASSET-92465059,2026-09-08,65.74,1.611,89.0,39.8,0
ASSET-92465059,2026-09-09,69.42,1.319,71.8,43.5,0
ASSET-92465059,2026-09-10,62.09,1.428,72.9,40.4,0
ASSET-92465059,2026-09-11,70.56,1.812,81.1,44.6,0
ASSET-92465059,2026-09-12,62.69,1.441,74.7,41.8,0
ASSET-92465059,2026-09-13,68.03,1.732,79.1,57.0,0
ASSET-92465059,2026-09-14,63.88,1.64,75.8,69.1,0
ASSET-92465059,2026-09-15,64.56,1.178,85.0,48.3,0
ASSET-845FD0E8,2026-03-20,66.21,1.899,85.4,64.2,0
ASSET-845FD0E8,2026-03-21,64.98,1.797,78.5,26.5,0
ASSET-845FD0E8,2026-03-22,65.31,1.707,78.5,58.0,0
ASSET-845FD0E8,2026-03-23,67.76,1.864,79.9,73.7,0
ASSET-845FD0E8,2026-03-24,63.39,1.836,83.0,52.1,0
ASSET-845FD0E8,2026-03-25,68.11,1.374,84.3,43.8,0
ASSET-845FD0E8,2026-03-26,68.35,1.751,85.9,58.6,0
ASSET-845FD0E8,2026-03-27,63.3,1.811,72.8,55.7,0
ASSET-845FD0E8,2026-03-28,65.57,1.372,77.5,37.7,0
ASSET-845FD0E8,2026-03-29,70.78,1.395,80.9,67.7,0
ASSET-845FD0E8,2026-03-30,60.8,1.633,79.8,52.1,0
ASSET-845FD0E8,2026-03-31,66.36,1.604,79.8,45.8,0
ASSET-845FD0E8,2026-04-01,60.18,1.883,75.6,54.1,0
ASSET-845FD0E8,2026-04-02,63.65,1.539,67.6,48.2,0
ASSET-845FD0E8,2026-04-03,63.99,1.57,73.6,56.6,0
ASSET-845FD0E8,2026-04-04,61.63,1.988,84.4,46.9,0
ASSET-845FD0E8,2026-04-05,58.17,1.537,74.5,50.3,0
ASSET-845FD0E8,2026-04-06,65.23,1.242,73.9,53.7,0
ASSET-845FD0E8,2026-04-07,66.89,1.533,82.7,61.3,0
ASSET-845FD0E8,2026-04-08,64.75,1.629,81.7,42.5,0
ASSET-845FD0E8,2026-04-09,62.16,1.502,83.3,50.5,0
ASSET-845FD0E8,2026-04-10,68.49,1.635,84.0,55.5,0
ASSET-845FD0E8,2026-04-11,62.49,1.226,83.7,52.2,0
ASSET-845FD0E8,2026-04-12,63.1,1.157,75.4,49.5,0
ASSET-845FD0E8,2026-04-13,60.02,1.631,77.8,59.8,0
ASSET-845FD0E8,2026-04-14,64.55,1.364,80.9,45.1,0
ASSET-845FD0E8,2026-04-15,61.95,1.371,80.8,56.4,0
ASSET-845FD0E8,2026-04-16,67.12,1.265,70.3,50.2,0
ASSET-845FD0E8,2026-04-17,66.11,1.102,66.7,59.6,0
ASSET-845FD0E8,2026-04-18,64.37,1.642,83.3,45.2,0
ASSET-845FD0E8,2026-04-19,60.52,1.229,85.1,57.8,0
ASSET-845FD0E8,2026-04-20,59.28,1.628,88.0,32.3,0
ASSET-845FD0E8,2026-04-21,65.6,1.404,91.6,55.3,0
ASSET-845FD0E8,2026-04-22,66.96,1.55,78.0,41.3,0
ASSET-845FD0E8,2026-04-23,68.13,1.038,80.5,46.8,0
ASSET-845FD0E8,2026-04-24,60.39,1.288,82.4,54.3,0
ASSET-845FD0E8,2026-04-25,67.62,1.324,79.9,56.4,0
ASSET-845FD0E8,2026-04-26,59.93,1.266,76.2,59.0,0
ASSET-845FD0E8,2026-04-27,68.35,1.131,82.8,43.9,0
ASSET-845FD0E8,2026-04-28,61.63,1.34,79.3,36.9,0
ASSET-845FD0E8,2026-04-29,66.38,1.303,72.7,50.6,0
ASSET-845FD0E8,2026-04-30,62.39,1.356,82.6,39.9,0
ASSET-845FD0E8,2026-05-01,60.21,1.649,89.2,54.7,0
ASSET-845FD0E8,2026-05-02,64.76,1.698,81.2,48.2,0
ASSET-845FD0E8,2026-05-03,66.78,1.147,67.5,54.1,0
ASSET-845FD0E8,2026-05-04,65.51,1.183,71.3,53.3,0
ASSET-845FD0E8,2026-05-05,67.26,1.281,71.3,42.0,0
ASSET-845FD0E8,2026-05-06,63.19,1.531,82.3,45.4,0
ASSET-845FD0E8,2026-05-07,64.21,1.604,76.9,57.2,0
ASSET-845FD0E8,2026-05-08,61.92,1.408,79.2,40.3,0
ASSET-845FD0E8,2026-05-09,71.68,1.74,78.1,56.6,0
ASSET-845FD0E8,2026-05-10,61.04,1.575,72.9,37.2,0
ASSET-845FD0E8,2026-05-11,63.96,1.56,79.8,47.0,0
ASSET-845FD0E8,2026-05-12,61.87,1.492,83.7,37.1,0
ASSET-845FD0E8,2026-05-13,64.77,1.578,92.3,45.3,0
ASSET-845FD0E8,2026-05-14,65.44,1.684,84.8,20.6,0
ASSET-845FD0E8,2026-05-15,61.57,1.594,77.9,70.4,0
ASSET-845FD0E8,2026-05-16,68.29,1.655,78.7,68.0,0
ASSET-845FD0E8,2026-05-17,64.94,1.865,70.1,65.1,0
ASSET-845FD0E8,2026-05-18,67.23,1.331,74.9,41.2,0
ASSET-845FD0E8,2026-05-19,63.67,1.49,80.7,52.6,0
ASSET-845FD0E8,2026-05-20,67.81,1.576,76.2,49.9,0
ASSET-845FD0E8,2026-05-21,66.63,1.311,80.9,50.3,0
ASSET-845FD0E8,2026-05-22,63.25,1.523,77.7,57.7,0
ASSET-845FD0E8,2026-05-23,63.17,1.534,78.3,30.2,0
ASSET-845FD0E8,2026-05-24,66.03,1.469,81.5,55.1,0
ASSET-845FD0E8,2026-05-25,59.92,2.127,77.2,44.7,0
ASSET-845FD0E8,2026-05-26,64.29,1.359,82.8,60.8,0
ASSET-845FD0E8,2026-05-27,63.39,1.427,81.7,41.1,0
ASSET-845FD0E8,2026-05-28,67.04,1.601,80.5,39.9,0
ASSET-845FD0E8,2026-05-29,61.12,1.348,81.4,45.1,0
ASSET-845FD0E8,2026-05-30,67.73,1.215,78.1,56.5,0
ASSET-845FD0E8,2026-05-31,68.97,1.356,72.8,47.5,0
ASSET-845FD0E8,2026-06-01,65.05,1.171,87.6,53.6,0
ASSET-845FD0E8,2026-06-02,64.99,1.395,74.7,36.5,0
ASSET-845FD0E8,2026-06-03,63.22,1.484,82.1,66.9,0
ASSET-845FD0E8,2026-06-04,64.59,1.766,86.5,71.8,0
ASSET-845FD0E8,2026-06-05,63.89,1.608,81.8,56.0,0
ASSET-845FD0E8,2026-06-06,64.77,1.469,84.9,51.0,0
ASSET-845FD0E8,2026-06-07,67.79,1.537,83.0,37.8,0
ASSET-845FD0E8,2026-06-08,61.67,1.598,84.3,45.9,0
ASSET-845FD0E8,2026-06-09,64.18,1.678,89.2,49.8,0
ASSET-845FD0E8,2026-06-10,67.8,1.286,73.9,42.4,0
ASSET-845FD0E8,2026-06-11,64.42,1.595,80.4,40.2,0
ASSET-845FD0E8,2026-06-12,65.58,1.031,86.2,59.8,0
ASSET-845FD0E8,2026-06-13,68.07,1.604,89.9,49.4,0
ASSET-845FD0E8,2026-06-14,67.75,1.24,82.2,39.4,0
ASSET-845FD0E8,2026-06-15,65.19,1.454,79.6,39.6,0
ASSET-845FD0E8,2026-06-16,66.59,1.788,79.1,42.3,0
ASSET-845FD0E8,2026-06-17,65.45,1.363,87.0,27.4,0
ASSET-845FD0E8,2026-06-18,64.76,1.742,86.1,58.9,0
ASSET-845FD0E8,2026-06-19,60.39,1.802,84.4,37.3,0
ASSET-845FD0E8,2026-06-20,65.33,1.571,80.9,37.7,0
ASSET-845FD0E8,2026-06-21,64.91,1.676,72.5,55.8,0
ASSET-845FD0E8,2026-06-22,56.78,1.457,77.6,41.0,0
ASSET-845FD0E8,2026-06-23,68.38,1.409,88.2,31.5,0
ASSET-845FD0E8,2026-06-24,65.23,1.727,84.0,62.1,0
ASSET-845FD0E8,2026-06-25,64.15,1.695,83.4,51.0,0
ASSET-845FD0E8,2026-06-26,67.69,1.542,75.5,45.3,0
ASSET-845FD0E8,2026-06-27,63.78,1.346,79.1,36.4,0
ASSET-845FD0E8,2026-06-28,63.18,1.418,76.6,52.2,0
ASSET-845FD0E8,2026-06-29,60.84,1.479,87.5,29.5,0
ASSET-845FD0E8,2026-06-30,61.76,1.705,79.6,52.9,0
ASSET-845FD0E8,2026-07-01,66.27,1.313,73.1,54.7,0
ASSET-845FD0E8,2026-07-02,65.41,1.769,83.3,56.8,0
ASSET-845FD0E8,2026-07-03,63.44,1.055,81.4,49.4,0
ASSET-845FD0E8,2026-07-04,69.37,1.876,78.0,40.3,0
ASSET-845FD0E8,2026-07-05,66.94,1.461,65.4,46.5,0
ASSET-845FD0E8,2026-07-06,64.57,1.537,74.0,39.6,0
ASSET-845FD0E8,2026-07-07,63.28,1.38,80.0,55.9,0
ASSET-845FD0E8,2026-07-08,61.26,1.653,80.6,43.2,0
ASSET-845FD0E8,2026-07-09,66.5,1.675,81.9,66.4,0
ASSET-845FD0E8,2026-07-10,72.64,1.481,73.1,39.2,0
ASSET-845FD0E8,2026-07-11,63.16,1.608,78.1,49.9,0
ASSET-845FD0E8,2026-07-12,67.5,1.329,82.1,45.8,0
ASSET-845FD0E8,2026-07-13,62.16,1.346,77.7,66.5,0
ASSET-845FD0E8,2026-07-14,58.74,1.222,72.9,65.1,0
ASSET-845FD0E8,2026-07-15,65.0,1.261,79.3,51.3,0
ASSET-845FD0E8,2026-07-16,62.02,1.513,70.8,52.0,0
ASSET-845FD0E8,2026-07-17,64.1,1.669,76.3,44.9,0
ASSET-845FD0E8,2026-07-18,65.78,1.5,77.0,48.9,0
ASSET-845FD0E8,2026-07-19,68.66,1.238,80.9,65.3,0
ASSET-845FD0E8,2026-07-20,65.16,1.743,71.9,63.9,0
ASSET-845FD0E8,2026-07-21,63.05,1.592,84.6,50.7,0
ASSET-845FD0E8,2026-07-22,67.63,1.328,77.6,42.0,0
ASSET-845FD0E8,2026-07-23,65.62,1.453,77.2,63.0,0
ASSET-845FD0E8,2026-07-24,64.8,1.494,73.4,55.1,0
ASSET-845FD0E8,2026-07-25,68.02,1.67,76.8,52.8,0
ASSET-845FD0E8,2026-07-26,61.65,1.911,85.1,62.2,0
ASSET-845FD0E8,2026-07-27,62.66,1.709,78.4,34.4,0
ASSET-845FD0E8,2026-07-28,64.11,1.198,74.4,37.3,0
ASSET-845FD0E8,2026-07-29,66.59,1.669,71.5,55.0,0
ASSET-845FD0E8,2026-07-30,63.65,1.247,78.9,33.9,0
ASSET-845FD0E8,2026-07-31,68.02,1.255,84.0,61.6,0
ASSET-845FD0E8,2026-08-01,66.65,1.46,87.5,49.3,0
ASSET-845FD0E8,2026-08-02,63.49,1.531,81.6,44.4,0
ASSET-845FD0E8,2026-08-03,68.24,1.651,79.2,49.3,0
ASSET-845FD0E8,2026-08-04,68.93,1.42,72.6,55.2,0
ASSET-845FD0E8,2026-08-05,69.31,1.424,79.1,68.2,0
ASSET-845FD0E8,2026-08-06,66.23,1.432,80.2,26.0,0
ASSET-845FD0E8,2026-08-07,62.78,1.514,72.8,36.5,0
ASSET-845FD0E8,2026-08-08,64.34,1.911,78.9,59.8,0
ASSET-845FD0E8,2026-08-09,68.33,1.204,77.8,49.7,0
ASSET-845FD0E8,2026-08-10,64.51,1.685,81.4,35.5,0
ASSET-845FD0E8,2026-08-11,60.93,1.729,86.2,35.1,0
ASSET-845FD0E8,2026-08-12,66.64,1.433,78.7,52.5,0
ASSET-845FD0E8,2026-08-13,64.79,1.349,79.0,41.4,0
ASSET-845FD0E8,2026-08-14,64.06,1.484,81.9,47.5,0
ASSET-845FD0E8,2026-08-15,69.97,1.309,84.4,50.9,0
ASSET-845FD0E8,2026-08-16,71.48,1.782,78.9,52.7,0
ASSET-845FD0E8,2026-08-17,64.99,1.444,76.6,37.3,0
ASSET-845FD0E8,2026-08-18,64.4,2.059,74.7,40.3,0
ASSET-845FD0E8,2026-08-19,65.23,1.429,80.3,50.4,0
ASSET-845FD0E8,2026-08-20,63.58,1.483,78.3,52.5,0
ASSET-845FD0E8,2026-08-21,65.45,1.623,79.0,25.1,0
ASSET-845FD0E8,2026-08-22,65.91,1.597,85.7,56.6,0
ASSET-845FD0E8,2026-08-23,65.74,1.344,80.8,61.7,0
ASSET-845FD0E8,2026-08-24,66.36,1.533,76.2,52.6,0
ASSET-845FD0E8,2026-08-25,65.17,1.408,77.7,64.2,0
ASSET-845FD0E8,2026-08-26,65.65,1.256,93.1,54.0,0
ASSET-845FD0E8,2026-08-27,65.35,1.273,85.0,60.4,0
ASSET-845FD0E8,2026-08-28,57.99,1.376,80.9,56.0,0
ASSET-845FD0E8,2026-08-29,69.45,1.597,74.6,50.2,0
ASSET-845FD0E8,2026-08-30,66.1,1.687,81.6,27.9,0
ASSET-845FD0E8,2026-08-31,57.38,1.308,79.5,62.8,0
ASSET-845FD0E8,2026-09-01,69.75,1.665,76.1,55.0,0
ASSET-845FD0E8,2026-09-02,61.15,1.628,78.6,60.1,0
ASSET-845FD0E8,2026-09-03,66.88,1.595,74.1,48.2,0
ASSET-845FD0E8,2026-09-04,64.33,1.377,77.5,56.4,0
ASSET-845FD0E8,2026-09-05,67.79,1.709,84.9,36.0,0
ASSET-845FD0E8,2026-09-06,64.26,1.705,84.9,40.0,0
ASSET-845FD0E8,2026-09-07,63.21,1.332,84.8,42.5,0
ASSET-845FD0E8,2026-09-08,62.9,1.466,80.2,48.4,0
ASSET-845FD0E8,2026-09-09,62.49,1.388,82.9,35.3,0
ASSET-845FD0E8,2026-09-10,70.3,1.972,86.3,48.8,0
ASSET-845FD0E8,2026-09-11,62.3,1.616,79.0,53.5,0
ASSET-845FD0E8,2026-09-12,67.02,1.633,79.0,56.2,0
ASSET-845FD0E8,2026-09-13,63.06,0.949,78.5,51.7,0
ASSET-845FD0E8,2026-09-14,69.18,1.63,82.0,42.3,0
ASSET-845FD0E8,2026-09-15,63.0,1.481,88.6,47.5,0
ASSET-474435F5,2026-03-20,65.07,1.145,68.2,55.4,0
ASSET-474435F5,2026-03-21,63.71,1.518,86.5,52.8,0
ASSET-474435F5,2026-03-22,70.59,1.467,84.4,58.7,0
ASSET-474435F5,2026-03-23,66.43,1.627,78.3,65.6,0
ASSET-474435F5,2026-03-24,58.25,1.107,82.0,23.7,0
ASSET-474435F5,2026-03-25,66.19,1.425,75.1,38.8,0
ASSET-474435F5,2026-03-26,66.44,1.224,88.0,41.6,0
ASSET-474435F5,2026-03-27,63.37,1.688,62.9,36.8,0
ASSET-474435F5,2026-03-28,68.05,1.7,81.9,53.5,0
ASSET-474435F5,2026-03-29,67.03,1.541,79.6,61.1,0
ASSET-474435F5,2026-03-30,62.13,1.439,76.1,43.8,0
ASSET-474435F5,2026-03-31,64.42,1.556,82.6,52.2,0
ASSET-474435F5,2026-04-01,67.8,1.545,79.8,36.7,0
ASSET-474435F5,2026-04-02,69.17,1.49,70.2,62.6,0
ASSET-474435F5,2026-04-03,70.7,1.134,73.5,38.5,0
ASSET-474435F5,2026-04-04,62.94,1.478,81.5,65.1,0
ASSET-474435F5,2026-04-05,68.42,1.415,80.8,46.4,0
ASSET-474435F5,2026-04-06,60.91,1.549,77.6,54.7,0
ASSET-474435F5,2026-04-07,65.12,1.445,70.0,56.5,0
ASSET-474435F5,2026-04-08,60.62,1.849,81.2,41.7,0
ASSET-474435F5,2026-04-09,67.01,1.522,79.5,65.5,0
ASSET-474435F5,2026-04-10,64.78,1.883,86.2,39.1,0
ASSET-474435F5,2026-04-11,66.93,1.709,76.8,51.3,0
ASSET-474435F5,2026-04-12,70.65,1.593,85.5,51.8,0
ASSET-474435F5,2026-04-13,63.42,1.602,74.7,48.6,0
ASSET-474435F5,2026-04-14,64.97,1.543,79.6,43.6,0
ASSET-474435F5,2026-04-15,62.42,1.374,76.3,52.7,0
ASSET-474435F5,2026-04-16,61.18,1.668,79.5,58.0,0
ASSET-474435F5,2026-04-17,65.01,1.678,77.4,60.6,0
ASSET-474435F5,2026-04-18,63.06,1.588,85.4,49.7,0
ASSET-474435F5,2026-04-19,66.33,1.73,83.6,49.2,0
ASSET-474435F5,2026-04-20,72.58,1.526,79.0,46.0,0
ASSET-474435F5,2026-04-21,64.5,1.065,84.6,56.7,0
ASSET-474435F5,2026-04-22,62.85,1.495,77.7,30.5,0
ASSET-474435F5,2026-04-23,64.38,1.311,77.5,58.3,0
ASSET-474435F5,2026-04-24,69.42,1.688,78.2,46.8,0
ASSET-474435F5,2026-04-25,63.78,1.404,79.7,51.7,0
ASSET-474435F5,2026-04-26,68.32,1.161,84.9,36.2,0
ASSET-474435F5,2026-04-27,68.3,1.315,86.7,46.6,0
ASSET-474435F5,2026-04-28,65.73,1.568,75.0,57.5,0
ASSET-474435F5,2026-04-29,68.55,1.527,76.7,49.5,0
ASSET-474435F5,2026-04-30,63.11,1.208,77.5,51.6,0
ASSET-474435F5,2026-05-01,68.42,1.285,78.3,53.6,0
ASSET-474435F5,2026-05-02,65.65,1.562,78.6,38.4,0
ASSET-474435F5,2026-05-03,71.71,1.483,83.8,50.1,0
ASSET-474435F5,2026-05-04,60.17,1.75,80.7,26.4,0
ASSET-474435F5,2026-05-05,68.34,1.686,76.2,45.9,0
ASSET-474435F5,2026-05-06,69.84,1.221,84.7,49.4,0
ASSET-474435F5,2026-05-07,64.9,1.097,78.9,58.2,0
ASSET-474435F5,2026-05-08,64.99,1.243,80.3,55.7,0
ASSET-474435F5,2026-05-09,64.91,1.067,74.8,33.1,0
ASSET-474435F5,2026-05-10,68.64,1.43,86.5,59.2,0
ASSET-474435F5,2026-05-11,63.04,1.745,80.5,53.5,0
ASSET-474435F5,2026-05-12,62.89,1.432,81.7,66.3,0
ASSET-474435F5,2026-05-13,60.81,1.332,78.7,51.1,0
ASSET-474435F5,2026-05-14,62.41,1.511,78.2,41.5,0
ASSET-474435F5,2026-05-15,62.62,1.447,80.4,39.3,0
ASSET-474435F5,2026-05-16,58.29,1.158,82.0,50.1,0
ASSET-474435F5,2026-05-17,66.75,1.664,70.3,45.1,0
ASSET-474435F5,2026-05-18,69.09,1.457,89.1,54.0,0
ASSET-474435F5,2026-05-19,67.8,1.857,85.1,45.5,0
ASSET-474435F5,2026-05-20,65.34,1.325,78.6,61.8,0
ASSET-474435F5,2026-05-21,66.28,2.16,82.9,36.1,0
ASSET-474435F5,2026-05-22,58.6,1.452,81.9,66.0,0
ASSET-474435F5,2026-05-23,65.27,1.594,84.8,40.5,0
ASSET-474435F5,2026-05-24,65.81,1.757,84.0,42.2,0
ASSET-474435F5,2026-05-25,67.4,1.792,81.3,57.5,0
ASSET-474435F5,2026-05-26,59.57,1.753,72.1,50.6,0
ASSET-474435F5,2026-05-27,58.71,1.303,70.5,28.8,0
ASSET-474435F5,2026-05-28,63.51,1.646,88.1,50.2,0
ASSET-474435F5,2026-05-29,69.75,1.419,72.1,63.6,0
ASSET-474435F5,2026-05-30,65.28,1.888,78.5,47.9,0
ASSET-474435F5,2026-05-31,71.58,1.477,77.1,50.8,0
ASSET-474435F5,2026-06-01,59.15,1.404,77.9,49.7,0
ASSET-474435F5,2026-06-02,69.64,1.697,78.4,48.6,0
ASSET-474435F5,2026-06-03,68.37,1.233,88.0,57.8,0
ASSET-474435F5,2026-06-04,65.21,1.758,80.9,41.9,0
ASSET-474435F5,2026-06-05,68.32,1.587,79.7,57.8,0
ASSET-474435F5,2026-06-06,68.57,1.511,64.1,50.1,0
ASSET-474435F5,2026-06-07,67.77,1.567,82.8,55.5,0
ASSET-474435F5,2026-06-08,65.85,1.539,86.1,40.7,0
ASSET-474435F5,2026-06-09,69.82,1.726,70.4,34.2,0
ASSET-474435F5,2026-06-10,65.27,1.139,85.6,50.0,0
ASSET-474435F5,2026-06-11,63.43,1.447,71.6,49.4,0
ASSET-474435F5,2026-06-12,66.41,1.571,85.1,46.9,0
ASSET-474435F5,2026-06-13,66.53,1.146,76.8,54.1,0
ASSET-474435F5,2026-06-14,60.65,2.014,71.3,67.4,0
ASSET-474435F5,2026-06-15,68.25,1.369,83.0,49.2,0
ASSET-474435F5,2026-06-16,63.38,1.679,83.6,59.7,0
ASSET-474435F5,2026-06-17,65.77,1.252,89.1,60.1,0
ASSET-474435F5,2026-06-18,66.75,1.529,83.4,37.6,0
ASSET-474435F5,2026-06-19,67.19,1.668,81.1,62.7,0
ASSET-474435F5,2026-06-20,70.37,1.564,81.4,50.9,0
ASSET-474435F5,2026-06-21,67.12,1.692,70.1,47.2,0
ASSET-474435F5,2026-06-22,65.1,1.437,88.1,69.2,0
ASSET-474435F5,2026-06-23,69.65,1.391,83.2,68.8,0
ASSET-474435F5,2026-06-24,61.35,1.91,77.0,55.1,0
ASSET-474435F5,2026-06-25,62.93,1.617,84.0,60.5,0
ASSET-474435F5,2026-06-26,64.81,1.775,78.6,51.4,0
ASSET-474435F5,2026-06-27,57.42,1.399,84.7,53.4,0
ASSET-474435F5,2026-06-28,66.0,1.694,77.4,55.4,0
ASSET-474435F5,2026-06-29,63.8,1.626,74.7,38.6,0
ASSET-474435F5,2026-06-30,66.36,1.497,89.5,46.4,0
ASSET-474435F5,2026-07-01,65.06,1.616,87.7,44.6,0
ASSET-474435F5,2026-07-02,69.43,1.549,81.5,46.3,0
ASSET-474435F5,2026-07-03,64.61,1.245,86.6,64.7,0
ASSET-474435F5,2026-07-04,67.19,1.501,74.0,36.7,0
ASSET-474435F5,2026-07-05,70.86,1.408,77.7,65.3,0
ASSET-474435F5,2026-07-06,66.93,1.524,76.3,64.7,0
ASSET-474435F5,2026-07-07,63.25,1.944,76.0,49.7,0
ASSET-474435F5,2026-07-08,61.34,1.673,74.5,48.4,0
ASSET-474435F5,2026-07-09,66.1,1.572,75.8,42.2,0
ASSET-474435F5,2026-07-10,64.76,1.598,79.6,44.4,0
ASSET-474435F5,2026-07-11,63.44,1.524,81.2,46.9,0
ASSET-474435F5,2026-07-12,70.76,1.755,89.3,41.2,0
ASSET-474435F5,2026-07-13,62.38,1.422,86.9,56.7,0
ASSET-474435F5,2026-07-14,63.97,1.028,73.7,51.5,0
ASSET-474435F5,2026-07-15,66.72,1.506,73.0,46.9,0
ASSET-474435F5,2026-07-16,62.73,1.652,80.4,30.9,0
ASSET-474435F5,2026-07-17,65.78,1.546,80.3,49.9,0
ASSET-474435F5,2026-07-18,63.05,1.458,81.5,36.1,0
ASSET-474435F5,2026-07-19,66.75,1.564,81.3,62.5,0
ASSET-474435F5,2026-07-20,64.45,1.478,75.0,56.4,0
ASSET-474435F5,2026-07-21,66.07,1.354,79.1,34.0,0
ASSET-474435F5,2026-07-22,63.79,1.426,78.9,64.4,0
ASSET-474435F5,2026-07-23,63.85,1.355,83.5,24.0,0
ASSET-474435F5,2026-07-24,66.08,1.713,69.8,46.0,0
ASSET-474435F5,2026-07-25,66.68,1.773,80.4,53.4,0
ASSET-474435F5,2026-07-26,65.96,1.567,84.0,49.7,0
ASSET-474435F5,2026-07-27,61.85,1.428,68.0,52.6,0
ASSET-474435F5,2026-07-28,67.63,1.287,82.4,58.7,0
ASSET-474435F5,2026-07-29,65.03,1.307,87.9,50.3,0
ASSET-474435F5,2026-07-30,68.04,1.283,75.5,47.9,0
ASSET-474435F5,2026-07-31,60.82,1.372,94.3,50.4,0
ASSET-474435F5,2026-08-01,62.88,1.663,72.9,38.7,0
ASSET-474435F5,2026-08-02,67.19,1.625,82.9,55.2,0
ASSET-474435F5,2026-08-03,70.14,1.45,86.0,67.0,0
ASSET-474435F5,2026-08-04,61.67,1.587,76.0,54.5,0
ASSET-474435F5,2026-08-05,58.66,1.834,83.8,51.8,0
ASSET-474435F5,2026-08-06,65.0,1.736,75.9,32.0,0
ASSET-474435F5,2026-08-07,65.7,1.652,68.6,49.6,0
ASSET-474435F5,2026-08-08,72.75,1.319,84.6,55.2,0
ASSET-474435F5,2026-08-09,63.25,1.601,82.2,46.4,0
ASSET-474435F5,2026-08-10,72.76,1.799,73.0,54.7,0
ASSET-474435F5,2026-08-11,61.3,1.201,86.6,53.6,0
ASSET-474435F5,2026-08-12,62.18,1.412,85.3,30.3,0
ASSET-474435F5,2026-08-13,62.87,1.487,74.2,53.4,0
ASSET-474435F5,2026-08-14,62.39,1.533,88.0,59.1,0
ASSET-474435F5,2026-08-15,67.21,1.22,79.3,53.8,0
ASSET-474435F5,2026-08-16,62.01,1.732,86.1,47.4,0
ASSET-474435F5,2026-08-17,58.4,1.161,84.0,68.6,0
ASSET-474435F5,2026-08-18,65.46,1.391,80.9,58.0,0
ASSET-474435F5,2026-08-19,64.18,1.714,80.3,61.7,0
ASSET-474435F5,2026-08-20,67.18,1.633,87.1,50.5,0
ASSET-474435F5,2026-08-21,66.66,1.339,88.0,55.9,0
ASSET-474435F5,2026-08-22,60.42,1.481,86.9,62.1,0
ASSET-474435F5,2026-08-23,65.16,1.578,73.6,59.6,0
ASSET-474435F5,2026-08-24,64.01,1.451,81.1,27.7,0
ASSET-474435F5,2026-08-25,65.15,1.562,78.8,62.4,0
ASSET-474435F5,2026-08-26,65.97,1.132,82.4,50.9,0
ASSET-474435F5,2026-08-27,58.71,1.462,72.1,38.8,0
ASSET-474435F5,2026-08-28,65.06,1.469,85.8,67.9,0
ASSET-474435F5,2026-08-29,64.63,1.115,82.6,51.2,0
ASSET-474435F5,2026-08-30,61.39,1.305,76.7,57.1,0
ASSET-474435F5,2026-08-31,64.91,1.464,82.4,48.6,0
ASSET-474435F5,2026-09-01,62.14,1.345,78.6,57.5,0
ASSET-474435F5,2026-09-02,65.67,1.255,75.3,60.8,0
ASSET-474435F5,2026-09-03,65.73,1.582,71.8,59.6,0
ASSET-474435F5,2026-09-04,61.3,1.433,79.3,37.5,0
ASSET-474435F5,2026-09-05,65.91,1.444,80.0,47.5,0
ASSET-474435F5,2026-09-06,63.31,1.492,78.3,50.1,0
ASSET-474435F5,2026-09-07,62.31,1.542,94.5,31.0,0
ASSET-474435F5,2026-09-08,68.22,1.704,79.1,59.6,0
ASSET-474435F5,2026-09-09,64.38,1.574,74.1,46.6,0
ASSET-474435F5,2026-09-10,68.18,1.287,79.6,48.1,0
ASSET-474435F5,2026-09-11,71.68,1.662,83.2,38.6,0
ASSET-474435F5,2026-09-12,62.82,1.79,87.4,38.3,0
ASSET-474435F5,2026-09-13,66.24,1.312,79.8,56.5,0
ASSET-474435F5,2026-09-14,65.84,1.454,81.3,62.5,0
ASSET-474435F5,2026-09-15,66.31,1.42,83.5,63.2,0
ASSET-78AF76D1,2026-03-20,63.97,1.57,78.5,52.0,0
ASSET-78AF76D1,2026-03-21,63.23,1.138,88.0,39.1,0
ASSET-78AF76D1,2026-03-22,69.18,1.332,83.2,54.1,0
ASSET-78AF76D1,2026-03-23,63.3,1.2,81.1,46.3,0
ASSET-78AF76D1,2026-03-24,65.36,1.23,69.9,45.5,0
ASSET-78AF76D1,2026-03-25,64.72,1.49,78.0,40.4,0
ASSET-78AF76D1,2026-03-26,64.09,1.241,90.7,59.4,0
ASSET-78AF76D1,2026-03-27,62.53,1.704,77.3,61.3,0
ASSET-78AF76D1,2026-03-28,68.52,1.656,76.5,43.4,0
ASSET-78AF76D1,2026-03-29,59.74,1.367,76.8,51.0,0
ASSET-78AF76D1,2026-03-30,62.19,1.531,83.4,62.2,0
ASSET-78AF76D1,2026-03-31,61.85,1.563,86.4,49.4,0
ASSET-78AF76D1,2026-04-01,64.42,1.718,72.1,44.4,0
ASSET-78AF76D1,2026-04-02,68.33,1.452,85.5,35.5,0
ASSET-78AF76D1,2026-04-03,63.43,1.641,84.8,46.0,0
ASSET-78AF76D1,2026-04-04,70.39,1.529,83.7,50.6,0
ASSET-78AF76D1,2026-04-05,58.59,1.596,79.5,53.9,0
ASSET-78AF76D1,2026-04-06,66.05,1.38,78.7,44.7,0
ASSET-78AF76D1,2026-04-07,62.77,1.639,79.3,51.6,0
ASSET-78AF76D1,2026-04-08,60.07,1.357,79.0,54.5,0
ASSET-78AF76D1,2026-04-09,68.28,1.797,79.0,59.3,0
ASSET-78AF76D1,2026-04-10,64.8,1.287,73.6,60.3,0
ASSET-78AF76D1,2026-04-11,62.54,1.444,79.2,73.7,0
ASSET-78AF76D1,2026-04-12,65.01,1.336,82.2,41.7,0
ASSET-78AF76D1,2026-04-13,66.05,1.836,79.0,60.0,0
ASSET-78AF76D1,2026-04-14,59.19,1.549,91.7,65.4,0
ASSET-78AF76D1,2026-04-15,63.25,1.977,85.7,41.1,0
ASSET-78AF76D1,2026-04-16,62.42,1.267,85.0,39.2,0
ASSET-78AF76D1,2026-04-17,56.85,1.556,77.4,60.1,0
ASSET-78AF76D1,2026-04-18,65.28,1.103,80.4,54.9,0
ASSET-78AF76D1,2026-04-19,60.55,1.479,73.9,60.1,0
ASSET-78AF76D1,2026-04-20,62.21,1.384,88.9,68.6,0
ASSET-78AF76D1,2026-04-21,65.92,1.411,78.1,79.8,0
ASSET-78AF76D1,2026-04-22,69.64,1.391,83.3,46.2,0
ASSET-78AF76D1,2026-04-23,67.51,1.345,84.8,58.5,0
ASSET-78AF76D1,2026-04-24,68.58,1.52,75.2,54.3,0
ASSET-78AF76D1,2026-04-25,68.3,1.52,75.4,46.6,0
ASSET-78AF76D1,2026-04-26,67.98,1.655,78.8,74.0,0
ASSET-78AF76D1,2026-04-27,66.23,1.621,76.4,55.6,0
ASSET-78AF76D1,2026-04-28,66.71,1.664,83.0,39.9,0
ASSET-78AF76D1,2026-04-29,63.46,1.59,80.4,67.6,0
ASSET-78AF76D1,2026-04-30,67.6,1.381,82.4,42.8,0
ASSET-78AF76D1,2026-05-01,65.48,1.631,85.0,49.5,0
ASSET-78AF76D1,2026-05-02,70.22,1.499,84.7,43.4,0
ASSET-78AF76D1,2026-05-03,64.23,1.522,75.2,52.7,0
ASSET-78AF76D1,2026-05-04,67.57,1.346,78.8,36.8,0
ASSET-78AF76D1,2026-05-05,68.39,1.374,87.6,53.6,0
ASSET-78AF76D1,2026-05-06,67.92,1.35,76.0,39.1,0
ASSET-78AF76D1,2026-05-07,67.86,1.086,80.2,35.4,0
ASSET-78AF76D1,2026-05-08,63.63,1.588,80.3,44.6,0
ASSET-78AF76D1,2026-05-09,63.37,1.524,79.1,27.9,0
ASSET-78AF76D1,2026-05-10,64.19,1.16,75.9,62.9,0
ASSET-78AF76D1,2026-05-11,64.52,1.387,86.6,54.8,0
ASSET-78AF76D1,2026-05-12,62.85,1.532,87.0,50.4,0
ASSET-78AF76D1,2026-05-13,67.32,1.329,78.0,56.6,0
ASSET-78AF76D1,2026-05-14,69.14,1.547,82.6,57.2,0
ASSET-78AF76D1,2026-05-15,59.48,1.52,79.8,51.4,0
ASSET-78AF76D1,2026-05-16,66.03,1.525,79.6,62.2,0
ASSET-78AF76D1,2026-05-17,64.82,1.453,82.5,39.7,0
ASSET-78AF76D1,2026-05-18,64.86,1.995,78.5,80.0,0
ASSET-78AF76D1,2026-05-19,62.28,1.117,71.6,41.0,0
ASSET-78AF76D1,2026-05-20,67.02,1.838,80.8,55.0,0
ASSET-78AF76D1,2026-05-21,57.27,1.733,87.6,53.5,0
ASSET-78AF76D1,2026-05-22,69.0,1.776,78.0,58.2,0
ASSET-78AF76D1,2026-05-23,66.0,1.651,86.5,36.2,0
ASSET-78AF76D1,2026-05-24,61.05,1.413,86.2,35.2,0
ASSET-78AF76D1,2026-05-25,61.05,1.586,76.6,55.7,0
ASSET-78AF76D1,2026-05-26,60.92,1.648,84.0,49.9,0
ASSET-78AF76D1,2026-05-27,65.57,1.418,81.5,58.9,0
ASSET-78AF76D1,2026-05-28,61.65,1.284,81.2,30.2,0
ASSET-78AF76D1,2026-05-29,64.95,1.493,83.2,72.1,0
ASSET-78AF76D1,2026-05-30,65.49,1.476,88.9,30.1,0
ASSET-78AF76D1,2026-05-31,68.54,1.758,80.8,54.4,0
ASSET-78AF76D1,2026-06-01,62.01,1.367,82.3,49.4,0
ASSET-78AF76D1,2026-06-02,65.68,1.095,84.8,56.8,0
ASSET-78AF76D1,2026-06-03,67.9,1.62,85.6,39.8,0
ASSET-78AF76D1,2026-06-04,58.13,1.4,82.1,49.8,0
ASSET-78AF76D1,2026-06-05,61.35,1.689,84.8,50.9,0
ASSET-78AF76D1,2026-06-06,67.05,1.468,85.6,53.5,0
ASSET-78AF76D1,2026-06-07,60.87,1.504,87.0,50.2,0
ASSET-78AF76D1,2026-06-08,67.94,1.706,80.7,43.4,0
ASSET-78AF76D1,2026-06-09,66.04,1.766,81.9,59.1,0
ASSET-78AF76D1,2026-06-10,63.69,1.297,77.1,58.2,0
ASSET-78AF76D1,2026-06-11,64.29,1.738,77.5,51.7,0
ASSET-78AF76D1,2026-06-12,58.06,1.581,86.0,46.3,0
ASSET-78AF76D1,2026-06-13,63.76,1.672,84.3,46.2,0
ASSET-78AF76D1,2026-06-14,67.88,1.755,77.9,47.5,0
ASSET-78AF76D1,2026-06-15,64.48,1.721,80.3,57.9,0
ASSET-78AF76D1,2026-06-16,68.36,1.827,82.1,45.0,0
ASSET-78AF76D1,2026-06-17,66.88,1.283,77.6,52.3,0
ASSET-78AF76D1,2026-06-18,60.21,1.418,79.2,55.1,0
ASSET-78AF76D1,2026-06-19,65.3,1.712,71.6,44.5,0
ASSET-78AF76D1,2026-06-20,61.42,1.554,79.6,38.4,0
ASSET-78AF76D1,2026-06-21,69.6,1.344,77.9,53.1,0
ASSET-78AF76D1,2026-06-22,65.63,1.659,80.6,29.4,0
ASSET-78AF76D1,2026-06-23,67.47,1.573,80.5,52.1,0
ASSET-78AF76D1,2026-06-24,65.66,1.202,86.6,55.7,0
ASSET-78AF76D1,2026-06-25,66.0,1.138,76.2,60.8,0
ASSET-78AF76D1,2026-06-26,69.34,1.568,76.2,56.0,0
ASSET-78AF76D1,2026-06-27,60.73,1.251,80.1,39.6,0
ASSET-78AF76D1,2026-06-28,68.0,1.562,84.0,48.3,0
ASSET-78AF76D1,2026-06-29,63.49,1.351,81.3,47.6,0
ASSET-78AF76D1,2026-06-30,65.14,1.438,84.8,41.1,0
ASSET-78AF76D1,2026-07-01,65.37,1.402,74.4,57.0,0
ASSET-78AF76D1,2026-07-02,72.91,1.212,84.0,42.7,0
ASSET-78AF76D1,2026-07-03,67.97,1.719,79.9,27.7,0
ASSET-78AF76D1,2026-07-04,63.14,1.545,77.3,27.8,0
ASSET-78AF76D1,2026-07-05,61.52,1.465,81.5,46.7,0
ASSET-78AF76D1,2026-07-06,63.64,1.45,75.5,62.4,0
ASSET-78AF76D1,2026-07-07,65.13,1.77,79.1,60.6,0
ASSET-78AF76D1,2026-07-08,64.16,1.256,82.9,59.7,0
ASSET-78AF76D1,2026-07-09,62.6,1.841,78.5,67.0,0
ASSET-78AF76D1,2026-07-10,66.07,1.563,79.2,55.4,0
ASSET-78AF76D1,2026-07-11,66.47,1.451,93.0,69.9,0
ASSET-78AF76D1,2026-07-12,61.25,1.478,83.1,44.7,0
ASSET-78AF76D1,2026-07-13,64.9,1.346,77.9,42.8,0
ASSET-78AF76D1,2026-07-14,64.49,1.708,81.7,44.5,0
ASSET-78AF76D1,2026-07-15,64.51,1.559,85.4,49.7,0
ASSET-78AF76D1,2026-07-16,70.95,1.452,78.9,46.0,0
ASSET-78AF76D1,2026-07-17,66.74,1.622,81.5,53.6,0
ASSET-78AF76D1,2026-07-18,66.26,1.73,78.3,56.4,0
ASSET-78AF76D1,2026-07-19,64.38,1.628,78.6,45.1,0
ASSET-78AF76D1,2026-07-20,68.47,1.516,84.2,56.6,0
ASSET-78AF76D1,2026-07-21,64.1,1.524,79.9,54.1,0
ASSET-78AF76D1,2026-07-22,66.15,1.462,85.9,52.6,0
ASSET-78AF76D1,2026-07-23,61.1,1.763,87.1,34.5,0
ASSET-78AF76D1,2026-07-24,65.09,1.569,82.4,47.1,0
ASSET-78AF76D1,2026-07-25,61.77,1.308,90.0,46.9,0
ASSET-78AF76D1,2026-07-26,64.43,1.426,75.8,31.4,0
ASSET-78AF76D1,2026-07-27,66.02,1.347,80.6,27.9,0
ASSET-78AF76D1,2026-07-28,69.35,1.497,66.5,47.7,0
ASSET-78AF76D1,2026-07-29,68.96,1.959,75.4,33.4,0
ASSET-78AF76D1,2026-07-30,62.7,1.545,86.3,42.5,0
ASSET-78AF76D1,2026-07-31,64.12,1.57,84.6,48.7,0
ASSET-78AF76D1,2026-08-01,66.17,1.431,81.5,57.3,0
ASSET-78AF76D1,2026-08-02,63.65,1.728,75.1,26.1,0
ASSET-78AF76D1,2026-08-03,60.09,1.303,83.8,41.9,0
ASSET-78AF76D1,2026-08-04,64.65,1.691,85.7,66.7,0
ASSET-78AF76D1,2026-08-05,67.41,1.686,85.5,48.5,0
ASSET-78AF76D1,2026-08-06,67.63,1.239,78.4,51.6,0
ASSET-78AF76D1,2026-08-07,60.93,1.349,86.1,59.0,0
ASSET-78AF76D1,2026-08-08,68.2,1.554,86.5,59.6,0
ASSET-78AF76D1,2026-08-09,65.23,1.491,80.4,43.7,0
ASSET-78AF76D1,2026-08-10,65.14,1.481,84.1,33.5,0
ASSET-78AF76D1,2026-08-11,58.82,1.371,82.8,52.7,0
ASSET-78AF76D1,2026-08-12,68.75,1.387,77.8,33.7,0
ASSET-78AF76D1,2026-08-13,61.29,1.496,77.7,45.5,0
ASSET-78AF76D1,2026-08-14,65.54,1.703,75.0,44.7,0
ASSET-78AF76D1,2026-08-15,67.37,1.229,81.6,62.6,0
ASSET-78AF76D1,2026-08-16,67.74,1.484,69.8,45.3,0
ASSET-78AF76D1,2026-08-17,67.13,1.213,83.4,47.7,0
ASSET-78AF76D1,2026-08-18,65.98,1.91,75.9,70.7,0
ASSET-78AF76D1,2026-08-19,67.28,1.566,83.7,73.6,0
ASSET-78AF76D1,2026-08-20,64.2,1.472,78.1,68.4,0
ASSET-78AF76D1,2026-08-21,65.67,1.986,71.4,80.0,0
ASSET-78AF76D1,2026-08-22,70.57,1.746,76.7,93.6,0
ASSET-78AF76D1,2026-08-23,71.21,2.292,69.0,69.1,0
ASSET-78AF76D1,2026-08-24,70.96,2.061,68.9,117.1,0
ASSET-78AF76D1,2026-08-25,68.66,2.41,74.6,119.8,0
ASSET-78AF76D1,2026-08-26,72.57,2.635,77.7,112.2,0
ASSET-78AF76D1,2026-08-27,72.75,2.582,70.9,145.6,0
ASSET-78AF76D1,2026-08-28,78.14,3.159,65.4,120.3,0
ASSET-78AF76D1,2026-08-29,76.32,3.111,70.7,153.1,0
ASSET-78AF76D1,2026-08-30,73.02,2.574,67.5,151.0,0
ASSET-78AF76D1,2026-08-31,80.91,3.185,68.8,159.6,0
ASSET-78AF76D1,2026-09-01,69.18,3.244,75.9,158.8,0
ASSET-78AF76D1,2026-09-02,74.85,3.289,63.6,176.3,0
ASSET-78AF76D1,2026-09-03,80.01,3.304,64.4,148.7,0
ASSET-78AF76D1,2026-09-04,84.24,3.801,57.8,202.8,0
ASSET-78AF76D1,2026-09-05,74.23,3.979,69.6,175.7,0
ASSET-78AF76D1,2026-09-06,92.32,3.758,63.8,192.2,0
ASSET-78AF76D1,2026-09-07,79.04,3.983,54.4,244.1,0
ASSET-78AF76D1,2026-09-08,81.63,3.854,56.6,188.1,0
ASSET-78AF76D1,2026-09-09,82.43,4.832,67.6,227.5,0
ASSET-78AF76D1,2026-09-10,80.09,4.002,62.8,210.3,0
ASSET-78AF76D1,2026-09-11,84.98,4.751,56.5,252.2,0
ASSET-78AF76D1,2026-09-12,84.04,4.985,53.1,185.8,0
ASSET-78AF76D1,2026-09-13,88.2,4.451,50.3,188.8,0
ASSET-78AF76D1,2026-09-14,84.84,4.655,59.0,223.7,0
ASSET-78AF76D1,2026-09-15,91.25,4.813,53.4,296.7,1
ASSET-FAD59EAD,2026-03-20,62.07,1.73,91.4,43.1,0
ASSET-FAD59EAD,2026-03-21,63.52,1.181,82.3,58.6,0
ASSET-FAD59EAD,2026-03-22,62.92,1.349,84.4,54.5,0
ASSET-FAD59EAD,2026-03-23,69.3,1.443,80.3,47.4,0
ASSET-FAD59EAD,2026-03-24,65.36,1.444,87.4,53.8,0
ASSET-FAD59EAD,2026-03-25,62.38,1.58,87.0,37.1,0
ASSET-FAD59EAD,2026-03-26,59.12,1.407,74.9,38.3,0
ASSET-FAD59EAD,2026-03-27,62.21,1.334,83.0,50.6,0
ASSET-FAD59EAD,2026-03-28,62.37,1.531,85.3,42.2,0
ASSET-FAD59EAD,2026-03-29,64.52,1.586,83.3,49.6,0
ASSET-FAD59EAD,2026-03-30,63.46,1.706,72.1,38.8,0
ASSET-FAD59EAD,2026-03-31,63.65,1.618,81.7,46.0,0
ASSET-FAD59EAD,2026-04-01,66.77,1.444,89.5,45.2,0
ASSET-FAD59EAD,2026-04-02,75.01,1.546,79.5,48.2,0
ASSET-FAD59EAD,2026-04-03,64.46,1.57,76.0,51.4,0
ASSET-FAD59EAD,2026-04-04,58.61,1.515,81.8,62.4,0
ASSET-FAD59EAD,2026-04-05,66.15,1.664,83.6,50.2,0
ASSET-FAD59EAD,2026-04-06,68.85,1.474,85.6,49.1,0
ASSET-FAD59EAD,2026-04-07,63.96,1.402,78.4,43.0,0
ASSET-FAD59EAD,2026-04-08,58.38,1.594,90.0,46.7,0
ASSET-FAD59EAD,2026-04-09,67.64,1.907,77.6,61.5,0
ASSET-FAD59EAD,2026-04-10,58.77,1.627,82.1,47.1,0
ASSET-FAD59EAD,2026-04-11,68.59,1.357,79.6,44.2,0
ASSET-FAD59EAD,2026-04-12,58.08,1.646,83.3,54.5,0
ASSET-FAD59EAD,2026-04-13,61.48,1.723,79.2,41.3,0
ASSET-FAD59EAD,2026-04-14,65.5,1.671,85.5,53.7,0
ASSET-FAD59EAD,2026-04-15,67.64,1.356,90.1,44.0,0
ASSET-FAD59EAD,2026-04-16,65.88,1.388,85.5,50.2,0
ASSET-FAD59EAD,2026-04-17,67.54,1.458,78.0,67.2,0
ASSET-FAD59EAD,2026-04-18,66.91,1.619,83.7,44.0,0
ASSET-FAD59EAD,2026-04-19,69.77,1.434,81.3,49.2,0
ASSET-FAD59EAD,2026-04-20,65.96,1.478,83.3,59.8,0
ASSET-FAD59EAD,2026-04-21,61.26,1.708,86.9,63.6,0
ASSET-FAD59EAD,2026-04-22,68.7,1.513,81.2,56.1,0
ASSET-FAD59EAD,2026-04-23,62.85,1.445,81.3,33.2,0
ASSET-FAD59EAD,2026-04-24,62.29,1.352,71.3,48.4,0
ASSET-FAD59EAD,2026-04-25,69.59,1.29,74.9,62.8,0
ASSET-FAD59EAD,2026-04-26,63.25,0.969,81.5,58.1,0
ASSET-FAD59EAD,2026-04-27,66.89,1.287,67.0,53.3,0
ASSET-FAD59EAD,2026-04-28,62.09,1.536,77.9,58.1,0
ASSET-FAD59EAD,2026-04-29,67.19,1.633,72.8,45.2,0
ASSET-FAD59EAD,2026-04-30,65.03,1.472,74.8,40.6,0
ASSET-FAD59EAD,2026-05-01,65.01,1.67,84.6,49.4,0
ASSET-FAD59EAD,2026-05-02,65.85,1.692,79.6,65.1,0
ASSET-FAD59EAD,2026-05-03,65.97,1.487,82.7,34.5,0
ASSET-FAD59EAD,2026-05-04,67.87,1.602,80.3,64.7,0
ASSET-FAD59EAD,2026-05-05,61.32,1.444,80.0,54.5,0
ASSET-FAD59EAD,2026-05-06,66.53,1.65,84.0,56.5,0
ASSET-FAD59EAD,2026-05-07,69.03,1.754,89.8,57.8,0
ASSET-FAD59EAD,2026-05-08,65.15,1.552,73.4,65.8,0
ASSET-FAD59EAD,2026-05-09,67.88,1.081,74.7,38.4,0
ASSET-FAD59EAD,2026-05-10,68.98,1.669,81.7,51.5,0
ASSET-FAD59EAD,2026-05-11,63.42,1.364,77.3,48.5,0
ASSET-FAD59EAD,2026-05-12,66.44,1.62,74.5,52.9,0
ASSET-FAD59EAD,2026-05-13,58.44,1.242,85.2,57.9,0
ASSET-FAD59EAD,2026-05-14,62.96,1.626,78.9,39.7,0
ASSET-FAD59EAD,2026-05-15,62.4,1.33,73.3,62.7,0
ASSET-FAD59EAD,2026-05-16,64.05,1.206,70.1,55.1,0
ASSET-FAD59EAD,2026-05-17,64.74,1.265,76.2,57.0,0
ASSET-FAD59EAD,2026-05-18,61.39,1.635,71.6,52.5,0
ASSET-FAD59EAD,2026-05-19,61.42,1.328,69.7,45.2,0
ASSET-FAD59EAD,2026-05-20,64.95,1.483,79.6,36.0,0
ASSET-FAD59EAD,2026-05-21,67.35,1.285,87.8,49.6,0
ASSET-FAD59EAD,2026-05-22,67.2,1.212,82.5,30.2,0
ASSET-FAD59EAD,2026-05-23,67.29,1.398,78.9,41.4,0
ASSET-FAD59EAD,2026-05-24,62.41,1.781,83.5,64.9,0
ASSET-FAD59EAD,2026-05-25,65.79,1.07,76.4,59.8,0
ASSET-FAD59EAD,2026-05-26,67.6,1.933,72.3,49.2,0
ASSET-FAD59EAD,2026-05-27,63.41,1.105,80.2,53.8,0
ASSET-FAD59EAD,2026-05-28,61.37,1.579,88.9,50.1,0
ASSET-FAD59EAD,2026-05-29,63.91,1.017,67.0,57.3,0
ASSET-FAD59EAD,2026-05-30,65.48,1.535,84.1,47.6,0
ASSET-FAD59EAD,2026-05-31,59.52,1.648,85.5,49.4,0
ASSET-FAD59EAD,2026-06-01,64.38,1.216,88.8,54.0,0
ASSET-FAD59EAD,2026-06-02,66.95,1.459,75.1,52.4,0
ASSET-FAD59EAD,2026-06-03,68.19,1.503,75.9,31.2,0
ASSET-FAD59EAD,2026-06-04,58.76,1.441,83.3,40.4,0
ASSET-FAD59EAD,2026-06-05,66.65,1.928,79.8,53.1,0
ASSET-FAD59EAD,2026-06-06,67.98,1.425,79.8,57.1,0
ASSET-FAD59EAD,2026-06-07,67.29,1.46,71.2,62.2,0
ASSET-FAD59EAD,2026-06-08,64.36,1.663,71.8,40.1,0
ASSET-FAD59EAD,2026-06-09,63.91,1.344,88.4,45.1,0
ASSET-FAD59EAD,2026-06-10,61.95,1.347,78.0,42.6,0
ASSET-FAD59EAD,2026-06-11,61.85,1.652,73.6,44.6,0
ASSET-FAD59EAD,2026-06-12,63.97,1.444,85.9,41.9,0
ASSET-FAD59EAD,2026-06-13,61.36,1.208,75.0,38.6,0
ASSET-FAD59EAD,2026-06-14,69.02,1.75,78.8,37.7,0
ASSET-FAD59EAD,2026-06-15,61.35,1.356,73.4,57.6,0
ASSET-FAD59EAD,2026-06-16,62.56,1.571,83.4,57.4,0
ASSET-FAD59EAD,2026-06-17,62.28,1.467,74.6,49.0,0
ASSET-FAD59EAD,2026-06-18,60.58,1.342,87.7,50.0,0
ASSET-FAD59EAD,2026-06-19,67.22,1.505,78.9,61.7,0
ASSET-FAD59EAD,2026-06-20,64.14,1.646,74.9,59.6,0
ASSET-FAD59EAD,2026-06-21,62.21,1.603,83.3,49.7,0
ASSET-FAD59EAD,2026-06-22,65.69,1.371,75.5,40.9,0
ASSET-FAD59EAD,2026-06-23,61.19,1.555,81.6,37.4,0
ASSET-FAD59EAD,2026-06-24,63.96,1.49,78.8,52.1,0
ASSET-FAD59EAD,2026-06-25,64.05,1.445,75.1,32.5,0
ASSET-FAD59EAD,2026-06-26,65.85,1.402,77.0,59.8,0
ASSET-FAD59EAD,2026-06-27,61.77,1.33,67.8,61.7,0
ASSET-FAD59EAD,2026-06-28,66.2,1.412,79.4,40.6,0
ASSET-FAD59EAD,2026-06-29,60.88,1.731,87.0,44.6,0
ASSET-FAD59EAD,2026-06-30,67.19,1.398,77.7,60.9,0
ASSET-FAD59EAD,2026-07-01,68.67,1.66,81.0,37.7,0
ASSET-FAD59EAD,2026-07-02,61.66,1.627,85.8,51.4,0
ASSET-FAD59EAD,2026-07-03,62.74,1.351,86.0,64.3,0
ASSET-FAD59EAD,2026-07-04,60.51,1.545,74.8,42.8,0
ASSET-FAD59EAD,2026-07-05,64.88,1.504,85.8,34.0,0
ASSET-FAD59EAD,2026-07-06,66.3,1.594,74.9,55.3,0
ASSET-FAD59EAD,2026-07-07,67.21,1.216,84.2,46.0,0
ASSET-FAD59EAD,2026-07-08,69.2,1.356,84.1,38.6,0
ASSET-FAD59EAD,2026-07-09,70.63,1.571,89.5,66.9,0
ASSET-FAD59EAD,2026-07-10,63.35,1.627,76.2,48.3,0
ASSET-FAD59EAD,2026-07-11,60.73,1.677,84.6,57.4,0
ASSET-FAD59EAD,2026-07-12,65.21,1.145,73.3,47.4,0
ASSET-FAD59EAD,2026-07-13,64.02,1.282,79.7,52.7,0
ASSET-FAD59EAD,2026-07-14,62.11,1.333,84.0,58.9,0
ASSET-FAD59EAD,2026-07-15,64.76,1.306,80.0,67.3,0
ASSET-FAD59EAD,2026-07-16,63.44,1.77,72.1,48.0,0
ASSET-FAD59EAD,2026-07-17,63.33,1.495,82.6,47.8,0
ASSET-FAD59EAD,2026-07-18,65.11,1.521,86.7,54.2,0
ASSET-FAD59EAD,2026-07-19,63.5,1.292,80.7,56.7,0
ASSET-FAD59EAD,2026-07-20,61.78,1.843,91.8,45.4,0
ASSET-FAD59EAD,2026-07-21,67.5,1.371,84.9,33.6,0
ASSET-FAD59EAD,2026-07-22,65.57,1.51,83.9,42.2,0
ASSET-FAD59EAD,2026-07-23,67.3,1.37,81.7,55.8,0
ASSET-FAD59EAD,2026-07-24,65.4,1.153,74.9,59.9,0
ASSET-FAD59EAD,2026-07-25,68.78,0.921,69.2,36.1,0
ASSET-FAD59EAD,2026-07-26,62.48,1.188,75.6,60.2,0
ASSET-FAD59EAD,2026-07-27,66.93,1.422,75.0,61.8,0
ASSET-FAD59EAD,2026-07-28,65.65,1.219,84.0,55.3,0
ASSET-FAD59EAD,2026-07-29,70.97,1.424,78.1,71.5,0
ASSET-FAD59EAD,2026-07-30,63.59,1.521,78.6,64.2,0
ASSET-FAD59EAD,2026-07-31,58.11,1.555,76.5,45.1,0
ASSET-FAD59EAD,2026-08-01,66.22,1.839,81.3,58.2,0
ASSET-FAD59EAD,2026-08-02,64.46,1.386,82.7,47.1,0
ASSET-FAD59EAD,2026-08-03,63.2,1.473,82.2,60.7,0
ASSET-FAD59EAD,2026-08-04,69.89,1.485,78.7,53.0,0
ASSET-FAD59EAD,2026-08-05,65.55,1.307,81.8,50.2,0
ASSET-FAD59EAD,2026-08-06,68.67,1.681,76.8,36.1,0
ASSET-FAD59EAD,2026-08-07,65.71,1.671,83.8,46.7,0
ASSET-FAD59EAD,2026-08-08,61.89,1.59,72.0,55.0,0
ASSET-FAD59EAD,2026-08-09,61.0,1.553,76.7,58.5,0
ASSET-FAD59EAD,2026-08-10,64.29,1.857,82.7,47.8,0
ASSET-FAD59EAD,2026-08-11,58.66,1.559,71.4,53.0,0
ASSET-FAD59EAD,2026-08-12,66.75,1.409,77.8,34.8,0
ASSET-FAD59EAD,2026-08-13,67.36,1.487,76.7,60.9,0
ASSET-FAD59EAD,2026-08-14,66.62,1.796,72.8,39.6,0
ASSET-FAD59EAD,2026-08-15,65.97,1.521,80.5,48.6,0
ASSET-FAD59EAD,2026-08-16,64.67,1.665,86.8,33.5,0
ASSET-FAD59EAD,2026-08-17,63.14,1.491,76.4,50.2,0
ASSET-FAD59EAD,2026-08-18,63.94,1.351,80.7,56.0,0
ASSET-FAD59EAD,2026-08-19,60.96,1.611,78.1,57.5,0
ASSET-FAD59EAD,2026-08-20,66.35,1.738,82.3,50.4,0
ASSET-FAD59EAD,2026-08-21,65.11,1.156,82.5,45.0,0
ASSET-FAD59EAD,2026-08-22,62.14,1.306,78.1,49.2,0
ASSET-FAD59EAD,2026-08-23,60.03,1.58,76.9,62.2,0
ASSET-FAD59EAD,2026-08-24,66.99,1.48,79.4,40.7,0
ASSET-FAD59EAD,2026-08-25,65.7,1.535,79.6,76.0,0
ASSET-FAD59EAD,2026-08-26,67.14,1.677,81.3,45.2,0
ASSET-FAD59EAD,2026-08-27,65.46,1.57,81.1,58.6,0
ASSET-FAD59EAD,2026-08-28,63.33,1.63,86.2,56.7,0
ASSET-FAD59EAD,2026-08-29,65.48,1.196,88.2,51.3,0
ASSET-FAD59EAD,2026-08-30,69.44,1.251,78.2,54.4,0
ASSET-FAD59EAD,2026-08-31,63.4,1.66,76.2,37.2,0
ASSET-FAD59EAD,2026-09-01,64.39,1.57,85.1,57.8,0
ASSET-FAD59EAD,2026-09-02,63.54,1.449,75.0,62.8,0
ASSET-FAD59EAD,2026-09-03,66.79,1.589,80.4,49.1,0
ASSET-FAD59EAD,2026-09-04,58.57,1.832,83.3,47.3,0
ASSET-FAD59EAD,2026-09-05,67.08,1.673,83.0,41.2,0
ASSET-FAD59EAD,2026-09-06,65.52,1.403,77.7,46.7,0
ASSET-FAD59EAD,2026-09-07,62.82,1.426,73.9,37.8,0
ASSET-FAD59EAD,2026-09-08,66.12,1.664,83.2,50.5,0
ASSET-FAD59EAD,2026-09-09,64.91,1.593,81.8,52.7,0
ASSET-FAD59EAD,2026-09-10,69.77,1.541,85.7,59.3,0
ASSET-FAD59EAD,2026-09-11,63.43,1.791,82.5,57.4,0
ASSET-FAD59EAD,2026-09-12,65.2,1.682,83.1,33.6,0
ASSET-FAD59EAD,2026-09-13,68.73,1.779,76.1,57.2,0
ASSET-FAD59EAD,2026-09-14,63.66,1.456,75.3,73.3,0
ASSET-FAD59EAD,2026-09-15,60.53,1.609,84.5,49.0,0
ASSET-01E638F1,2026-03-20,65.84,1.467,73.2,37.9,0
ASSET-01E638F1,2026-03-21,59.86,1.547,79.5,52.0,0
ASSET-01E638F1,2026-03-22,66.38,1.526,78.0,44.4,0
ASSET-01E638F1,2026-03-23,70.45,1.62,76.9,71.4,0
ASSET-01E638F1,2026-03-24,67.58,1.448,84.0,51.3,0
ASSET-01E638F1,2026-03-25,71.1,1.539,84.2,41.1,0
ASSET-01E638F1,2026-03-26,65.87,1.46,81.2,47.9,0
ASSET-01E638F1,2026-03-27,59.55,1.22,81.1,59.5,0
ASSET-01E638F1,2026-03-28,65.63,1.623,81.6,62.9,0
ASSET-01E638F1,2026-03-29,63.4,1.634,75.1,61.3,0
ASSET-01E638F1,2026-03-30,55.35,1.485,79.2,64.2,0
ASSET-01E638F1,2026-03-31,59.65,1.646,80.0,45.9,0
ASSET-01E638F1,2026-04-01,63.51,1.697,88.3,56.0,0
ASSET-01E638F1,2026-04-02,65.99,1.626,81.5,25.6,0
ASSET-01E638F1,2026-04-03,69.24,1.272,80.2,51.5,0
ASSET-01E638F1,2026-04-04,66.6,1.413,77.2,51.8,0
ASSET-01E638F1,2026-04-05,58.72,1.292,86.2,43.5,0
ASSET-01E638F1,2026-04-06,65.86,1.557,79.5,39.2,0
ASSET-01E638F1,2026-04-07,62.47,1.304,64.7,35.8,0
ASSET-01E638F1,2026-04-08,68.57,1.85,84.7,52.6,0
ASSET-01E638F1,2026-04-09,67.57,1.676,82.2,59.0,0
ASSET-01E638F1,2026-04-10,67.64,1.798,82.2,43.1,0
ASSET-01E638F1,2026-04-11,67.21,1.586,77.2,43.5,0
ASSET-01E638F1,2026-04-12,55.2,1.332,86.8,46.9,0
ASSET-01E638F1,2026-04-13,61.95,1.725,76.8,25.0,0
ASSET-01E638F1,2026-04-14,66.04,1.746,80.2,44.2,0
ASSET-01E638F1,2026-04-15,66.75,1.623,83.1,63.5,0
ASSET-01E638F1,2026-04-16,66.62,1.57,76.5,29.9,0
ASSET-01E638F1,2026-04-17,66.03,1.765,81.9,53.6,0
ASSET-01E638F1,2026-04-18,61.14,1.593,77.1,57.1,0
ASSET-01E638F1,2026-04-19,57.72,1.512,74.6,48.1,0
ASSET-01E638F1,2026-04-20,66.93,1.244,71.9,63.6,0
ASSET-01E638F1,2026-04-21,67.13,1.747,78.9,52.2,0
ASSET-01E638F1,2026-04-22,68.65,1.415,82.9,46.7,0
ASSET-01E638F1,2026-04-23,66.27,1.52,82.3,44.4,0
ASSET-01E638F1,2026-04-24,60.62,1.621,77.4,54.6,0
ASSET-01E638F1,2026-04-25,67.79,1.503,83.4,41.3,0
ASSET-01E638F1,2026-04-26,67.2,1.495,78.4,54.5,0
ASSET-01E638F1,2026-04-27,60.62,1.579,86.8,56.3,0
ASSET-01E638F1,2026-04-28,65.28,1.668,70.8,57.5,0
ASSET-01E638F1,2026-04-29,59.25,1.612,71.8,57.2,0
ASSET-01E638F1,2026-04-30,66.74,1.461,76.1,52.9,0
ASSET-01E638F1,2026-05-01,66.46,1.821,78.2,47.3,0
ASSET-01E638F1,2026-05-02,64.08,1.857,89.4,65.2,0
ASSET-01E638F1,2026-05-03,67.81,1.573,86.5,45.1,0
ASSET-01E638F1,2026-05-04,66.22,1.538,77.8,52.3,0
ASSET-01E638F1,2026-05-05,61.3,1.504,77.1,66.1,0
ASSET-01E638F1,2026-05-06,68.81,1.536,70.7,48.4,0
ASSET-01E638F1,2026-05-07,63.2,1.587,72.8,56.0,0
ASSET-01E638F1,2026-05-08,66.51,1.331,81.4,42.9,0
ASSET-01E638F1,2026-05-09,66.07,1.314,79.9,51.5,0
ASSET-01E638F1,2026-05-10,64.93,1.456,85.2,35.1,0
ASSET-01E638F1,2026-05-11,67.94,1.305,78.6,41.8,0
ASSET-01E638F1,2026-05-12,65.3,1.306,85.3,45.8,0
ASSET-01E638F1,2026-05-13,64.13,1.643,86.0,44.7,0
ASSET-01E638F1,2026-05-14,66.46,1.652,78.9,52.1,0
ASSET-01E638F1,2026-05-15,64.68,1.601,75.5,54.5,0
ASSET-01E638F1,2026-05-16,70.01,0.936,82.9,50.5,0
ASSET-01E638F1,2026-05-17,66.56,1.605,85.4,55.5,0
ASSET-01E638F1,2026-05-18,67.67,1.631,83.7,60.9,0
ASSET-01E638F1,2026-05-19,60.53,1.684,78.3,60.4,0
ASSET-01E638F1,2026-05-20,67.17,1.598,74.2,38.8,0
ASSET-01E638F1,2026-05-21,63.14,1.269,84.3,37.4,0
ASSET-01E638F1,2026-05-22,66.57,1.46,84.0,65.2,0
ASSET-01E638F1,2026-05-23,64.23,1.473,85.4,57.6,0
ASSET-01E638F1,2026-05-24,67.41,1.285,76.0,61.3,0
ASSET-01E638F1,2026-05-25,62.02,1.926,82.9,44.6,0
ASSET-01E638F1,2026-05-26,66.88,1.413,83.9,58.0,0
ASSET-01E638F1,2026-05-27,66.27,1.539,85.1,57.3,0
ASSET-01E638F1,2026-05-28,64.81,1.599,79.5,48.7,0
ASSET-01E638F1,2026-05-29,69.54,1.547,75.7,44.4,0
ASSET-01E638F1,2026-05-30,65.3,1.839,79.5,50.0,0
ASSET-01E638F1,2026-05-31,65.49,1.601,77.9,42.3,0
ASSET-01E638F1,2026-06-01,67.7,1.546,80.3,70.3,0
ASSET-01E638F1,2026-06-02,59.57,1.525,68.4,58.5,0
ASSET-01E638F1,2026-06-03,65.26,1.622,76.7,54.9,0
ASSET-01E638F1,2026-06-04,68.5,1.474,88.3,25.3,0
ASSET-01E638F1,2026-06-05,58.3,1.9,83.3,36.2,0
ASSET-01E638F1,2026-06-06,64.78,1.669,80.1,61.0,0
ASSET-01E638F1,2026-06-07,63.33,1.314,76.8,66.6,0
ASSET-01E638F1,2026-06-08,57.8,1.621,73.8,47.0,0
ASSET-01E638F1,2026-06-09,64.37,1.167,92.1,55.1,0
ASSET-01E638F1,2026-06-10,64.02,1.31,82.3,53.5,0
ASSET-01E638F1,2026-06-11,69.69,1.524,75.8,60.1,0
ASSET-01E638F1,2026-06-12,65.8,1.615,84.0,61.1,0
ASSET-01E638F1,2026-06-13,69.39,1.396,78.2,63.4,0
ASSET-01E638F1,2026-06-14,65.15,1.448,83.2,56.4,0
ASSET-01E638F1,2026-06-15,67.1,1.174,78.0,49.7,0
ASSET-01E638F1,2026-06-16,65.71,1.596,73.9,42.4,0
ASSET-01E638F1,2026-06-17,61.03,1.758,81.0,44.7,0
ASSET-01E638F1,2026-06-18,71.08,1.653,87.1,49.4,0
ASSET-01E638F1,2026-06-19,64.13,1.629,81.2,53.0,0
ASSET-01E638F1,2026-06-20,63.09,1.415,82.7,54.9,0
ASSET-01E638F1,2026-06-21,65.44,1.77,79.3,54.6,0
ASSET-01E638F1,2026-06-22,63.17,1.324,81.5,38.6,0
ASSET-01E638F1,2026-06-23,65.59,1.456,79.2,44.4,0
ASSET-01E638F1,2026-06-24,63.22,1.76,78.1,48.6,0
ASSET-01E638F1,2026-06-25,67.46,1.505,87.7,65.2,0
ASSET-01E638F1,2026-06-26,66.17,1.604,76.0,53.3,0
ASSET-01E638F1,2026-06-27,61.68,1.295,83.9,37.7,0
ASSET-01E638F1,2026-06-28,64.94,1.389,77.6,24.3,0
ASSET-01E638F1,2026-06-29,64.63,1.708,79.1,56.3,0
ASSET-01E638F1,2026-06-30,62.81,1.584,82.0,22.0,0
ASSET-01E638F1,2026-07-01,60.84,1.21,90.2,38.7,0
ASSET-01E638F1,2026-07-02,65.03,1.545,88.3,45.8,0
ASSET-01E638F1,2026-07-03,69.6,1.697,86.6,57.8,0
ASSET-01E638F1,2026-07-04,65.52,1.71,75.4,54.5,0
ASSET-01E638F1,2026-07-05,64.44,1.399,83.6,54.9,0
ASSET-01E638F1,2026-07-06,62.9,1.173,81.3,59.2,0
ASSET-01E638F1,2026-07-07,65.85,1.709,83.5,54.0,0
ASSET-01E638F1,2026-07-08,63.54,1.255,80.8,57.1,0
ASSET-01E638F1,2026-07-09,67.28,1.279,84.6,55.9,0
ASSET-01E638F1,2026-07-10,64.73,1.439,79.3,43.5,0
ASSET-01E638F1,2026-07-11,64.56,1.661,81.3,63.6,0
ASSET-01E638F1,2026-07-12,67.88,1.609,82.4,67.0,0
ASSET-01E638F1,2026-07-13,58.13,1.532,74.3,41.0,0
ASSET-01E638F1,2026-07-14,67.6,0.879,74.0,55.3,0
ASSET-01E638F1,2026-07-15,66.27,1.544,77.2,51.3,0
ASSET-01E638F1,2026-07-16,65.22,1.578,76.6,43.9,0
ASSET-01E638F1,2026-07-17,66.17,1.394,81.8,40.6,0
ASSET-01E638F1,2026-07-18,67.95,1.495,78.0,44.6,0
ASSET-01E638F1,2026-07-19,65.14,1.202,83.5,41.6,0
ASSET-01E638F1,2026-07-20,68.48,1.443,78.7,44.9,0
ASSET-01E638F1,2026-07-21,69.95,1.785,77.4,37.8,0
ASSET-01E638F1,2026-07-22,68.61,1.94,86.1,71.8,0
ASSET-01E638F1,2026-07-23,65.98,1.459,85.0,55.3,0
ASSET-01E638F1,2026-07-24,59.69,1.558,82.2,39.4,0
ASSET-01E638F1,2026-07-25,64.3,1.7,84.8,47.4,0
ASSET-01E638F1,2026-07-26,62.25,1.364,74.0,42.6,0
ASSET-01E638F1,2026-07-27,65.55,1.415,76.5,62.6,0
ASSET-01E638F1,2026-07-28,67.21,1.794,78.3,33.9,0
ASSET-01E638F1,2026-07-29,66.4,1.616,77.3,48.0,0
ASSET-01E638F1,2026-07-30,64.38,1.487,78.6,58.9,0
ASSET-01E638F1,2026-07-31,66.23,1.243,76.0,45.1,0
ASSET-01E638F1,2026-08-01,57.85,1.584,76.3,53.6,0
ASSET-01E638F1,2026-08-02,66.89,1.639,70.9,50.7,0
ASSET-01E638F1,2026-08-03,64.12,1.512,83.8,54.4,0
ASSET-01E638F1,2026-08-04,69.76,1.537,89.0,58.7,0
ASSET-01E638F1,2026-08-05,66.44,1.488,79.8,39.1,0
ASSET-01E638F1,2026-08-06,64.56,1.199,77.6,36.6,0
ASSET-01E638F1,2026-08-07,69.79,1.73,81.3,67.5,0
ASSET-01E638F1,2026-08-08,65.88,1.394,84.1,58.9,0
ASSET-01E638F1,2026-08-09,64.7,1.426,91.3,47.5,0
ASSET-01E638F1,2026-08-10,68.48,1.3,82.6,51.2,0
ASSET-01E638F1,2026-08-11,65.65,1.525,81.9,58.2,0
ASSET-01E638F1,2026-08-12,71.32,1.621,83.5,42.3,0
ASSET-01E638F1,2026-08-13,68.8,1.624,76.6,62.1,0
ASSET-01E638F1,2026-08-14,66.95,1.52,73.9,42.7,0
ASSET-01E638F1,2026-08-15,61.85,1.578,86.9,47.2,0
ASSET-01E638F1,2026-08-16,62.02,1.265,70.8,54.7,0
ASSET-01E638F1,2026-08-17,64.21,1.226,78.6,57.9,0
ASSET-01E638F1,2026-08-18,68.97,1.659,84.7,61.5,0
ASSET-01E638F1,2026-08-19,66.56,1.245,79.8,52.6,0
ASSET-01E638F1,2026-08-20,64.62,1.587,76.9,52.5,0
ASSET-01E638F1,2026-08-21,61.45,1.371,69.5,39.6,0
ASSET-01E638F1,2026-08-22,65.36,1.442,87.5,56.0,0
ASSET-01E638F1,2026-08-23,64.79,1.376,79.0,55.9,0
ASSET-01E638F1,2026-08-24,64.93,1.522,78.3,43.8,0
ASSET-01E638F1,2026-08-25,66.96,1.461,91.2,39.5,0
ASSET-01E638F1,2026-08-26,61.5,1.477,86.4,50.2,0
ASSET-01E638F1,2026-08-27,58.97,1.925,79.6,55.8,0
ASSET-01E638F1,2026-08-28,68.7,1.633,73.3,56.5,0
ASSET-01E638F1,2026-08-29,64.57,1.605,82.9,54.2,0
ASSET-01E638F1,2026-08-30,61.81,1.711,82.9,38.9,0
ASSET-01E638F1,2026-08-31,69.21,1.627,84.1,48.9,0
ASSET-01E638F1,2026-09-01,67.07,1.716,80.2,47.9,0
ASSET-01E638F1,2026-09-02,71.53,1.248,81.1,53.1,0
ASSET-01E638F1,2026-09-03,69.05,1.67,77.4,59.7,0
ASSET-01E638F1,2026-09-04,62.71,1.683,77.3,43.1,0
ASSET-01E638F1,2026-09-05,58.32,1.585,89.2,44.3,0
ASSET-01E638F1,2026-09-06,69.37,1.469,82.6,48.8,0
ASSET-01E638F1,2026-09-07,59.07,1.081,81.6,47.3,0
ASSET-01E638F1,2026-09-08,66.48,1.399,76.9,39.9,0
ASSET-01E638F1,2026-09-09,66.27,1.379,81.1,52.1,0
ASSET-01E638F1,2026-09-10,69.47,1.248,72.3,40.6,0
ASSET-01E638F1,2026-09-11,63.57,1.605,79.9,52.0,0
ASSET-01E638F1,2026-09-12,64.0,1.602,70.2,43.9,0
ASSET-01E638F1,2026-09-13,66.57,1.37,74.7,55.3,0
ASSET-01E638F1,2026-09-14,65.72,1.586,71.2,44.6,0
ASSET-01E638F1,2026-09-15,65.26,1.537,80.3,41.2,0
ASSET-D5F9FECD,2026-03-20,67.33,1.343,83.7,57.9,0
ASSET-D5F9FECD,2026-03-21,63.67,1.551,81.9,64.1,0
ASSET-D5F9FECD,2026-03-22,69.1,1.372,80.2,51.5,0
ASSET-D5F9FECD,2026-03-23,68.8,1.498,95.9,40.1,0
ASSET-D5F9FECD,2026-03-24,61.48,1.152,71.5,53.3,0
ASSET-D5F9FECD,2026-03-25,65.07,1.154,76.1,53.2,0
ASSET-D5F9FECD,2026-03-26,69.85,1.771,87.3,44.8,0
ASSET-D5F9FECD,2026-03-27,64.99,1.568,79.8,57.9,0
ASSET-D5F9FECD,2026-03-28,63.11,1.281,74.9,61.1,0
ASSET-D5F9FECD,2026-03-29,63.02,1.328,82.2,41.6,0
ASSET-D5F9FECD,2026-03-30,66.09,1.313,80.6,75.0,0
ASSET-D5F9FECD,2026-03-31,67.99,1.383,85.3,43.5,0
ASSET-D5F9FECD,2026-04-01,62.87,1.6,85.5,50.8,0
ASSET-D5F9FECD,2026-04-02,63.82,1.532,81.5,45.5,0
ASSET-D5F9FECD,2026-04-03,63.65,1.579,81.7,64.9,0
ASSET-D5F9FECD,2026-04-04,61.95,1.863,83.8,40.1,0
ASSET-D5F9FECD,2026-04-05,70.73,1.26,82.8,55.6,0
ASSET-D5F9FECD,2026-04-06,65.79,1.719,77.1,54.4,0
ASSET-D5F9FECD,2026-04-07,67.83,1.568,77.8,47.6,0
ASSET-D5F9FECD,2026-04-08,62.54,1.42,78.2,56.7,0
ASSET-D5F9FECD,2026-04-09,65.51,1.913,75.8,41.6,0
ASSET-D5F9FECD,2026-04-10,61.34,1.584,76.8,55.1,0
ASSET-D5F9FECD,2026-04-11,70.57,1.491,78.7,52.8,0
ASSET-D5F9FECD,2026-04-12,69.6,1.67,83.9,53.1,0
ASSET-D5F9FECD,2026-04-13,67.57,1.631,84.1,48.3,0
ASSET-D5F9FECD,2026-04-14,65.21,1.738,79.4,47.2,0
ASSET-D5F9FECD,2026-04-15,58.47,1.641,75.0,63.0,0
ASSET-D5F9FECD,2026-04-16,66.02,1.503,79.9,55.9,0
ASSET-D5F9FECD,2026-04-17,63.55,1.467,75.3,47.5,0
ASSET-D5F9FECD,2026-04-18,67.69,1.563,82.7,46.0,0
ASSET-D5F9FECD,2026-04-19,62.87,1.708,78.5,53.0,0
ASSET-D5F9FECD,2026-04-20,64.82,1.467,79.0,51.1,0
ASSET-D5F9FECD,2026-04-21,71.63,1.416,86.8,46.8,0
ASSET-D5F9FECD,2026-04-22,62.15,1.566,77.3,49.0,0
ASSET-D5F9FECD,2026-04-23,69.49,1.554,80.1,42.6,0
ASSET-D5F9FECD,2026-04-24,64.37,1.504,89.3,56.0,0
ASSET-D5F9FECD,2026-04-25,63.72,1.566,76.7,50.4,0
ASSET-D5F9FECD,2026-04-26,70.5,1.036,78.7,35.0,0
ASSET-D5F9FECD,2026-04-27,64.56,1.736,69.9,48.1,0
ASSET-D5F9FECD,2026-04-28,63.5,1.807,75.4,60.8,0
ASSET-D5F9FECD,2026-04-29,65.38,1.545,79.5,45.8,0
ASSET-D5F9FECD,2026-04-30,67.57,1.546,86.5,43.4,0
ASSET-D5F9FECD,2026-05-01,65.5,1.609,74.0,46.9,0
ASSET-D5F9FECD,2026-05-02,68.44,1.66,80.5,53.5,0
ASSET-D5F9FECD,2026-05-03,60.69,1.483,82.8,59.2,0
ASSET-D5F9FECD,2026-05-04,62.56,1.73,84.0,53.7,0
ASSET-D5F9FECD,2026-05-05,66.81,1.658,91.1,56.5,0
ASSET-D5F9FECD,2026-05-06,63.44,1.233,75.7,56.6,0
ASSET-D5F9FECD,2026-05-07,67.46,1.55,81.8,38.5,0
ASSET-D5F9FECD,2026-05-08,61.82,1.611,86.3,66.6,0
ASSET-D5F9FECD,2026-05-09,65.06,1.83,74.0,62.2,0
ASSET-D5F9FECD,2026-05-10,63.79,1.646,64.5,44.9,0
ASSET-D5F9FECD,2026-05-11,62.47,1.406,77.6,35.6,0
ASSET-D5F9FECD,2026-05-12,67.29,1.364,86.3,60.5,0
ASSET-D5F9FECD,2026-05-13,64.63,1.365,79.4,43.4,0
ASSET-D5F9FECD,2026-05-14,62.95,1.618,77.5,48.4,0
ASSET-D5F9FECD,2026-05-15,60.84,1.397,75.4,63.1,0
ASSET-D5F9FECD,2026-05-16,62.47,1.733,78.9,57.2,0
ASSET-D5F9FECD,2026-05-17,68.24,1.331,74.8,46.8,0
ASSET-D5F9FECD,2026-05-18,63.44,1.718,79.7,51.7,0
ASSET-D5F9FECD,2026-05-19,60.22,1.75,88.3,34.5,0
ASSET-D5F9FECD,2026-05-20,62.53,1.295,74.2,39.2,0
ASSET-D5F9FECD,2026-05-21,60.87,1.506,71.8,50.9,0
ASSET-D5F9FECD,2026-05-22,63.68,1.749,86.0,59.3,0
ASSET-D5F9FECD,2026-05-23,61.89,1.568,83.4,49.9,0
ASSET-D5F9FECD,2026-05-24,64.52,2.016,77.6,44.8,0
ASSET-D5F9FECD,2026-05-25,51.33,1.455,84.9,51.5,0
ASSET-D5F9FECD,2026-05-26,58.86,1.174,93.9,33.7,0
ASSET-D5F9FECD,2026-05-27,68.37,1.729,75.6,60.9,0
ASSET-D5F9FECD,2026-05-28,66.03,1.918,77.3,60.7,0
ASSET-D5F9FECD,2026-05-29,70.62,0.852,80.5,51.0,0
ASSET-D5F9FECD,2026-05-30,67.7,1.789,82.9,77.7,0
ASSET-D5F9FECD,2026-05-31,65.69,1.475,75.9,53.0,0
ASSET-D5F9FECD,2026-06-01,63.0,1.28,82.0,43.4,0
ASSET-D5F9FECD,2026-06-02,60.97,1.584,76.5,43.7,0
ASSET-D5F9FECD,2026-06-03,63.46,1.578,77.9,35.8,0
ASSET-D5F9FECD,2026-06-04,68.42,1.69,79.0,57.0,0
ASSET-D5F9FECD,2026-06-05,64.84,1.29,70.5,36.1,0
ASSET-D5F9FECD,2026-06-06,63.63,1.022,80.0,40.5,0
ASSET-D5F9FECD,2026-06-07,63.41,1.376,81.2,63.9,0
ASSET-D5F9FECD,2026-06-08,61.98,1.538,78.9,61.5,0
ASSET-D5F9FECD,2026-06-09,65.27,1.609,80.0,41.6,0
ASSET-D5F9FECD,2026-06-10,62.55,1.611,83.1,38.9,0
ASSET-D5F9FECD,2026-06-11,61.08,1.694,81.1,50.3,0
ASSET-D5F9FECD,2026-06-12,60.71,1.445,76.8,68.4,0
ASSET-D5F9FECD,2026-06-13,67.35,1.193,81.2,75.8,0
ASSET-D5F9FECD,2026-06-14,61.85,1.565,83.2,51.3,0
ASSET-D5F9FECD,2026-06-15,65.32,1.707,74.2,38.5,0
ASSET-D5F9FECD,2026-06-16,69.08,1.422,78.6,37.9,0
ASSET-D5F9FECD,2026-06-17,66.51,1.748,89.7,55.4,0
ASSET-D5F9FECD,2026-06-18,65.0,1.177,77.2,32.0,0
ASSET-D5F9FECD,2026-06-19,65.61,1.461,73.1,40.2,0
ASSET-D5F9FECD,2026-06-20,66.07,1.774,79.3,43.9,0
ASSET-D5F9FECD,2026-06-21,61.63,1.467,84.1,59.6,0
ASSET-D5F9FECD,2026-06-22,64.97,1.45,79.9,55.6,0
ASSET-D5F9FECD,2026-06-23,65.62,1.342,86.6,49.9,0
ASSET-D5F9FECD,2026-06-24,65.19,1.554,84.2,55.5,0
ASSET-D5F9FECD,2026-06-25,62.17,1.878,77.8,58.6,0
ASSET-D5F9FECD,2026-06-26,63.47,1.534,82.1,38.5,0
ASSET-D5F9FECD,2026-06-27,64.79,1.659,77.7,40.7,0
ASSET-D5F9FECD,2026-06-28,62.84,1.048,87.1,56.3,0
ASSET-D5F9FECD,2026-06-29,63.03,1.735,76.1,41.0,0
ASSET-D5F9FECD,2026-06-30,62.3,1.316,89.3,58.8,0
ASSET-D5F9FECD,2026-07-01,64.25,1.737,85.4,57.5,0
ASSET-D5F9FECD,2026-07-02,63.75,1.814,80.3,32.9,0
ASSET-D5F9FECD,2026-07-03,67.95,1.708,73.3,41.9,0
ASSET-D5F9FECD,2026-07-04,66.14,1.352,83.9,44.5,0
ASSET-D5F9FECD,2026-07-05,65.14,1.584,74.8,48.6,0
ASSET-D5F9FECD,2026-07-06,64.23,1.402,76.9,44.5,0
ASSET-D5F9FECD,2026-07-07,60.66,1.216,83.5,38.9,0
ASSET-D5F9FECD,2026-07-08,64.09,1.323,80.2,81.1,0
ASSET-D5F9FECD,2026-07-09,64.95,1.673,75.7,28.4,0
ASSET-D5F9FECD,2026-07-10,71.51,1.772,81.9,43.7,0
ASSET-D5F9FECD,2026-07-11,63.75,1.899,83.1,49.7,0
ASSET-D5F9FECD,2026-07-12,62.04,1.573,84.3,55.6,0
ASSET-D5F9FECD,2026-07-13,64.56,1.383,77.7,58.3,0
ASSET-D5F9FECD,2026-07-14,64.25,1.124,85.3,54.0,0
ASSET-D5F9FECD,2026-07-15,69.64,1.598,78.7,30.9,0
ASSET-D5F9FECD,2026-07-16,68.83,1.457,87.1,41.8,0
ASSET-D5F9FECD,2026-07-17,65.34,1.648,79.2,55.2,0
ASSET-D5F9FECD,2026-07-18,66.5,1.45,81.1,56.9,0
ASSET-D5F9FECD,2026-07-19,64.64,1.599,72.4,47.4,0
ASSET-D5F9FECD,2026-07-20,69.08,1.308,77.0,35.1,0
ASSET-D5F9FECD,2026-07-21,67.42,1.545,81.2,63.6,0
ASSET-D5F9FECD,2026-07-22,63.89,1.473,84.2,47.0,0
ASSET-D5F9FECD,2026-07-23,66.52,1.311,82.6,61.3,0
ASSET-D5F9FECD,2026-07-24,57.42,1.303,78.1,50.1,0
ASSET-D5F9FECD,2026-07-25,67.85,1.792,82.7,36.9,0
ASSET-D5F9FECD,2026-07-26,64.6,1.25,86.4,58.3,0
ASSET-D5F9FECD,2026-07-27,60.38,1.283,78.1,28.6,0
ASSET-D5F9FECD,2026-07-28,67.49,1.606,88.8,37.3,0
ASSET-D5F9FECD,2026-07-29,65.33,1.974,89.2,46.1,0
ASSET-D5F9FECD,2026-07-30,64.22,1.761,78.9,60.5,0
ASSET-D5F9FECD,2026-07-31,68.29,1.172,80.7,61.2,0
ASSET-D5F9FECD,2026-08-01,67.05,1.839,79.8,52.7,0
ASSET-D5F9FECD,2026-08-02,67.19,1.18,80.5,45.4,0
ASSET-D5F9FECD,2026-08-03,65.76,1.416,81.5,43.6,0
ASSET-D5F9FECD,2026-08-04,69.05,1.407,84.0,39.0,0
ASSET-D5F9FECD,2026-08-05,65.03,1.402,77.9,47.6,0
ASSET-D5F9FECD,2026-08-06,62.29,1.812,82.7,60.0,0
ASSET-D5F9FECD,2026-08-07,60.16,1.408,76.4,69.2,0
ASSET-D5F9FECD,2026-08-08,64.69,1.102,80.9,51.9,0
ASSET-D5F9FECD,2026-08-09,68.6,1.561,92.5,48.5,0
ASSET-D5F9FECD,2026-08-10,65.82,1.62,76.3,64.0,0
ASSET-D5F9FECD,2026-08-11,65.3,1.562,82.9,51.5,0
ASSET-D5F9FECD,2026-08-12,67.9,1.569,76.2,53.7,0
ASSET-D5F9FECD,2026-08-13,69.83,1.417,82.5,62.6,0
ASSET-D5F9FECD,2026-08-14,67.25,1.477,89.8,33.9,0
ASSET-D5F9FECD,2026-08-15,65.05,1.448,85.0,47.8,0
ASSET-D5F9FECD,2026-08-16,64.97,1.448,85.5,46.1,0
ASSET-D5F9FECD,2026-08-17,59.73,1.46,81.6,64.9,0
ASSET-D5F9FECD,2026-08-18,67.72,1.55,76.7,48.8,0
ASSET-D5F9FECD,2026-08-19,65.87,1.917,84.2,73.1,0
ASSET-D5F9FECD,2026-08-20,69.86,1.928,77.3,56.4,0
ASSET-D5F9FECD,2026-08-21,69.32,1.979,72.6,57.0,0
ASSET-D5F9FECD,2026-08-22,73.01,1.768,79.2,67.1,0
ASSET-D5F9FECD,2026-08-23,67.28,2.202,68.2,96.3,0
ASSET-D5F9FECD,2026-08-24,71.89,2.281,73.7,99.3,0
ASSET-D5F9FECD,2026-08-25,69.72,2.338,72.7,128.5,0
ASSET-D5F9FECD,2026-08-26,73.49,2.722,72.6,105.2,0
ASSET-D5F9FECD,2026-08-27,73.93,2.457,63.7,113.9,0
ASSET-D5F9FECD,2026-08-28,76.65,2.967,73.0,136.1,0
ASSET-D5F9FECD,2026-08-29,75.98,3.145,71.7,140.4,0
ASSET-D5F9FECD,2026-08-30,73.46,3.145,69.0,133.7,0
ASSET-D5F9FECD,2026-08-31,75.02,2.912,72.6,121.9,0
ASSET-D5F9FECD,2026-09-01,81.72,3.087,70.4,154.8,0
ASSET-D5F9FECD,2026-09-02,73.27,3.003,76.5,174.4,0
ASSET-D5F9FECD,2026-09-03,79.2,3.055,60.3,147.0,0
ASSET-D5F9FECD,2026-09-04,77.99,3.622,62.1,202.7,0
ASSET-D5F9FECD,2026-09-05,77.12,4.232,63.1,189.6,0
ASSET-D5F9FECD,2026-09-06,76.85,4.074,67.8,160.6,0
ASSET-D5F9FECD,2026-09-07,73.07,3.225,61.9,187.8,0
ASSET-D5F9FECD,2026-09-08,84.83,4.545,60.3,201.1,0
ASSET-D5F9FECD,2026-09-09,85.14,4.845,55.2,224.3,0
ASSET-D5F9FECD,2026-09-10,82.34,4.562,61.9,191.2,0
ASSET-D5F9FECD,2026-09-11,81.61,4.388,61.3,224.6,0
ASSET-D5F9FECD,2026-09-12,87.38,4.821,47.7,280.8,0
ASSET-D5F9FECD,2026-09-13,86.65,4.338,62.5,261.8,0
ASSET-D5F9FECD,2026-09-14,82.35,4.874,66.0,215.4,0
ASSET-D5F9FECD,2026-09-15,91.71,4.469,46.4,209.9,1
ASSET-EF17B91F,2026-03-20,65.61,1.576,80.3,44.0,0
ASSET-EF17B91F,2026-03-21,62.08,1.535,75.3,47.8,0
ASSET-EF17B91F,2026-03-22,68.55,1.744,85.7,54.3,0
ASSET-EF17B91F,2026-03-23,62.79,2.037,84.4,60.7,0
ASSET-EF17B91F,2026-03-24,63.5,1.199,81.7,54.0,0
ASSET-EF17B91F,2026-03-25,64.87,1.781,76.1,55.7,0
ASSET-EF17B91F,2026-03-26,63.96,1.412,91.0,53.4,0
ASSET-EF17B91F,2026-03-27,72.01,1.489,77.4,36.8,0
ASSET-EF17B91F,2026-03-28,64.18,1.07,86.1,40.8,0
ASSET-EF17B91F,2026-03-29,69.75,1.385,84.7,58.1,0
ASSET-EF17B91F,2026-03-30,66.34,1.31,88.8,50.3,0
ASSET-EF17B91F,2026-03-31,68.42,1.509,75.9,63.5,0
ASSET-EF17B91F,2026-04-01,64.47,1.663,94.5,55.1,0
ASSET-EF17B91F,2026-04-02,64.1,1.532,74.2,39.9,0
ASSET-EF17B91F,2026-04-03,67.22,1.544,85.4,48.9,0
ASSET-EF17B91F,2026-04-04,66.34,1.527,76.1,60.3,0
ASSET-EF17B91F,2026-04-05,65.06,1.479,80.6,53.6,0
ASSET-EF17B91F,2026-04-06,60.48,1.502,77.7,37.9,0
ASSET-EF17B91F,2026-04-07,63.19,1.74,79.0,56.6,0
ASSET-EF17B91F,2026-04-08,63.87,1.168,82.8,53.5,0
ASSET-EF17B91F,2026-04-09,61.4,1.35,71.2,50.7,0
ASSET-EF17B91F,2026-04-10,64.54,1.297,81.5,44.9,0
ASSET-EF17B91F,2026-04-11,66.42,1.414,85.3,61.8,0
ASSET-EF17B91F,2026-04-12,62.98,1.446,79.5,44.5,0
ASSET-EF17B91F,2026-04-13,66.05,1.346,89.3,46.9,0
ASSET-EF17B91F,2026-04-14,61.44,1.182,86.9,56.9,0
ASSET-EF17B91F,2026-04-15,71.2,1.668,75.9,46.0,0
ASSET-EF17B91F,2026-04-16,67.1,1.799,84.5,62.8,0
ASSET-EF17B91F,2026-04-17,60.51,1.433,85.5,44.4,0
ASSET-EF17B91F,2026-04-18,66.45,1.71,80.2,45.0,0
ASSET-EF17B91F,2026-04-19,63.39,1.513,70.6,39.7,0
ASSET-EF17B91F,2026-04-20,56.3,1.48,79.0,58.1,0
ASSET-EF17B91F,2026-04-21,69.67,1.663,84.9,36.5,0
ASSET-EF17B91F,2026-04-22,62.07,1.285,72.6,43.7,0
ASSET-EF17B91F,2026-04-23,65.38,1.39,80.7,48.4,0
ASSET-EF17B91F,2026-04-24,72.23,1.28,79.0,52.5,0
ASSET-EF17B91F,2026-04-25,62.64,1.948,76.9,42.7,0
ASSET-EF17B91F,2026-04-26,64.08,1.375,76.1,42.9,0
ASSET-EF17B91F,2026-04-27,64.27,1.705,82.1,53.4,0
ASSET-EF17B91F,2026-04-28,69.59,1.762,89.3,57.4,0
ASSET-EF17B91F,2026-04-29,64.25,1.655,71.2,56.2,0
ASSET-EF17B91F,2026-04-30,64.72,1.624,84.3,45.8,0
ASSET-EF17B91F,2026-05-01,60.31,1.369,79.6,62.2,0
ASSET-EF17B91F,2026-05-02,62.62,1.466,78.4,59.2,0
ASSET-EF17B91F,2026-05-03,65.67,1.368,86.0,57.5,0
ASSET-EF17B91F,2026-05-04,62.18,1.341,86.4,25.5,0
ASSET-EF17B91F,2026-05-05,64.32,1.429,83.8,63.8,0
ASSET-EF17B91F,2026-05-06,68.98,1.771,80.7,62.5,0
ASSET-EF17B91F,2026-05-07,65.07,1.446,71.1,70.4,0
ASSET-EF17B91F,2026-05-08,60.44,1.367,86.2,30.3,0
ASSET-EF17B91F,2026-05-09,67.84,1.282,76.7,66.4,0
ASSET-EF17B91F,2026-05-10,61.09,1.583,82.5,55.4,0
ASSET-EF17B91F,2026-05-11,63.62,1.39,93.5,50.4,0
ASSET-EF17B91F,2026-05-12,63.67,1.119,74.0,74.1,0
ASSET-EF17B91F,2026-05-13,64.73,1.45,75.3,72.1,0
ASSET-EF17B91F,2026-05-14,66.04,1.734,76.6,46.6,0
ASSET-EF17B91F,2026-05-15,66.45,1.396,85.8,54.6,0
ASSET-EF17B91F,2026-05-16,70.82,1.551,75.4,49.2,0
ASSET-EF17B91F,2026-05-17,61.22,1.494,77.7,33.9,0
ASSET-EF17B91F,2026-05-18,64.8,1.555,88.1,48.1,0
ASSET-EF17B91F,2026-05-19,67.25,1.421,69.4,49.3,0
ASSET-EF17B91F,2026-05-20,63.79,1.477,90.7,50.7,0
ASSET-EF17B91F,2026-05-21,63.11,1.086,77.9,48.4,0
ASSET-EF17B91F,2026-05-22,66.7,1.723,76.0,69.4,0
ASSET-EF17B91F,2026-05-23,63.58,1.519,69.2,57.0,0
ASSET-EF17B91F,2026-05-24,64.36,1.498,88.6,41.3,0
ASSET-EF17B91F,2026-05-25,65.98,1.709,77.6,45.6,0
ASSET-EF17B91F,2026-05-26,64.33,1.38,74.7,47.7,0
ASSET-EF17B91F,2026-05-27,63.63,1.612,74.9,64.1,0
ASSET-EF17B91F,2026-05-28,69.53,1.722,79.8,54.6,0
ASSET-EF17B91F,2026-05-29,66.64,1.549,78.1,49.5,0
ASSET-EF17B91F,2026-05-30,68.91,1.511,71.7,42.7,0
ASSET-EF17B91F,2026-05-31,61.03,1.681,76.8,41.7,0
ASSET-EF17B91F,2026-06-01,66.92,1.476,82.1,47.0,0
ASSET-EF17B91F,2026-06-02,60.75,1.607,77.3,46.4,0
ASSET-EF17B91F,2026-06-03,69.82,1.351,79.3,58.1,0
ASSET-EF17B91F,2026-06-04,65.92,1.442,76.5,38.8,0
ASSET-EF17B91F,2026-06-05,67.29,1.295,76.1,44.0,0
ASSET-EF17B91F,2026-06-06,62.11,1.607,80.8,32.0,0
ASSET-EF17B91F,2026-06-07,59.11,1.785,85.9,48.2,0
ASSET-EF17B91F,2026-06-08,60.96,1.631,93.2,50.3,0
ASSET-EF17B91F,2026-06-09,62.93,1.76,85.8,54.9,0
ASSET-EF17B91F,2026-06-10,60.55,1.252,76.9,48.2,0
ASSET-EF17B91F,2026-06-11,64.29,1.411,79.0,54.5,0
ASSET-EF17B91F,2026-06-12,62.84,1.274,88.3,44.9,0
ASSET-EF17B91F,2026-06-13,60.95,1.76,76.6,36.1,0
ASSET-EF17B91F,2026-06-14,62.39,1.456,81.9,67.7,0
ASSET-EF17B91F,2026-06-15,58.76,1.56,79.6,43.4,0
ASSET-EF17B91F,2026-06-16,63.51,1.603,83.8,43.6,0
ASSET-EF17B91F,2026-06-17,58.6,1.656,72.3,53.8,0
ASSET-EF17B91F,2026-06-18,63.8,1.499,71.2,63.7,0
ASSET-EF17B91F,2026-06-19,61.91,1.44,82.4,47.0,0
ASSET-EF17B91F,2026-06-20,62.44,1.184,80.4,42.4,0
ASSET-EF17B91F,2026-06-21,62.0,1.636,71.9,58.6,0
ASSET-EF17B91F,2026-06-22,67.39,1.348,77.5,61.3,0
ASSET-EF17B91F,2026-06-23,63.27,1.603,73.8,49.7,0
ASSET-EF17B91F,2026-06-24,71.04,1.513,79.0,47.4,0
ASSET-EF17B91F,2026-06-25,62.9,1.622,87.6,46.7,0
ASSET-EF17B91F,2026-06-26,68.73,1.256,86.6,46.3,0
ASSET-EF17B91F,2026-06-27,61.86,1.297,81.4,46.2,0
ASSET-EF17B91F,2026-06-28,66.01,1.2,74.7,48.8,0
ASSET-EF17B91F,2026-06-29,66.78,1.628,78.8,37.3,0
ASSET-EF17B91F,2026-06-30,64.07,1.759,88.3,45.6,0
ASSET-EF17B91F,2026-07-01,66.89,1.425,80.9,45.7,0
ASSET-EF17B91F,2026-07-02,63.35,1.392,75.8,32.0,0
ASSET-EF17B91F,2026-07-03,65.85,1.447,76.4,52.1,0
ASSET-EF17B91F,2026-07-04,65.1,1.451,78.9,50.9,0
ASSET-EF17B91F,2026-07-05,67.63,1.565,86.5,68.7,0
ASSET-EF17B91F,2026-07-06,65.74,1.759,75.7,37.3,0
ASSET-EF17B91F,2026-07-07,63.72,1.527,76.5,41.4,0
ASSET-EF17B91F,2026-07-08,68.67,1.199,76.7,55.5,0
ASSET-EF17B91F,2026-07-09,65.91,1.169,80.0,41.5,0
ASSET-EF17B91F,2026-07-10,65.85,1.263,77.9,50.0,0
ASSET-EF17B91F,2026-07-11,68.76,1.179,87.9,55.2,0
ASSET-EF17B91F,2026-07-12,69.71,1.644,76.4,65.0,0
ASSET-EF17B91F,2026-07-13,66.68,1.698,88.2,61.7,0
ASSET-EF17B91F,2026-07-14,64.09,1.176,83.4,60.8,0
ASSET-EF17B91F,2026-07-15,63.72,1.576,78.7,46.0,0
ASSET-EF17B91F,2026-07-16,64.38,1.401,84.9,48.2,0
ASSET-EF17B91F,2026-07-17,63.19,1.364,80.3,39.0,0
ASSET-EF17B91F,2026-07-18,64.1,1.268,72.5,57.9,0
ASSET-EF17B91F,2026-07-19,66.94,1.284,73.2,51.3,0
ASSET-EF17B91F,2026-07-20,64.74,1.806,75.7,70.0,0
ASSET-EF17B91F,2026-07-21,64.96,1.609,78.8,40.2,0
ASSET-EF17B91F,2026-07-22,62.21,1.746,90.5,48.5,0
ASSET-EF17B91F,2026-07-23,67.06,1.389,78.1,54.6,0
ASSET-EF17B91F,2026-07-24,63.38,1.602,83.8,54.0,0
ASSET-EF17B91F,2026-07-25,64.23,1.243,79.1,55.7,0
ASSET-EF17B91F,2026-07-26,64.26,1.743,80.7,55.3,0
ASSET-EF17B91F,2026-07-27,64.5,1.456,78.4,39.6,0
ASSET-EF17B91F,2026-07-28,69.2,1.286,76.9,50.9,0
ASSET-EF17B91F,2026-07-29,66.08,1.239,83.5,57.0,0
ASSET-EF17B91F,2026-07-30,63.89,1.713,87.0,45.9,0
ASSET-EF17B91F,2026-07-31,63.66,1.203,80.9,48.1,0
ASSET-EF17B91F,2026-08-01,67.12,1.486,84.6,63.9,0
ASSET-EF17B91F,2026-08-02,65.28,1.371,88.1,44.8,0
ASSET-EF17B91F,2026-08-03,64.55,1.63,82.3,45.5,0
ASSET-EF17B91F,2026-08-04,62.28,1.173,79.4,67.0,0
ASSET-EF17B91F,2026-08-05,67.6,1.324,80.9,66.9,0
ASSET-EF17B91F,2026-08-06,70.1,1.415,87.9,62.7,0
ASSET-EF17B91F,2026-08-07,59.65,1.289,76.1,34.8,0
ASSET-EF17B91F,2026-08-08,64.9,1.352,82.6,43.9,0
ASSET-EF17B91F,2026-08-09,64.03,1.434,88.8,57.9,0
ASSET-EF17B91F,2026-08-10,67.22,1.746,78.5,36.3,0
ASSET-EF17B91F,2026-08-11,67.98,1.545,82.2,43.4,0
ASSET-EF17B91F,2026-08-12,61.46,1.402,81.7,39.0,0
ASSET-EF17B91F,2026-08-13,65.95,1.566,84.1,43.4,0
ASSET-EF17B91F,2026-08-14,62.58,1.4,95.6,43.5,0
ASSET-EF17B91F,2026-08-15,65.73,1.445,73.8,38.1,0
ASSET-EF17B91F,2026-08-16,64.45,1.722,80.2,47.1,0
ASSET-EF17B91F,2026-08-17,60.75,1.39,86.5,57.1,0
ASSET-EF17B91F,2026-08-18,60.15,1.769,71.7,54.6,0
ASSET-EF17B91F,2026-08-19,66.19,1.284,83.3,53.0,0
ASSET-EF17B91F,2026-08-20,63.3,1.938,82.1,36.5,0
ASSET-EF17B91F,2026-08-21,68.43,1.437,78.0,28.7,0
ASSET-EF17B91F,2026-08-22,62.16,1.58,69.8,42.3,0
ASSET-EF17B91F,2026-08-23,63.74,1.501,81.9,43.1,0
ASSET-EF17B91F,2026-08-24,66.23,1.224,75.5,39.7,0
ASSET-EF17B91F,2026-08-25,67.25,1.494,82.6,46.5,0
ASSET-EF17B91F,2026-08-26,63.84,1.745,87.2,70.4,0
ASSET-EF17B91F,2026-08-27,66.49,1.437,78.3,49.7,0
ASSET-EF17B91F,2026-08-28,60.81,1.651,79.2,51.8,0
ASSET-EF17B91F,2026-08-29,68.21,1.292,79.8,51.7,0
ASSET-EF17B91F,2026-08-30,63.71,1.431,80.3,47.5,0
ASSET-EF17B91F,2026-08-31,68.89,1.693,86.4,52.2,0
ASSET-EF17B91F,2026-09-01,68.6,1.953,85.0,57.9,0
ASSET-EF17B91F,2026-09-02,65.86,1.348,69.6,57.0,0
ASSET-EF17B91F,2026-09-03,61.31,1.377,84.2,61.5,0
ASSET-EF17B91F,2026-09-04,61.73,1.521,72.9,53.6,0
ASSET-EF17B91F,2026-09-05,58.86,1.506,82.8,44.7,0
ASSET-EF17B91F,2026-09-06,61.35,1.273,79.1,53.1,0
ASSET-EF17B91F,2026-09-07,61.1,1.373,70.6,39.6,0
ASSET-EF17B91F,2026-09-08,66.29,1.099,84.2,66.5,0
ASSET-EF17B91F,2026-09-09,69.75,1.51,79.4,52.5,0
ASSET-EF17B91F,2026-09-10,65.61,1.282,74.4,48.8,0
ASSET-EF17B91F,2026-09-11,68.45,1.771,80.5,39.3,0
ASSET-EF17B91F,2026-09-12,66.12,1.393,77.2,46.1,0
ASSET-EF17B91F,2026-09-13,67.09,1.917,79.4,52.9,0
ASSET-EF17B91F,2026-09-14,65.03,1.801,79.6,44.2,0
ASSET-EF17B91F,2026-09-15,62.2,1.59,76.3,43.6,0
ASSET-5BC21A9B,2026-03-20,68.34,1.4,78.7,52.3,0
ASSET-5BC21A9B,2026-03-21,62.91,1.354,80.7,51.6,0
ASSET-5BC21A9B,2026-03-22,66.28,1.686,80.2,58.4,0
ASSET-5BC21A9B,2026-03-23,66.76,1.658,80.5,44.3,0
ASSET-5BC21A9B,2026-03-24,67.9,1.516,76.1,59.7,0
ASSET-5BC21A9B,2026-03-25,67.43,1.688,83.7,44.8,0
ASSET-5BC21A9B,2026-03-26,68.35,1.171,82.7,53.7,0
ASSET-5BC21A9B,2026-03-27,62.5,1.508,75.8,59.7,0
ASSET-5BC21A9B,2026-03-28,64.33,1.551,67.8,66.9,0
ASSET-5BC21A9B,2026-03-29,67.93,1.114,73.4,44.9,0
ASSET-5BC21A9B,2026-03-30,62.12,1.791,81.6,42.8,0
ASSET-5BC21A9B,2026-03-31,63.12,1.453,82.9,31.3,0
ASSET-5BC21A9B,2026-04-01,63.86,1.404,81.4,42.9,0
ASSET-5BC21A9B,2026-04-02,66.42,1.679,73.5,36.1,0
ASSET-5BC21A9B,2026-04-03,62.69,1.296,84.9,34.2,0
ASSET-5BC21A9B,2026-04-04,63.5,1.138,81.3,45.5,0
ASSET-5BC21A9B,2026-04-05,67.86,1.573,80.8,43.7,0
ASSET-5BC21A9B,2026-04-06,66.97,1.546,79.4,56.6,0
ASSET-5BC21A9B,2026-04-07,59.54,1.51,79.3,53.0,0
ASSET-5BC21A9B,2026-04-08,62.98,1.405,79.4,55.8,0
ASSET-5BC21A9B,2026-04-09,65.62,1.714,85.9,50.3,0
ASSET-5BC21A9B,2026-04-10,64.55,1.35,81.2,33.7,0
ASSET-5BC21A9B,2026-04-11,69.95,1.78,70.7,30.2,0
ASSET-5BC21A9B,2026-04-12,65.9,1.495,77.4,71.9,0
ASSET-5BC21A9B,2026-04-13,66.26,1.432,73.6,51.7,0
ASSET-5BC21A9B,2026-04-14,65.85,1.654,86.7,58.5,0
ASSET-5BC21A9B,2026-04-15,69.25,1.597,79.0,62.1,0
ASSET-5BC21A9B,2026-04-16,72.13,1.259,73.1,49.0,0
ASSET-5BC21A9B,2026-04-17,65.27,1.045,76.1,66.8,0
ASSET-5BC21A9B,2026-04-18,65.41,1.583,84.4,51.4,0
ASSET-5BC21A9B,2026-04-19,57.58,1.564,83.3,41.6,0
ASSET-5BC21A9B,2026-04-20,67.26,1.633,81.6,49.4,0
ASSET-5BC21A9B,2026-04-21,64.79,1.697,80.1,51.1,0
ASSET-5BC21A9B,2026-04-22,66.39,1.517,73.0,24.5,0
ASSET-5BC21A9B,2026-04-23,63.71,1.472,76.4,64.9,0
ASSET-5BC21A9B,2026-04-24,58.12,1.485,73.9,52.7,0
ASSET-5BC21A9B,2026-04-25,64.83,1.34,84.7,55.8,0
ASSET-5BC21A9B,2026-04-26,60.82,1.659,83.3,41.5,0
ASSET-5BC21A9B,2026-04-27,64.34,1.547,82.6,42.2,0
ASSET-5BC21A9B,2026-04-28,62.7,1.704,88.7,37.1,0
ASSET-5BC21A9B,2026-04-29,65.96,1.168,78.8,50.4,0
ASSET-5BC21A9B,2026-04-30,64.34,1.276,84.6,53.9,0
ASSET-5BC21A9B,2026-05-01,62.43,1.648,85.1,44.2,0
ASSET-5BC21A9B,2026-05-02,60.78,1.291,85.6,38.7,0
ASSET-5BC21A9B,2026-05-03,60.25,1.54,81.6,29.5,0
ASSET-5BC21A9B,2026-05-04,70.78,1.915,74.1,57.2,0
ASSET-5BC21A9B,2026-05-05,60.64,1.652,72.9,46.9,0
ASSET-5BC21A9B,2026-05-06,67.29,1.511,79.8,46.0,0
ASSET-5BC21A9B,2026-05-07,64.31,1.484,78.5,49.9,0
ASSET-5BC21A9B,2026-05-08,63.13,1.457,78.5,36.7,0
ASSET-5BC21A9B,2026-05-09,68.75,1.337,80.5,83.9,0
ASSET-5BC21A9B,2026-05-10,61.84,1.946,77.2,38.6,0
ASSET-5BC21A9B,2026-05-11,67.67,1.488,75.0,52.4,0
ASSET-5BC21A9B,2026-05-12,66.83,1.321,79.5,40.8,0
ASSET-5BC21A9B,2026-05-13,65.49,1.646,86.7,51.6,0
ASSET-5BC21A9B,2026-05-14,65.89,1.708,77.7,56.7,0
ASSET-5BC21A9B,2026-05-15,67.39,1.421,77.5,59.9,0
ASSET-5BC21A9B,2026-05-16,62.43,1.626,72.9,53.7,0
ASSET-5BC21A9B,2026-05-17,68.78,1.252,81.7,46.0,0
ASSET-5BC21A9B,2026-05-18,69.06,1.656,83.7,52.9,0
ASSET-5BC21A9B,2026-05-19,66.03,1.508,77.9,52.8,0
ASSET-5BC21A9B,2026-05-20,65.62,1.449,77.8,55.6,0
ASSET-5BC21A9B,2026-05-21,63.84,1.391,80.8,64.2,0
ASSET-5BC21A9B,2026-05-22,63.74,1.475,84.1,50.1,0
ASSET-5BC21A9B,2026-05-23,63.9,1.503,76.5,48.8,0
ASSET-5BC21A9B,2026-05-24,61.84,1.532,75.2,65.4,0
ASSET-5BC21A9B,2026-05-25,63.04,1.193,77.3,56.2,0
ASSET-5BC21A9B,2026-05-26,61.72,1.643,79.3,40.6,0
ASSET-5BC21A9B,2026-05-27,62.6,1.24,72.5,31.3,0
ASSET-5BC21A9B,2026-05-28,66.1,1.238,86.8,44.4,0
ASSET-5BC21A9B,2026-05-29,64.18,1.433,75.2,40.7,0
ASSET-5BC21A9B,2026-05-30,69.73,1.42,77.4,50.1,0
ASSET-5BC21A9B,2026-05-31,66.59,1.444,80.4,44.4,0
ASSET-5BC21A9B,2026-06-01,68.19,1.029,76.2,57.6,0
ASSET-5BC21A9B,2026-06-02,61.26,1.557,85.3,45.1,0
ASSET-5BC21A9B,2026-06-03,64.53,1.576,85.2,54.3,0
ASSET-5BC21A9B,2026-06-04,71.01,1.407,89.8,72.6,0
ASSET-5BC21A9B,2026-06-05,65.53,1.551,81.1,35.0,0
ASSET-5BC21A9B,2026-06-06,65.32,1.792,79.6,42.7,0
ASSET-5BC21A9B,2026-06-07,64.9,1.443,79.2,63.2,0
ASSET-5BC21A9B,2026-06-08,66.2,1.46,84.1,41.0,0
ASSET-5BC21A9B,2026-06-09,66.14,1.721,76.6,40.3,0
ASSET-5BC21A9B,2026-06-10,61.08,1.545,79.5,44.0,0
ASSET-5BC21A9B,2026-06-11,70.49,1.706,82.8,48.2,0
ASSET-5BC21A9B,2026-06-12,65.28,1.644,80.8,45.6,0
ASSET-5BC21A9B,2026-06-13,62.85,1.396,80.8,55.6,0
ASSET-5BC21A9B,2026-06-14,62.73,1.537,89.4,48.8,0
ASSET-5BC21A9B,2026-06-15,64.35,1.636,72.4,57.8,0
ASSET-5BC21A9B,2026-06-16,64.23,1.36,85.4,50.7,0
ASSET-5BC21A9B,2026-06-17,65.97,1.6,86.2,31.4,0
ASSET-5BC21A9B,2026-06-18,60.94,1.436,79.7,39.9,0
ASSET-5BC21A9B,2026-06-19,66.85,1.582,90.6,58.2,0
ASSET-5BC21A9B,2026-06-20,59.92,1.394,81.3,58.9,0
ASSET-5BC21A9B,2026-06-21,66.14,1.702,80.2,48.2,0
ASSET-5BC21A9B,2026-06-22,62.78,1.827,82.4,40.1,0
ASSET-5BC21A9B,2026-06-23,63.73,1.63,75.8,60.3,0
ASSET-5BC21A9B,2026-06-24,69.57,1.548,84.3,46.9,0
ASSET-5BC21A9B,2026-06-25,60.43,1.544,83.1,58.8,0
ASSET-5BC21A9B,2026-06-26,69.69,1.298,82.5,46.0,0
ASSET-5BC21A9B,2026-06-27,62.56,1.56,76.3,63.9,0
ASSET-5BC21A9B,2026-06-28,64.16,1.265,80.6,41.9,0
ASSET-5BC21A9B,2026-06-29,64.73,1.363,75.0,45.8,0
ASSET-5BC21A9B,2026-06-30,68.33,1.492,84.5,54.0,0
ASSET-5BC21A9B,2026-07-01,60.61,1.416,79.7,55.1,0
ASSET-5BC21A9B,2026-07-02,70.71,1.432,75.2,48.4,0
ASSET-5BC21A9B,2026-07-03,65.16,1.752,80.8,56.8,0
ASSET-5BC21A9B,2026-07-04,60.45,1.371,90.1,54.6,0
ASSET-5BC21A9B,2026-07-05,71.45,1.652,81.0,45.2,0
ASSET-5BC21A9B,2026-07-06,66.79,1.314,75.1,58.5,0
ASSET-5BC21A9B,2026-07-07,63.39,1.293,75.7,61.9,0
ASSET-5BC21A9B,2026-07-08,62.49,1.358,79.0,48.3,0
ASSET-5BC21A9B,2026-07-09,64.71,1.623,86.6,50.7,0
ASSET-5BC21A9B,2026-07-10,65.52,1.861,86.3,60.8,0
ASSET-5BC21A9B,2026-07-11,67.27,1.529,83.5,67.2,0
ASSET-5BC21A9B,2026-07-12,64.62,1.401,79.8,62.1,0
ASSET-5BC21A9B,2026-07-13,60.95,1.59,84.9,57.4,0
ASSET-5BC21A9B,2026-07-14,68.81,1.404,92.3,39.6,0
ASSET-5BC21A9B,2026-07-15,67.89,1.686,86.3,47.8,0
ASSET-5BC21A9B,2026-07-16,64.52,1.067,88.3,52.1,0
ASSET-5BC21A9B,2026-07-17,62.61,1.54,77.9,39.9,0
ASSET-5BC21A9B,2026-07-18,66.75,1.584,77.7,48.6,0
ASSET-5BC21A9B,2026-07-19,65.26,1.785,85.5,50.6,0
ASSET-5BC21A9B,2026-07-20,67.18,1.528,84.0,53.3,0
ASSET-5BC21A9B,2026-07-21,65.59,1.638,77.7,53.3,0
ASSET-5BC21A9B,2026-07-22,64.12,1.173,81.6,39.0,0
ASSET-5BC21A9B,2026-07-23,63.39,1.701,78.3,35.8,0
ASSET-5BC21A9B,2026-07-24,61.18,1.466,88.2,58.4,0
ASSET-5BC21A9B,2026-07-25,62.89,1.604,74.7,46.4,0
ASSET-5BC21A9B,2026-07-26,64.67,1.347,87.2,40.6,0
ASSET-5BC21A9B,2026-07-27,67.34,1.888,77.3,50.8,0
ASSET-5BC21A9B,2026-07-28,67.15,1.669,82.8,53.4,0
ASSET-5BC21A9B,2026-07-29,69.79,1.705,79.2,49.2,0
ASSET-5BC21A9B,2026-07-30,60.55,1.251,69.6,51.5,0
ASSET-5BC21A9B,2026-07-31,61.45,1.176,78.0,62.2,0
ASSET-5BC21A9B,2026-08-01,66.92,1.55,80.3,28.4,0
ASSET-5BC21A9B,2026-08-02,67.35,1.203,78.2,42.1,0
ASSET-5BC21A9B,2026-08-03,67.45,1.353,87.8,36.8,0
ASSET-5BC21A9B,2026-08-04,65.52,1.35,88.0,51.3,0
ASSET-5BC21A9B,2026-08-05,66.17,1.318,72.8,31.6,0
ASSET-5BC21A9B,2026-08-06,66.98,1.031,78.2,51.1,0
ASSET-5BC21A9B,2026-08-07,64.87,1.883,71.5,47.3,0
ASSET-5BC21A9B,2026-08-08,67.76,1.441,74.8,53.0,0
ASSET-5BC21A9B,2026-08-09,64.01,1.855,74.7,68.5,0
ASSET-5BC21A9B,2026-08-10,59.22,1.769,81.3,62.3,0
ASSET-5BC21A9B,2026-08-11,70.02,1.446,72.0,61.4,0
ASSET-5BC21A9B,2026-08-12,64.62,1.629,71.5,35.3,0
ASSET-5BC21A9B,2026-08-13,68.4,1.507,80.1,46.8,0
ASSET-5BC21A9B,2026-08-14,62.36,1.34,84.2,82.1,0
ASSET-5BC21A9B,2026-08-15,65.92,1.526,79.6,53.4,0
ASSET-5BC21A9B,2026-08-16,69.04,1.525,75.1,43.1,0
ASSET-5BC21A9B,2026-08-17,68.47,1.285,78.7,30.6,0
ASSET-5BC21A9B,2026-08-18,69.64,1.354,75.0,49.9,0
ASSET-5BC21A9B,2026-08-19,67.41,1.793,80.5,57.4,0
ASSET-5BC21A9B,2026-08-20,70.19,1.759,78.6,57.8,0
ASSET-5BC21A9B,2026-08-21,64.22,1.391,77.1,60.5,0
ASSET-5BC21A9B,2026-08-22,65.39,1.342,78.3,48.3,0
ASSET-5BC21A9B,2026-08-23,63.18,1.33,80.1,51.8,0
ASSET-5BC21A9B,2026-08-24,60.8,1.386,80.0,51.0,0
ASSET-5BC21A9B,2026-08-25,62.62,1.522,85.6,71.5,0
ASSET-5BC21A9B,2026-08-26,59.94,1.158,93.1,53.7,0
ASSET-5BC21A9B,2026-08-27,62.97,1.392,78.2,42.6,0
ASSET-5BC21A9B,2026-08-28,59.4,1.649,71.1,67.0,0
ASSET-5BC21A9B,2026-08-29,71.2,1.732,76.2,32.3,0
ASSET-5BC21A9B,2026-08-30,69.36,1.355,79.5,43.7,0
ASSET-5BC21A9B,2026-08-31,65.36,1.411,80.1,40.7,0
ASSET-5BC21A9B,2026-09-01,63.24,1.245,85.3,56.4,0
ASSET-5BC21A9B,2026-09-02,68.11,1.762,76.8,50.6,0
ASSET-5BC21A9B,2026-09-03,65.91,1.668,86.7,38.9,0
ASSET-5BC21A9B,2026-09-04,65.08,1.823,82.5,57.2,0
ASSET-5BC21A9B,2026-09-05,63.12,1.496,83.7,40.4,0
ASSET-5BC21A9B,2026-09-06,62.22,1.656,77.7,41.9,0
ASSET-5BC21A9B,2026-09-07,67.66,1.498,78.0,43.2,0
ASSET-5BC21A9B,2026-09-08,66.95,1.307,82.7,37.8,0
ASSET-5BC21A9B,2026-09-09,70.06,1.48,83.0,34.0,0
ASSET-5BC21A9B,2026-09-10,70.97,1.676,88.1,63.2,0
ASSET-5BC21A9B,2026-09-11,62.76,1.544,73.3,62.2,0
ASSET-5BC21A9B,2026-09-12,60.58,1.442,70.0,40.7,0
ASSET-5BC21A9B,2026-09-13,59.16,1.777,80.4,49.4,0
ASSET-5BC21A9B,2026-09-14,69.22,1.446,83.6,40.6,0
ASSET-5BC21A9B,2026-09-15,63.79,1.614,79.0,60.6,0
ASSET-069F46C6,2026-03-20,66.88,1.42,70.7,58.9,0
ASSET-069F46C6,2026-03-21,68.83,1.522,71.7,58.0,0
ASSET-069F46C6,2026-03-22,65.08,1.548,80.7,52.5,0
ASSET-069F46C6,2026-03-23,65.66,1.54,72.6,50.3,0
ASSET-069F46C6,2026-03-24,65.14,1.242,73.2,54.4,0
ASSET-069F46C6,2026-03-25,66.14,1.864,87.1,50.9,0
ASSET-069F46C6,2026-03-26,65.7,1.788,80.2,68.4,0
ASSET-069F46C6,2026-03-27,60.21,1.654,82.0,53.3,0
ASSET-069F46C6,2026-03-28,64.82,1.55,72.6,60.4,0
ASSET-069F46C6,2026-03-29,66.9,1.455,92.6,60.8,0
ASSET-069F46C6,2026-03-30,60.7,1.428,84.2,60.5,0
ASSET-069F46C6,2026-03-31,64.15,1.787,69.1,51.0,0
ASSET-069F46C6,2026-04-01,70.6,1.321,84.4,61.2,0
ASSET-069F46C6,2026-04-02,62.88,1.687,77.0,64.7,0
ASSET-069F46C6,2026-04-03,64.17,1.544,78.6,51.4,0
ASSET-069F46C6,2026-04-04,63.98,1.305,73.2,62.3,0
ASSET-069F46C6,2026-04-05,68.0,1.59,72.8,45.6,0
ASSET-069F46C6,2026-04-06,62.74,1.49,80.5,58.2,0
ASSET-069F46C6,2026-04-07,65.78,1.41,77.6,30.0,0
ASSET-069F46C6,2026-04-08,64.31,1.554,73.2,41.7,0
ASSET-069F46C6,2026-04-09,66.02,1.338,86.8,50.9,0
ASSET-069F46C6,2026-04-10,64.66,1.523,77.0,50.2,0
ASSET-069F46C6,2026-04-11,69.28,1.704,90.5,51.4,0
ASSET-069F46C6,2026-04-12,65.32,1.29,78.0,50.1,0
ASSET-069F46C6,2026-04-13,64.33,1.505,81.4,31.7,0
ASSET-069F46C6,2026-04-14,62.79,1.669,79.6,52.7,0
ASSET-069F46C6,2026-04-15,61.93,1.396,79.8,54.8,0
ASSET-069F46C6,2026-04-16,66.29,2.006,79.5,45.3,0
ASSET-069F46C6,2026-04-17,64.46,1.378,81.7,41.1,0
ASSET-069F46C6,2026-04-18,66.87,1.344,84.8,43.1,0
ASSET-069F46C6,2026-04-19,63.33,1.695,76.7,62.9,0
ASSET-069F46C6,2026-04-20,64.5,1.433,82.3,45.8,0
ASSET-069F46C6,2026-04-21,65.62,1.458,69.2,71.4,0
ASSET-069F46C6,2026-04-22,64.99,1.525,80.1,35.6,0
ASSET-069F46C6,2026-04-23,68.51,1.611,81.1,65.1,0
ASSET-069F46C6,2026-04-24,61.25,1.337,80.5,67.9,0
ASSET-069F46C6,2026-04-25,69.29,1.474,80.4,62.5,0
ASSET-069F46C6,2026-04-26,67.44,1.227,81.4,43.3,0
ASSET-069F46C6,2026-04-27,64.73,1.641,77.7,62.4,0
ASSET-069F46C6,2026-04-28,67.85,1.561,84.9,63.0,0
ASSET-069F46C6,2026-04-29,59.45,1.373,80.9,34.6,0
ASSET-069F46C6,2026-04-30,65.76,1.432,83.3,67.9,0
ASSET-069F46C6,2026-05-01,62.86,1.342,84.4,64.8,0
ASSET-069F46C6,2026-05-02,63.95,1.487,74.7,26.2,0
ASSET-069F46C6,2026-05-03,65.08,1.754,85.9,54.4,0
ASSET-069F46C6,2026-05-04,68.11,1.604,89.9,56.3,0
ASSET-069F46C6,2026-05-05,61.66,1.571,75.4,44.8,0
ASSET-069F46C6,2026-05-06,65.64,1.89,90.1,55.3,0
ASSET-069F46C6,2026-05-07,59.08,1.395,76.7,40.9,0
ASSET-069F46C6,2026-05-08,62.06,1.629,75.4,62.0,0
ASSET-069F46C6,2026-05-09,61.28,1.697,81.2,53.7,0
ASSET-069F46C6,2026-05-10,61.39,0.989,80.9,44.0,0
ASSET-069F46C6,2026-05-11,66.33,1.553,80.0,63.4,0
ASSET-069F46C6,2026-05-12,59.9,1.446,81.6,70.5,0
ASSET-069F46C6,2026-05-13,61.14,1.47,79.7,58.9,0
ASSET-069F46C6,2026-05-14,63.94,1.406,83.6,47.7,0
ASSET-069F46C6,2026-05-15,65.35,1.404,76.2,55.2,0
ASSET-069F46C6,2026-05-16,65.6,1.706,82.6,56.4,0
ASSET-069F46C6,2026-05-17,73.84,1.461,78.1,49.2,0
ASSET-069F46C6,2026-05-18,63.02,1.354,82.6,42.7,0
ASSET-069F46C6,2026-05-19,68.52,1.829,70.7,58.7,0
ASSET-069F46C6,2026-05-20,64.35,1.737,77.6,50.3,0
ASSET-069F46C6,2026-05-21,64.6,1.72,81.5,38.0,0
ASSET-069F46C6,2026-05-22,61.36,1.688,83.2,57.3,0
ASSET-069F46C6,2026-05-23,64.04,1.372,79.8,36.7,0
ASSET-069F46C6,2026-05-24,60.59,1.159,76.8,46.0,0
ASSET-069F46C6,2026-05-25,62.66,1.482,83.2,39.8,0
ASSET-069F46C6,2026-05-26,65.34,1.406,84.0,57.8,0
ASSET-069F46C6,2026-05-27,67.14,1.168,82.2,25.8,0
ASSET-069F46C6,2026-05-28,61.81,1.413,73.6,57.0,0
ASSET-069F46C6,2026-05-29,68.21,1.347,80.8,54.1,0
ASSET-069F46C6,2026-05-30,59.64,1.414,77.5,63.1,0
ASSET-069F46C6,2026-05-31,67.99,1.824,77.7,46.1,0
ASSET-069F46C6,2026-06-01,68.27,1.523,76.2,42.3,0
ASSET-069F46C6,2026-06-02,67.96,1.515,82.0,56.2,0
ASSET-069F46C6,2026-06-03,60.3,1.5,87.6,44.2,0
ASSET-069F46C6,2026-06-04,69.19,1.442,83.0,53.0,0
ASSET-069F46C6,2026-06-05,66.87,1.658,72.9,33.6,0
ASSET-069F46C6,2026-06-06,63.43,1.462,78.7,43.9,0
ASSET-069F46C6,2026-06-07,66.58,1.418,81.3,57.6,0
ASSET-069F46C6,2026-06-08,69.29,1.771,73.9,60.2,0
ASSET-069F46C6,2026-06-09,63.27,1.454,85.1,35.2,0
ASSET-069F46C6,2026-06-10,65.6,1.512,77.2,42.1,0
ASSET-069F46C6,2026-06-11,64.56,1.731,75.4,65.6,0
ASSET-069F46C6,2026-06-12,63.9,1.646,80.7,43.5,0
ASSET-069F46C6,2026-06-13,65.36,1.259,74.0,53.5,0
ASSET-069F46C6,2026-06-14,70.25,1.342,92.3,40.2,0
ASSET-069F46C6,2026-06-15,62.97,1.389,79.6,53.7,0
ASSET-069F46C6,2026-06-16,63.28,1.625,81.9,45.6,0
ASSET-069F46C6,2026-06-17,63.31,1.657,82.2,56.8,0
ASSET-069F46C6,2026-06-18,63.27,1.379,79.0,48.4,0
ASSET-069F46C6,2026-06-19,62.3,1.946,76.3,29.2,0
ASSET-069F46C6,2026-06-20,62.05,1.725,72.8,38.9,0
ASSET-069F46C6,2026-06-21,64.88,1.418,80.9,55.9,0
ASSET-069F46C6,2026-06-22,66.46,1.679,88.0,56.0,0
ASSET-069F46C6,2026-06-23,64.87,1.188,91.1,40.6,0
ASSET-069F46C6,2026-06-24,63.51,1.421,84.0,59.7,0
ASSET-069F46C6,2026-06-25,64.74,1.544,71.5,48.2,0
ASSET-069F46C6,2026-06-26,68.1,1.67,79.4,41.5,0
ASSET-069F46C6,2026-06-27,68.97,1.249,90.3,53.2,0
ASSET-069F46C6,2026-06-28,70.37,1.084,84.7,44.5,0
ASSET-069F46C6,2026-06-29,66.41,1.507,72.7,61.9,0
ASSET-069F46C6,2026-06-30,63.69,1.208,78.8,38.2,0
ASSET-069F46C6,2026-07-01,64.18,1.593,75.4,45.3,0
ASSET-069F46C6,2026-07-02,63.0,1.593,70.5,45.4,0
ASSET-069F46C6,2026-07-03,64.52,1.318,82.1,33.7,0
ASSET-069F46C6,2026-07-04,66.67,0.76,80.6,53.7,0
ASSET-069F46C6,2026-07-05,63.67,1.047,77.2,43.4,0
ASSET-069F46C6,2026-07-06,64.62,1.695,74.4,43.9,0
ASSET-069F46C6,2026-07-07,64.15,1.76,78.2,68.1,0
ASSET-069F46C6,2026-07-08,62.22,1.65,81.1,47.2,0
ASSET-069F46C6,2026-07-09,63.88,1.653,86.1,43.1,0
ASSET-069F46C6,2026-07-10,59.62,1.502,72.4,53.6,0
ASSET-069F46C6,2026-07-11,66.33,1.235,85.7,32.8,0
ASSET-069F46C6,2026-07-12,65.32,1.37,81.1,47.4,0
ASSET-069F46C6,2026-07-13,66.4,1.375,77.0,22.3,0
ASSET-069F46C6,2026-07-14,58.68,1.617,86.5,45.8,0
ASSET-069F46C6,2026-07-15,59.92,1.454,84.5,52.1,0
ASSET-069F46C6,2026-07-16,68.46,1.81,79.1,43.8,0
ASSET-069F46C6,2026-07-17,68.98,1.443,74.8,27.2,0
ASSET-069F46C6,2026-07-18,63.28,1.711,88.6,63.3,0
ASSET-069F46C6,2026-07-19,64.09,1.305,79.9,48.8,0
ASSET-069F46C6,2026-07-20,65.84,1.247,79.9,49.3,0
ASSET-069F46C6,2026-07-21,63.64,1.518,86.1,44.9,0
ASSET-069F46C6,2026-07-22,65.31,1.568,72.3,36.5,0
ASSET-069F46C6,2026-07-23,63.01,1.223,86.0,70.2,0
ASSET-069F46C6,2026-07-24,70.34,1.141,73.4,50.1,0
ASSET-069F46C6,2026-07-25,67.04,1.628,90.3,51.4,0
ASSET-069F46C6,2026-07-26,62.06,1.316,79.4,53.3,0
ASSET-069F46C6,2026-07-27,69.89,1.704,76.8,48.2,0
ASSET-069F46C6,2026-07-28,67.36,1.458,78.0,41.7,0
ASSET-069F46C6,2026-07-29,68.05,1.451,82.5,49.6,0
ASSET-069F46C6,2026-07-30,65.35,1.577,80.6,45.6,0
ASSET-069F46C6,2026-07-31,65.13,1.406,84.7,60.1,0
ASSET-069F46C6,2026-08-01,68.39,1.84,77.1,44.4,0
ASSET-069F46C6,2026-08-02,61.4,1.455,79.1,42.3,0
ASSET-069F46C6,2026-08-03,64.71,1.589,72.3,53.5,0
ASSET-069F46C6,2026-08-04,66.69,1.685,79.7,69.6,0
ASSET-069F46C6,2026-08-05,65.68,1.154,73.4,44.3,0
ASSET-069F46C6,2026-08-06,67.46,1.728,81.3,48.1,0
ASSET-069F46C6,2026-08-07,58.26,1.468,76.3,35.5,0
ASSET-069F46C6,2026-08-08,65.86,1.392,80.1,36.5,0
ASSET-069F46C6,2026-08-09,69.71,1.457,78.7,43.7,0
ASSET-069F46C6,2026-08-10,62.56,1.576,78.6,50.5,0
ASSET-069F46C6,2026-08-11,62.02,1.644,78.7,41.5,0
ASSET-069F46C6,2026-08-12,64.26,1.467,87.4,44.0,0
ASSET-069F46C6,2026-08-13,67.58,1.498,82.8,38.3,0
ASSET-069F46C6,2026-08-14,66.82,1.487,81.7,53.7,0
ASSET-069F46C6,2026-08-15,57.92,1.463,81.3,50.8,0
ASSET-069F46C6,2026-08-16,63.73,1.263,86.3,56.1,0
ASSET-069F46C6,2026-08-17,64.98,1.206,78.8,46.6,0
ASSET-069F46C6,2026-08-18,66.5,1.644,82.4,49.6,0
ASSET-069F46C6,2026-08-19,58.25,1.382,74.4,52.7,0
ASSET-069F46C6,2026-08-20,63.21,1.606,85.2,44.4,0
ASSET-069F46C6,2026-08-21,63.66,1.538,79.3,35.5,0
ASSET-069F46C6,2026-08-22,67.41,1.372,78.4,51.3,0
ASSET-069F46C6,2026-08-23,58.78,1.782,76.6,43.7,0
ASSET-069F46C6,2026-08-24,66.77,1.443,97.5,58.6,0
ASSET-069F46C6,2026-08-25,63.36,1.199,73.5,51.3,0
ASSET-069F46C6,2026-08-26,67.68,1.175,73.1,61.5,0
ASSET-069F46C6,2026-08-27,66.1,1.699,68.5,36.3,0
ASSET-069F46C6,2026-08-28,65.68,1.479,78.7,72.0,0
ASSET-069F46C6,2026-08-29,64.41,1.604,89.3,49.0,0
ASSET-069F46C6,2026-08-30,57.37,1.407,76.9,55.9,0
ASSET-069F46C6,2026-08-31,62.33,1.481,81.2,31.4,0
ASSET-069F46C6,2026-09-01,65.04,1.836,85.5,55.3,0
ASSET-069F46C6,2026-09-02,66.4,1.158,78.9,31.3,0
ASSET-069F46C6,2026-09-03,66.07,1.493,75.5,71.1,0
ASSET-069F46C6,2026-09-04,62.29,1.896,79.0,44.6,0
ASSET-069F46C6,2026-09-05,61.98,1.299,87.1,45.2,0
ASSET-069F46C6,2026-09-06,62.32,1.228,81.3,53.8,0
ASSET-069F46C6,2026-09-07,62.67,1.54,68.6,52.8,0
ASSET-069F46C6,2026-09-08,67.35,1.493,77.9,31.8,0
ASSET-069F46C6,2026-09-09,65.04,1.546,78.8,44.7,0
ASSET-069F46C6,2026-09-10,63.17,1.238,78.5,35.2,0
ASSET-069F46C6,2026-09-11,66.05,1.697,80.5,71.8,0
ASSET-069F46C6,2026-09-12,66.78,1.38,88.7,64.1,0
ASSET-069F46C6,2026-09-13,61.76,1.826,82.3,47.3,0
ASSET-069F46C6,2026-09-14,64.8,1.539,77.8,35.6,0
ASSET-069F46C6,2026-09-15,67.83,1.716,75.5,52.7,0
ASSET-59856CF7,2026-03-20,61.17,1.66,83.3,54.8,0
ASSET-59856CF7,2026-03-21,63.61,1.856,75.9,37.7,0
ASSET-59856CF7,2026-03-22,63.25,1.247,74.6,54.5,0
ASSET-59856CF7,2026-03-23,60.78,1.329,85.0,55.6,0
ASSET-59856CF7,2026-03-24,66.32,1.256,81.4,37.5,0
ASSET-59856CF7,2026-03-25,63.67,1.425,81.1,45.6,0
ASSET-59856CF7,2026-03-26,68.2,1.597,82.1,53.6,0
ASSET-59856CF7,2026-03-27,62.42,1.361,75.6,49.5,0
ASSET-59856CF7,2026-03-28,64.32,1.205,78.9,52.5,0
ASSET-59856CF7,2026-03-29,66.63,1.305,73.8,46.5,0
ASSET-59856CF7,2026-03-30,65.83,1.585,84.6,35.1,0
ASSET-59856CF7,2026-03-31,62.19,1.511,69.8,54.8,0
ASSET-59856CF7,2026-04-01,62.82,1.553,83.0,33.8,0
ASSET-59856CF7,2026-04-02,70.21,1.453,87.8,60.2,0
ASSET-59856CF7,2026-04-03,63.92,1.176,80.4,59.2,0
ASSET-59856CF7,2026-04-04,61.78,1.548,75.9,31.0,0
ASSET-59856CF7,2026-04-05,60.21,1.453,86.0,38.1,0
ASSET-59856CF7,2026-04-06,68.53,1.561,83.6,49.2,0
ASSET-59856CF7,2026-04-07,64.83,1.535,85.9,49.9,0
ASSET-59856CF7,2026-04-08,69.96,1.463,80.6,44.3,0
ASSET-59856CF7,2026-04-09,66.21,1.17,80.5,68.1,0
ASSET-59856CF7,2026-04-10,58.46,1.762,85.4,31.2,0
ASSET-59856CF7,2026-04-11,69.77,1.019,78.9,56.7,0
ASSET-59856CF7,2026-04-12,67.55,1.403,75.5,48.3,0
ASSET-59856CF7,2026-04-13,68.11,1.411,81.1,43.0,0
ASSET-59856CF7,2026-04-14,62.37,1.685,79.9,41.0,0
ASSET-59856CF7,2026-04-15,68.53,1.589,89.1,61.1,0
ASSET-59856CF7,2026-04-16,59.18,1.625,83.7,47.9,0
ASSET-59856CF7,2026-04-17,58.74,1.15,80.0,49.0,0
ASSET-59856CF7,2026-04-18,66.29,1.57,85.4,59.2,0
ASSET-59856CF7,2026-04-19,67.85,1.36,77.9,57.4,0
ASSET-59856CF7,2026-04-20,66.04,1.424,75.7,44.2,0
ASSET-59856CF7,2026-04-21,67.67,1.694,77.6,54.0,0
ASSET-59856CF7,2026-04-22,68.38,1.407,80.3,48.6,0
ASSET-59856CF7,2026-04-23,65.94,1.439,82.0,52.7,0
ASSET-59856CF7,2026-04-24,63.58,1.408,86.8,54.0,0
ASSET-59856CF7,2026-04-25,63.67,1.257,73.7,51.4,0
ASSET-59856CF7,2026-04-26,69.31,1.195,85.3,33.6,0
ASSET-59856CF7,2026-04-27,64.25,1.667,74.2,50.6,0
ASSET-59856CF7,2026-04-28,61.13,1.753,82.7,36.1,0
ASSET-59856CF7,2026-04-29,61.56,1.582,76.4,44.8,0
ASSET-59856CF7,2026-04-30,64.31,1.449,74.9,55.6,0
ASSET-59856CF7,2026-05-01,67.56,1.135,79.5,54.7,0
ASSET-59856CF7,2026-05-02,62.92,1.386,81.4,42.3,0
ASSET-59856CF7,2026-05-03,61.75,1.453,82.6,39.2,0
ASSET-59856CF7,2026-05-04,64.38,1.374,80.0,51.9,0
ASSET-59856CF7,2026-05-05,66.43,1.446,78.0,46.4,0
ASSET-59856CF7,2026-05-06,63.48,1.246,84.7,41.7,0
ASSET-59856CF7,2026-05-07,62.68,1.405,74.1,39.3,0
ASSET-59856CF7,2026-05-08,64.24,1.717,79.9,37.9,0
ASSET-59856CF7,2026-05-09,62.58,1.524,79.6,64.2,0
ASSET-59856CF7,2026-05-10,60.5,1.592,82.0,65.9,0
ASSET-59856CF7,2026-05-11,58.42,1.391,84.4,43.6,0
ASSET-59856CF7,2026-05-12,64.22,1.292,83.9,66.1,0
ASSET-59856CF7,2026-05-13,60.02,1.66,74.1,44.6,0
ASSET-59856CF7,2026-05-14,65.23,1.366,68.9,45.3,0
ASSET-59856CF7,2026-05-15,66.95,1.729,81.0,44.8,0
ASSET-59856CF7,2026-05-16,65.87,1.338,80.7,54.6,0
ASSET-59856CF7,2026-05-17,66.52,1.858,88.0,35.9,0
ASSET-59856CF7,2026-05-18,68.63,1.273,81.5,39.8,0
ASSET-59856CF7,2026-05-19,70.09,1.216,86.9,33.3,0
ASSET-59856CF7,2026-05-20,68.39,1.565,80.1,56.0,0
ASSET-59856CF7,2026-05-21,63.82,1.502,83.4,52.4,0
ASSET-59856CF7,2026-05-22,65.87,1.372,73.5,51.5,0
ASSET-59856CF7,2026-05-23,62.63,1.706,77.5,52.9,0
ASSET-59856CF7,2026-05-24,65.2,1.53,85.8,45.1,0
ASSET-59856CF7,2026-05-25,60.65,1.149,80.6,37.7,0
ASSET-59856CF7,2026-05-26,63.73,1.327,80.9,30.3,0
ASSET-59856CF7,2026-05-27,65.57,1.504,77.8,52.2,0
ASSET-59856CF7,2026-05-28,65.46,1.858,84.8,51.8,0
ASSET-59856CF7,2026-05-29,61.77,1.296,71.8,49.4,0
ASSET-59856CF7,2026-05-30,66.02,0.943,82.8,34.0,0
ASSET-59856CF7,2026-05-31,66.37,1.46,82.6,57.2,0
ASSET-59856CF7,2026-06-01,65.7,1.369,72.1,51.1,0
ASSET-59856CF7,2026-06-02,63.8,1.905,76.9,52.5,0
ASSET-59856CF7,2026-06-03,63.04,1.448,82.4,46.0,0
ASSET-59856CF7,2026-06-04,68.6,1.664,82.7,53.9,0
ASSET-59856CF7,2026-06-05,61.75,1.425,80.7,54.0,0
ASSET-59856CF7,2026-06-06,68.17,1.544,80.6,48.9,0
ASSET-59856CF7,2026-06-07,63.65,1.366,85.7,43.4,0
ASSET-59856CF7,2026-06-08,61.81,1.257,75.4,67.8,0
ASSET-59856CF7,2026-06-09,68.52,1.719,81.7,58.1,0
ASSET-59856CF7,2026-06-10,58.68,1.472,85.7,52.1,0
ASSET-59856CF7,2026-06-11,61.66,1.237,73.8,35.5,0
ASSET-59856CF7,2026-06-12,63.54,1.445,74.6,43.1,0
ASSET-59856CF7,2026-06-13,64.85,1.546,82.2,31.1,0
ASSET-59856CF7,2026-06-14,65.32,1.683,81.0,58.6,0
ASSET-59856CF7,2026-06-15,63.32,1.464,90.5,58.0,0
ASSET-59856CF7,2026-06-16,65.51,1.637,83.4,49.4,0
ASSET-59856CF7,2026-06-17,63.75,1.44,69.8,43.7,0
ASSET-59856CF7,2026-06-18,60.82,1.362,76.2,35.3,0
ASSET-59856CF7,2026-06-19,62.67,1.51,74.7,47.1,0
ASSET-59856CF7,2026-06-20,63.83,1.644,82.1,47.7,0
ASSET-59856CF7,2026-06-21,65.56,1.232,81.8,51.2,0
ASSET-59856CF7,2026-06-22,67.64,1.495,80.4,40.0,0
ASSET-59856CF7,2026-06-23,64.72,1.654,77.3,51.7,0
ASSET-59856CF7,2026-06-24,65.83,1.473,81.3,32.1,0
ASSET-59856CF7,2026-06-25,64.92,1.568,79.2,51.8,0
ASSET-59856CF7,2026-06-26,69.98,1.818,77.3,46.5,0
ASSET-59856CF7,2026-06-27,68.87,1.262,81.4,38.8,0
ASSET-59856CF7,2026-06-28,66.52,1.154,77.4,58.9,0
ASSET-59856CF7,2026-06-29,61.17,1.649,90.7,65.5,0
ASSET-59856CF7,2026-06-30,64.67,1.23,82.9,51.0,0
ASSET-59856CF7,2026-07-01,60.92,1.313,73.1,61.6,0
ASSET-59856CF7,2026-07-02,64.39,1.43,91.1,45.3,0
ASSET-59856CF7,2026-07-03,61.92,1.389,78.5,36.7,0
ASSET-59856CF7,2026-07-04,67.66,1.452,82.2,63.1,0
ASSET-59856CF7,2026-07-05,66.5,1.658,89.5,46.7,0
ASSET-59856CF7,2026-07-06,61.65,1.485,81.9,38.0,0
ASSET-59856CF7,2026-07-07,67.83,1.43,83.1,57.5,0
ASSET-59856CF7,2026-07-08,66.56,1.577,73.1,69.0,0
ASSET-59856CF7,2026-07-09,71.0,1.416,85.7,45.3,0
ASSET-59856CF7,2026-07-10,67.94,1.496,76.2,49.0,0
ASSET-59856CF7,2026-07-11,63.87,1.369,87.4,48.1,0
ASSET-59856CF7,2026-07-12,66.29,1.81,76.0,36.9,0
ASSET-59856CF7,2026-07-13,63.8,1.406,79.9,59.7,0
ASSET-59856CF7,2026-07-14,66.17,1.67,73.6,48.1,0
ASSET-59856CF7,2026-07-15,61.85,1.776,86.8,45.2,0
ASSET-59856CF7,2026-07-16,71.16,1.644,79.6,45.1,0
ASSET-59856CF7,2026-07-17,66.81,1.164,76.3,51.4,0
ASSET-59856CF7,2026-07-18,63.96,1.41,75.6,56.5,0
ASSET-59856CF7,2026-07-19,66.59,1.875,76.2,47.6,0
ASSET-59856CF7,2026-07-20,66.58,1.435,80.3,36.1,0
ASSET-59856CF7,2026-07-21,69.76,1.22,87.6,30.7,0
ASSET-59856CF7,2026-07-22,67.73,1.502,78.5,40.5,0
ASSET-59856CF7,2026-07-23,64.43,1.509,90.1,45.1,0
ASSET-59856CF7,2026-07-24,63.16,1.62,82.7,32.9,0
ASSET-59856CF7,2026-07-25,64.79,1.358,78.7,57.0,0
ASSET-59856CF7,2026-07-26,60.22,1.495,86.4,42.2,0
ASSET-59856CF7,2026-07-27,67.53,1.413,80.9,57.6,0
ASSET-59856CF7,2026-07-28,63.25,1.466,84.5,61.2,0
ASSET-59856CF7,2026-07-29,67.89,1.984,82.8,52.3,0
ASSET-59856CF7,2026-07-30,64.53,1.436,86.1,58.2,0
ASSET-59856CF7,2026-07-31,65.97,1.538,76.1,31.9,0
ASSET-59856CF7,2026-08-01,66.16,1.805,85.5,47.0,0
ASSET-59856CF7,2026-08-02,66.44,1.248,81.0,38.8,0
ASSET-59856CF7,2026-08-03,69.24,1.505,83.4,48.3,0
ASSET-59856CF7,2026-08-04,68.13,1.535,80.2,63.8,0
ASSET-59856CF7,2026-08-05,69.43,1.562,81.2,52.3,0
ASSET-59856CF7,2026-08-06,68.64,1.371,79.1,65.1,0
ASSET-59856CF7,2026-08-07,62.47,1.258,71.7,40.0,0
ASSET-59856CF7,2026-08-08,62.57,1.08,75.5,54.6,0
ASSET-59856CF7,2026-08-09,64.53,1.436,91.6,41.5,0
ASSET-59856CF7,2026-08-10,62.72,1.753,84.3,37.1,0
ASSET-59856CF7,2026-08-11,65.99,1.574,82.6,47.5,0
ASSET-59856CF7,2026-08-12,64.29,1.375,85.3,26.5,0
ASSET-59856CF7,2026-08-13,61.34,1.656,73.8,62.0,0
ASSET-59856CF7,2026-08-14,66.72,1.316,79.8,68.4,0
ASSET-59856CF7,2026-08-15,63.15,1.525,82.5,46.6,0
ASSET-59856CF7,2026-08-16,70.04,1.45,76.4,49.2,0
ASSET-59856CF7,2026-08-17,68.24,1.494,91.9,61.7,0
ASSET-59856CF7,2026-08-18,72.45,1.455,86.2,40.7,0
ASSET-59856CF7,2026-08-19,66.18,1.149,77.8,56.5,0
ASSET-59856CF7,2026-08-20,63.42,1.673,83.2,50.9,0
ASSET-59856CF7,2026-08-21,67.85,1.729,84.6,63.1,0
ASSET-59856CF7,2026-08-22,67.16,1.504,77.9,53.8,0
ASSET-59856CF7,2026-08-23,66.91,1.604,87.5,58.7,0
ASSET-59856CF7,2026-08-24,58.9,1.764,84.2,55.2,0
ASSET-59856CF7,2026-08-25,67.29,1.492,68.3,40.5,0
ASSET-59856CF7,2026-08-26,66.36,1.314,77.2,45.2,0
ASSET-59856CF7,2026-08-27,67.39,1.781,72.3,48.0,0
ASSET-59856CF7,2026-08-28,68.63,1.466,74.4,59.3,0
ASSET-59856CF7,2026-08-29,67.74,1.668,83.3,58.4,0
ASSET-59856CF7,2026-08-30,68.1,1.809,76.8,47.9,0
ASSET-59856CF7,2026-08-31,67.44,1.363,79.4,51.2,0
ASSET-59856CF7,2026-09-01,66.89,1.69,79.7,50.0,0
ASSET-59856CF7,2026-09-02,65.0,1.518,83.3,57.9,0
ASSET-59856CF7,2026-09-03,63.07,1.62,69.8,49.1,0
ASSET-59856CF7,2026-09-04,63.33,1.189,83.1,61.0,0
ASSET-59856CF7,2026-09-05,65.31,1.679,82.4,52.6,0
ASSET-59856CF7,2026-09-06,70.85,1.713,70.1,58.4,0
ASSET-59856CF7,2026-09-07,66.01,1.514,83.6,49.3,0
ASSET-59856CF7,2026-09-08,65.02,1.788,79.1,52.0,0
ASSET-59856CF7,2026-09-09,65.27,1.628,79.7,32.9,0
ASSET-59856CF7,2026-09-10,62.36,1.701,86.5,48.9,0
ASSET-59856CF7,2026-09-11,63.26,1.337,82.8,63.7,0
ASSET-59856CF7,2026-09-12,67.77,1.14,84.5,41.3,0
ASSET-59856CF7,2026-09-13,62.67,1.593,80.7,48.3,0
ASSET-59856CF7,2026-09-14,65.39,1.169,76.8,38.4,0
ASSET-59856CF7,2026-09-15,64.05,1.504,74.5,39.9,0
ASSET-7195D082,2026-03-20,65.32,1.223,81.4,33.2,0
ASSET-7195D082,2026-03-21,62.12,1.491,81.5,61.8,0
ASSET-7195D082,2026-03-22,64.6,1.058,78.4,50.0,0
ASSET-7195D082,2026-03-23,60.7,1.564,83.6,58.6,0
ASSET-7195D082,2026-03-24,69.39,1.488,78.7,41.2,0
ASSET-7195D082,2026-03-25,63.4,1.64,77.9,56.4,0
ASSET-7195D082,2026-03-26,65.6,1.547,79.1,56.8,0
ASSET-7195D082,2026-03-27,61.06,1.344,83.0,58.0,0
ASSET-7195D082,2026-03-28,63.17,1.285,84.0,37.9,0
ASSET-7195D082,2026-03-29,62.3,1.188,78.3,34.3,0
ASSET-7195D082,2026-03-30,66.62,1.172,75.4,39.9,0
ASSET-7195D082,2026-03-31,64.68,1.499,84.0,50.9,0
ASSET-7195D082,2026-04-01,68.52,1.837,80.2,50.2,0
ASSET-7195D082,2026-04-02,62.23,1.562,80.8,41.2,0
ASSET-7195D082,2026-04-03,61.12,1.676,77.6,62.7,0
ASSET-7195D082,2026-04-04,64.95,1.678,79.8,35.6,0
ASSET-7195D082,2026-04-05,63.3,1.099,74.7,54.7,0
ASSET-7195D082,2026-04-06,63.29,1.433,79.2,52.9,0
ASSET-7195D082,2026-04-07,67.55,1.942,82.7,47.6,0
ASSET-7195D082,2026-04-08,68.09,1.208,78.9,54.5,0
ASSET-7195D082,2026-04-09,67.29,2.031,79.2,42.6,0
ASSET-7195D082,2026-04-10,66.13,1.578,80.9,55.4,0
ASSET-7195D082,2026-04-11,63.37,1.575,78.6,57.6,0
ASSET-7195D082,2026-04-12,65.6,1.269,82.7,53.8,0
ASSET-7195D082,2026-04-13,68.77,1.642,70.5,48.4,0
ASSET-7195D082,2026-04-14,66.56,1.475,85.9,47.5,0
ASSET-7195D082,2026-04-15,68.44,1.296,86.1,42.1,0
ASSET-7195D082,2026-04-16,66.46,1.493,70.3,62.4,0
ASSET-7195D082,2026-04-17,66.86,1.461,76.5,65.7,0
ASSET-7195D082,2026-04-18,64.63,1.552,80.5,52.9,0
ASSET-7195D082,2026-04-19,64.6,1.406,80.4,46.5,0
ASSET-7195D082,2026-04-20,71.94,1.293,88.6,57.3,0
ASSET-7195D082,2026-04-21,61.1,1.616,73.0,56.4,0
ASSET-7195D082,2026-04-22,65.18,1.255,75.1,57.5,0
ASSET-7195D082,2026-04-23,71.31,1.693,83.6,49.9,0
ASSET-7195D082,2026-04-24,67.44,1.452,78.3,26.2,0
ASSET-7195D082,2026-04-25,61.54,1.379,78.7,43.0,0
ASSET-7195D082,2026-04-26,68.08,1.602,83.3,51.9,0
ASSET-7195D082,2026-04-27,67.44,1.827,76.2,47.0,0
ASSET-7195D082,2026-04-28,62.21,1.247,78.5,48.5,0
ASSET-7195D082,2026-04-29,64.15,1.43,84.5,51.0,0
ASSET-7195D082,2026-04-30,63.35,1.472,79.7,52.9,0
ASSET-7195D082,2026-05-01,65.76,1.609,81.2,43.7,0
ASSET-7195D082,2026-05-02,67.59,1.904,85.9,42.9,0
ASSET-7195D082,2026-05-03,64.84,1.649,87.5,48.3,0
ASSET-7195D082,2026-05-04,68.12,1.306,79.4,42.6,0
ASSET-7195D082,2026-05-05,63.67,1.371,81.3,41.3,0
ASSET-7195D082,2026-05-06,65.55,1.581,82.7,23.6,0
ASSET-7195D082,2026-05-07,65.08,1.428,74.1,49.1,0
ASSET-7195D082,2026-05-08,61.54,1.249,85.4,42.8,0
ASSET-7195D082,2026-05-09,61.88,1.26,89.2,38.7,0
ASSET-7195D082,2026-05-10,66.95,1.702,76.1,37.0,0
ASSET-7195D082,2026-05-11,67.26,1.25,82.5,51.2,0
ASSET-7195D082,2026-05-12,65.65,1.3,81.5,54.8,0
ASSET-7195D082,2026-05-13,63.94,1.334,78.3,30.4,0
ASSET-7195D082,2026-05-14,70.01,1.467,85.7,62.9,0
ASSET-7195D082,2026-05-15,65.73,1.192,82.7,49.1,0
ASSET-7195D082,2026-05-16,66.57,2.035,76.4,50.2,0
ASSET-7195D082,2026-05-17,67.85,1.776,79.7,30.7,0
ASSET-7195D082,2026-05-18,72.92,1.264,83.9,55.2,0
ASSET-7195D082,2026-05-19,67.64,1.745,74.5,36.5,0
ASSET-7195D082,2026-05-20,59.77,1.755,71.0,72.4,0
ASSET-7195D082,2026-05-21,61.51,1.715,84.3,57.4,0
ASSET-7195D082,2026-05-22,64.26,1.436,79.0,58.6,0
ASSET-7195D082,2026-05-23,65.64,1.447,80.4,44.8,0
ASSET-7195D082,2026-05-24,69.17,1.736,81.2,43.5,0
ASSET-7195D082,2026-05-25,64.99,1.167,80.5,34.1,0
ASSET-7195D082,2026-05-26,63.23,1.233,86.6,69.5,0
ASSET-7195D082,2026-05-27,61.69,1.392,82.5,49.8,0
ASSET-7195D082,2026-05-28,61.95,1.558,81.7,49.2,0
ASSET-7195D082,2026-05-29,57.14,1.555,76.8,36.9,0
ASSET-7195D082,2026-05-30,65.72,1.139,83.4,52.3,0
ASSET-7195D082,2026-05-31,62.59,1.314,74.4,59.7,0
ASSET-7195D082,2026-06-01,65.17,1.743,83.3,41.3,0
ASSET-7195D082,2026-06-02,60.06,1.4,67.0,51.4,0
ASSET-7195D082,2026-06-03,70.8,1.405,82.5,53.6,0
ASSET-7195D082,2026-06-04,66.36,1.764,80.0,22.8,0
ASSET-7195D082,2026-06-05,67.95,1.726,77.2,29.6,0
ASSET-7195D082,2026-06-06,67.66,1.542,78.8,41.5,0
ASSET-7195D082,2026-06-07,63.86,1.367,87.4,44.7,0
ASSET-7195D082,2026-06-08,68.38,1.41,77.6,60.9,0
ASSET-7195D082,2026-06-09,63.8,1.374,78.4,43.5,0
ASSET-7195D082,2026-06-10,68.58,1.737,65.4,49.5,0
ASSET-7195D082,2026-06-11,66.86,1.374,71.6,64.7,0
ASSET-7195D082,2026-06-12,64.64,1.562,76.7,52.8,0
ASSET-7195D082,2026-06-13,66.01,1.807,73.6,41.9,0
ASSET-7195D082,2026-06-14,67.44,1.541,82.6,40.5,0
ASSET-7195D082,2026-06-15,66.79,1.334,68.8,45.2,0
ASSET-7195D082,2026-06-16,65.24,1.476,84.3,51.0,0
ASSET-7195D082,2026-06-17,64.24,1.609,82.0,46.7,0
ASSET-7195D082,2026-06-18,67.54,1.583,75.5,54.4,0
ASSET-7195D082,2026-06-19,68.99,1.661,81.6,73.8,0
ASSET-7195D082,2026-06-20,66.72,1.132,87.8,49.3,0
ASSET-7195D082,2026-06-21,71.31,1.629,83.5,44.2,0
ASSET-7195D082,2026-06-22,68.28,1.574,80.1,55.1,0
ASSET-7195D082,2026-06-23,68.17,1.724,83.8,52.1,0
ASSET-7195D082,2026-06-24,65.35,1.411,87.2,43.5,0
ASSET-7195D082,2026-06-25,69.4,1.295,87.0,50.8,0
ASSET-7195D082,2026-06-26,64.41,1.513,80.8,63.9,0
ASSET-7195D082,2026-06-27,64.39,1.337,83.4,44.8,0
ASSET-7195D082,2026-06-28,66.76,1.552,72.2,50.6,0
ASSET-7195D082,2026-06-29,68.43,1.778,79.0,44.9,0
ASSET-7195D082,2026-06-30,64.14,1.452,75.6,54.8,0
ASSET-7195D082,2026-07-01,66.69,1.266,83.3,47.0,0
ASSET-7195D082,2026-07-02,65.61,1.213,84.2,59.7,0
ASSET-7195D082,2026-07-03,66.24,1.471,78.4,51.6,0
ASSET-7195D082,2026-07-04,61.23,1.467,85.3,49.8,0
ASSET-7195D082,2026-07-05,67.15,1.331,84.8,45.5,0
ASSET-7195D082,2026-07-06,67.13,1.752,75.0,46.8,0
ASSET-7195D082,2026-07-07,63.19,1.632,81.2,53.7,0
ASSET-7195D082,2026-07-08,61.85,1.423,80.4,45.9,0
ASSET-7195D082,2026-07-09,59.62,1.543,77.5,50.2,0
ASSET-7195D082,2026-07-10,64.7,1.511,76.3,51.4,0
ASSET-7195D082,2026-07-11,62.84,1.504,79.5,59.0,0
ASSET-7195D082,2026-07-12,64.98,1.784,73.2,36.5,0
ASSET-7195D082,2026-07-13,64.82,1.977,77.6,38.8,0
ASSET-7195D082,2026-07-14,62.32,1.402,81.8,70.2,0
ASSET-7195D082,2026-07-15,66.12,1.431,81.9,44.1,0
ASSET-7195D082,2026-07-16,67.7,1.793,74.4,59.1,0
ASSET-7195D082,2026-07-17,60.44,1.648,75.5,60.3,0
ASSET-7195D082,2026-07-18,63.04,1.277,70.9,51.7,0
ASSET-7195D082,2026-07-19,66.66,1.216,74.2,48.5,0
ASSET-7195D082,2026-07-20,62.82,1.564,73.8,72.7,0
ASSET-7195D082,2026-07-21,67.94,1.601,82.2,38.6,0
ASSET-7195D082,2026-07-22,63.62,1.38,83.2,74.4,0
ASSET-7195D082,2026-07-23,62.89,1.311,75.7,45.8,0
ASSET-7195D082,2026-07-24,66.47,1.902,75.6,50.9,0
ASSET-7195D082,2026-07-25,65.64,1.27,78.3,40.7,0
ASSET-7195D082,2026-07-26,62.13,1.028,84.6,40.3,0
ASSET-7195D082,2026-07-27,67.49,1.117,81.3,37.8,0
ASSET-7195D082,2026-07-28,61.77,1.445,77.7,53.9,0
ASSET-7195D082,2026-07-29,69.5,1.465,75.0,35.6,0
ASSET-7195D082,2026-07-30,66.26,1.413,83.5,57.4,0
ASSET-7195D082,2026-07-31,67.24,1.574,81.6,37.4,0
ASSET-7195D082,2026-08-01,62.88,1.607,74.6,52.1,0
ASSET-7195D082,2026-08-02,61.06,1.122,74.3,36.8,0
ASSET-7195D082,2026-08-03,70.19,1.848,67.2,48.3,0
ASSET-7195D082,2026-08-04,70.12,1.488,68.5,49.6,0
ASSET-7195D082,2026-08-05,68.2,1.599,81.4,41.6,0
ASSET-7195D082,2026-08-06,68.68,1.702,83.4,50.9,0
ASSET-7195D082,2026-08-07,62.91,1.388,84.1,39.7,0
ASSET-7195D082,2026-08-08,67.99,1.098,86.8,42.2,0
ASSET-7195D082,2026-08-09,64.74,1.464,77.0,27.8,0
ASSET-7195D082,2026-08-10,66.18,1.103,78.7,53.9,0
ASSET-7195D082,2026-08-11,66.02,1.616,77.7,45.1,0
ASSET-7195D082,2026-08-12,69.06,1.43,76.2,55.8,0
ASSET-7195D082,2026-08-13,61.73,1.256,77.6,60.0,0
ASSET-7195D082,2026-08-14,65.07,1.584,82.6,46.1,0
ASSET-7195D082,2026-08-15,68.37,1.45,82.0,31.3,0
ASSET-7195D082,2026-08-16,68.33,1.48,83.8,37.9,0
ASSET-7195D082,2026-08-17,69.04,1.329,82.8,48.2,0
ASSET-7195D082,2026-08-18,63.08,1.388,81.1,58.9,0
ASSET-7195D082,2026-08-19,60.36,1.291,77.1,54.8,0
ASSET-7195D082,2026-08-20,64.51,1.55,81.5,47.9,0
ASSET-7195D082,2026-08-21,64.45,1.552,83.0,58.2,0
ASSET-7195D082,2026-08-22,66.33,1.091,75.5,48.1,0
ASSET-7195D082,2026-08-23,66.66,1.711,75.4,59.6,0
ASSET-7195D082,2026-08-24,63.82,0.908,81.0,61.5,0
ASSET-7195D082,2026-08-25,67.08,1.432,82.0,47.2,0
ASSET-7195D082,2026-08-26,64.52,1.504,81.8,40.5,0
ASSET-7195D082,2026-08-27,67.68,1.61,91.1,53.3,0
ASSET-7195D082,2026-08-28,66.61,1.458,77.4,69.0,0
ASSET-7195D082,2026-08-29,66.25,1.487,80.1,49.6,0
ASSET-7195D082,2026-08-30,63.87,1.47,77.6,46.2,0
ASSET-7195D082,2026-08-31,67.65,1.39,69.9,65.8,0
ASSET-7195D082,2026-09-01,64.15,1.69,82.8,42.5,0
ASSET-7195D082,2026-09-02,60.54,1.649,85.9,49.2,0
ASSET-7195D082,2026-09-03,66.82,1.637,81.2,80.9,0
ASSET-7195D082,2026-09-04,58.42,1.218,77.4,71.9,0
ASSET-7195D082,2026-09-05,71.36,1.203,76.5,59.5,0
ASSET-7195D082,2026-09-06,62.89,1.431,82.5,71.0,0
ASSET-7195D082,2026-09-07,63.36,1.339,78.0,44.1,0
ASSET-7195D082,2026-09-08,64.84,1.406,77.4,70.0,0
ASSET-7195D082,2026-09-09,63.67,1.473,86.8,46.4,0
ASSET-7195D082,2026-09-10,58.49,1.088,80.8,44.7,0
ASSET-7195D082,2026-09-11,64.02,1.478,77.1,69.2,0
ASSET-7195D082,2026-09-12,63.22,1.613,79.5,56.9,0
ASSET-7195D082,2026-09-13,63.66,1.596,83.4,54.0,0
ASSET-7195D082,2026-09-14,69.61,1.583,78.5,35.9,0
ASSET-7195D082,2026-09-15,62.3,1.655,72.5,44.9,0
ASSET-4A48FA35,2026-03-20,65.94,1.525,71.6,57.6,0
ASSET-4A48FA35,2026-03-21,69.11,1.477,84.1,38.3,0
ASSET-4A48FA35,2026-03-22,61.4,1.783,86.8,53.4,0
ASSET-4A48FA35,2026-03-23,66.86,1.741,79.0,53.0,0
ASSET-4A48FA35,2026-03-24,66.76,1.558,78.2,54.5,0
ASSET-4A48FA35,2026-03-25,69.47,1.31,79.1,63.2,0
ASSET-4A48FA35,2026-03-26,65.65,1.481,78.4,73.0,0
ASSET-4A48FA35,2026-03-27,66.79,1.514,87.5,57.2,0
ASSET-4A48FA35,2026-03-28,64.4,1.514,75.5,53.5,0
ASSET-4A48FA35,2026-03-29,62.94,1.477,80.9,36.7,0
ASSET-4A48FA35,2026-03-30,66.53,1.607,89.1,47.8,0
ASSET-4A48FA35,2026-03-31,64.33,1.559,82.8,49.0,0
ASSET-4A48FA35,2026-04-01,65.8,1.788,81.6,44.1,0
ASSET-4A48FA35,2026-04-02,60.9,1.533,82.2,58.2,0
ASSET-4A48FA35,2026-04-03,63.12,1.223,80.1,44.2,0
ASSET-4A48FA35,2026-04-04,67.75,1.429,90.8,38.1,0
ASSET-4A48FA35,2026-04-05,67.0,1.476,85.8,51.4,0
ASSET-4A48FA35,2026-04-06,64.97,1.414,81.2,46.8,0
ASSET-4A48FA35,2026-04-07,68.21,1.403,76.5,44.6,0
ASSET-4A48FA35,2026-04-08,65.77,1.38,84.5,57.0,0
ASSET-4A48FA35,2026-04-09,72.0,1.327,76.6,34.7,0
ASSET-4A48FA35,2026-04-10,66.08,1.436,86.1,61.1,0
ASSET-4A48FA35,2026-04-11,69.92,1.348,69.7,53.4,0
ASSET-4A48FA35,2026-04-12,58.38,1.234,85.8,41.0,0
ASSET-4A48FA35,2026-04-13,61.66,1.438,87.7,53.2,0
ASSET-4A48FA35,2026-04-14,65.44,1.315,78.3,38.8,0
ASSET-4A48FA35,2026-04-15,67.68,1.149,88.3,48.1,0
ASSET-4A48FA35,2026-04-16,64.13,1.502,79.1,47.6,0
ASSET-4A48FA35,2026-04-17,72.41,1.665,79.0,51.7,0
ASSET-4A48FA35,2026-04-18,62.0,1.943,79.9,41.9,0
ASSET-4A48FA35,2026-04-19,65.66,1.724,78.5,50.9,0
ASSET-4A48FA35,2026-04-20,69.9,1.779,80.5,72.6,0
ASSET-4A48FA35,2026-04-21,67.9,1.132,85.6,51.1,0
ASSET-4A48FA35,2026-04-22,65.23,1.255,81.5,47.5,0
ASSET-4A48FA35,2026-04-23,61.92,1.345,76.9,43.5,0
ASSET-4A48FA35,2026-04-24,71.2,1.194,77.4,56.2,0
ASSET-4A48FA35,2026-04-25,64.76,1.767,78.7,44.9,0
ASSET-4A48FA35,2026-04-26,65.76,1.7,77.4,51.1,0
ASSET-4A48FA35,2026-04-27,62.43,1.548,83.9,57.0,0
ASSET-4A48FA35,2026-04-28,63.38,1.263,83.5,59.4,0
ASSET-4A48FA35,2026-04-29,60.23,1.497,82.9,42.5,0
ASSET-4A48FA35,2026-04-30,64.88,1.429,87.3,53.2,0
ASSET-4A48FA35,2026-05-01,64.2,1.497,81.9,62.2,0
ASSET-4A48FA35,2026-05-02,63.89,1.917,80.9,28.8,0
ASSET-4A48FA35,2026-05-03,62.24,1.89,79.8,54.9,0
ASSET-4A48FA35,2026-05-04,61.96,1.649,86.9,55.0,0
ASSET-4A48FA35,2026-05-05,68.25,1.448,84.2,51.5,0
ASSET-4A48FA35,2026-05-06,66.28,1.307,83.3,48.3,0
ASSET-4A48FA35,2026-05-07,64.78,1.582,75.1,62.0,0
ASSET-4A48FA35,2026-05-08,67.22,1.821,80.3,39.8,0
ASSET-4A48FA35,2026-05-09,62.18,1.589,79.6,46.4,0
ASSET-4A48FA35,2026-05-10,62.72,1.79,76.7,54.1,0
ASSET-4A48FA35,2026-05-11,64.48,1.377,84.3,60.0,0
ASSET-4A48FA35,2026-05-12,64.7,1.36,73.6,64.4,0
ASSET-4A48FA35,2026-05-13,62.77,1.791,78.7,53.1,0
ASSET-4A48FA35,2026-05-14,63.56,1.665,81.1,46.4,0
ASSET-4A48FA35,2026-05-15,70.03,1.541,71.6,48.0,0
ASSET-4A48FA35,2026-05-16,67.29,1.707,87.4,53.2,0
ASSET-4A48FA35,2026-05-17,66.32,1.177,83.2,40.3,0
ASSET-4A48FA35,2026-05-18,67.17,1.189,86.1,37.1,0
ASSET-4A48FA35,2026-05-19,58.75,1.258,79.3,54.6,0
ASSET-4A48FA35,2026-05-20,68.14,1.209,83.9,47.7,0
ASSET-4A48FA35,2026-05-21,62.88,1.478,65.8,33.2,0
ASSET-4A48FA35,2026-05-22,65.26,1.215,80.4,48.8,0
ASSET-4A48FA35,2026-05-23,66.62,1.778,85.0,33.2,0
ASSET-4A48FA35,2026-05-24,64.78,1.515,77.8,39.2,0
ASSET-4A48FA35,2026-05-25,67.56,1.355,74.2,61.4,0
ASSET-4A48FA35,2026-05-26,59.67,1.163,88.6,46.6,0
ASSET-4A48FA35,2026-05-27,66.57,1.443,80.4,51.4,0
ASSET-4A48FA35,2026-05-28,65.36,1.318,80.3,41.4,0
ASSET-4A48FA35,2026-05-29,66.92,1.549,86.4,46.9,0
ASSET-4A48FA35,2026-05-30,65.12,1.638,76.5,64.9,0
ASSET-4A48FA35,2026-05-31,60.28,1.478,89.4,45.2,0
ASSET-4A48FA35,2026-06-01,63.95,1.337,77.6,46.9,0
ASSET-4A48FA35,2026-06-02,66.91,1.187,81.4,38.4,0
ASSET-4A48FA35,2026-06-03,60.49,1.599,80.7,55.8,0
ASSET-4A48FA35,2026-06-04,64.51,1.578,78.6,46.3,0
ASSET-4A48FA35,2026-06-05,66.25,1.766,82.7,40.3,0
ASSET-4A48FA35,2026-06-06,64.86,1.277,73.3,54.1,0
ASSET-4A48FA35,2026-06-07,68.5,1.373,86.2,48.4,0
ASSET-4A48FA35,2026-06-08,61.71,1.511,73.3,53.2,0
ASSET-4A48FA35,2026-06-09,69.09,1.53,80.0,52.4,0
ASSET-4A48FA35,2026-06-10,66.67,1.358,71.6,59.1,0
ASSET-4A48FA35,2026-06-11,62.22,1.518,78.6,77.0,0
ASSET-4A48FA35,2026-06-12,64.37,1.257,89.2,52.4,0
ASSET-4A48FA35,2026-06-13,63.38,1.385,79.7,63.8,0
ASSET-4A48FA35,2026-06-14,60.9,1.494,82.7,51.3,0
ASSET-4A48FA35,2026-06-15,62.02,1.554,80.2,64.3,0
ASSET-4A48FA35,2026-06-16,67.51,1.567,76.7,37.6,0
ASSET-4A48FA35,2026-06-17,64.24,1.714,78.2,38.2,0
ASSET-4A48FA35,2026-06-18,66.29,1.286,82.8,53.2,0
ASSET-4A48FA35,2026-06-19,62.85,1.546,75.4,63.9,0
ASSET-4A48FA35,2026-06-20,64.53,1.449,78.5,58.9,0
ASSET-4A48FA35,2026-06-21,71.5,1.667,88.6,42.1,0
ASSET-4A48FA35,2026-06-22,67.09,1.53,84.1,38.2,0
ASSET-4A48FA35,2026-06-23,69.73,1.336,77.1,43.1,0
ASSET-4A48FA35,2026-06-24,68.68,1.569,78.0,29.8,0
ASSET-4A48FA35,2026-06-25,60.55,1.277,89.3,40.8,0
ASSET-4A48FA35,2026-06-26,61.69,1.403,79.1,47.7,0
ASSET-4A48FA35,2026-06-27,62.27,1.459,76.6,29.9,0
ASSET-4A48FA35,2026-06-28,67.55,1.547,76.4,63.1,0
ASSET-4A48FA35,2026-06-29,65.23,1.452,69.0,53.6,0
ASSET-4A48FA35,2026-06-30,61.44,1.108,84.5,48.6,0
ASSET-4A48FA35,2026-07-01,62.89,1.373,86.9,57.9,0
ASSET-4A48FA35,2026-07-02,66.24,1.754,70.7,61.7,0
ASSET-4A48FA35,2026-07-03,69.87,1.371,79.6,60.8,0
ASSET-4A48FA35,2026-07-04,64.04,1.304,77.7,42.4,0
ASSET-4A48FA35,2026-07-05,68.95,1.343,83.9,46.0,0
ASSET-4A48FA35,2026-07-06,67.03,1.691,81.9,61.6,0
ASSET-4A48FA35,2026-07-07,63.4,1.915,90.9,41.9,0
ASSET-4A48FA35,2026-07-08,66.02,1.837,76.4,42.4,0
ASSET-4A48FA35,2026-07-09,62.13,1.34,78.5,81.2,0
ASSET-4A48FA35,2026-07-10,60.25,1.003,81.7,42.6,0
ASSET-4A48FA35,2026-07-11,66.8,1.565,85.9,51.9,0
ASSET-4A48FA35,2026-07-12,67.0,1.402,90.2,63.9,0
ASSET-4A48FA35,2026-07-13,69.01,1.507,83.1,67.3,0
ASSET-4A48FA35,2026-07-14,66.93,1.323,75.9,43.7,0
ASSET-4A48FA35,2026-07-15,67.41,1.93,82.9,47.1,0
ASSET-4A48FA35,2026-07-16,67.63,1.313,84.7,64.3,0
ASSET-4A48FA35,2026-07-17,67.89,1.611,83.3,60.3,0
ASSET-4A48FA35,2026-07-18,69.68,1.686,76.7,63.5,0
ASSET-4A48FA35,2026-07-19,63.85,1.503,76.8,30.9,0
ASSET-4A48FA35,2026-07-20,65.48,1.066,77.8,59.8,0
ASSET-4A48FA35,2026-07-21,65.66,1.152,80.1,37.6,0
ASSET-4A48FA35,2026-07-22,64.84,1.317,79.8,47.5,0
ASSET-4A48FA35,2026-07-23,65.59,1.21,82.5,52.1,0
ASSET-4A48FA35,2026-07-24,65.28,1.506,75.8,50.8,0
ASSET-4A48FA35,2026-07-25,62.46,1.409,73.9,44.3,0
ASSET-4A48FA35,2026-07-26,66.71,1.615,72.6,40.6,0
ASSET-4A48FA35,2026-07-27,58.6,1.979,72.9,50.2,0
ASSET-4A48FA35,2026-07-28,60.96,1.546,77.0,60.7,0
ASSET-4A48FA35,2026-07-29,64.24,1.654,77.6,51.4,0
ASSET-4A48FA35,2026-07-30,66.08,1.385,70.0,65.1,0
ASSET-4A48FA35,2026-07-31,66.14,1.513,77.8,64.7,0
ASSET-4A48FA35,2026-08-01,63.74,1.104,78.9,50.5,0
ASSET-4A48FA35,2026-08-02,63.01,1.763,79.2,37.0,0
ASSET-4A48FA35,2026-08-03,62.54,1.73,81.1,36.9,0
ASSET-4A48FA35,2026-08-04,62.54,1.611,80.7,55.1,0
ASSET-4A48FA35,2026-08-05,66.81,1.099,74.9,49.1,0
ASSET-4A48FA35,2026-08-06,63.25,1.744,78.7,67.6,0
ASSET-4A48FA35,2026-08-07,59.49,1.129,76.0,46.8,0
ASSET-4A48FA35,2026-08-08,68.32,1.718,79.3,45.0,0
ASSET-4A48FA35,2026-08-09,66.91,1.539,69.4,54.8,0
ASSET-4A48FA35,2026-08-10,68.39,1.539,88.5,61.9,0
ASSET-4A48FA35,2026-08-11,63.22,1.223,79.0,44.1,0
ASSET-4A48FA35,2026-08-12,69.19,1.377,79.0,39.8,0
ASSET-4A48FA35,2026-08-13,67.12,1.454,74.0,50.1,0
ASSET-4A48FA35,2026-08-14,68.84,1.249,78.0,73.5,0
ASSET-4A48FA35,2026-08-15,64.24,1.144,74.9,57.0,0
ASSET-4A48FA35,2026-08-16,69.65,1.784,77.9,45.6,0
ASSET-4A48FA35,2026-08-17,65.02,1.538,80.5,42.3,0
ASSET-4A48FA35,2026-08-18,67.04,1.314,86.4,50.1,0
ASSET-4A48FA35,2026-08-19,63.67,1.506,80.9,68.1,0
ASSET-4A48FA35,2026-08-20,59.98,1.6,88.3,46.6,0
ASSET-4A48FA35,2026-08-21,63.8,1.431,73.9,49.5,0
ASSET-4A48FA35,2026-08-22,66.02,1.288,80.9,49.3,0
ASSET-4A48FA35,2026-08-23,66.48,1.343,78.4,49.3,0
ASSET-4A48FA35,2026-08-24,62.72,1.4,76.0,53.7,0
ASSET-4A48FA35,2026-08-25,63.78,1.456,77.1,61.9,0
ASSET-4A48FA35,2026-08-26,64.54,1.392,82.3,50.1,0
ASSET-4A48FA35,2026-08-27,71.51,1.562,86.8,67.3,0
ASSET-4A48FA35,2026-08-28,71.23,1.436,84.3,55.0,0
ASSET-4A48FA35,2026-08-29,61.31,1.436,73.3,49.8,0
ASSET-4A48FA35,2026-08-30,66.71,1.682,67.7,48.1,0
ASSET-4A48FA35,2026-08-31,67.52,1.758,81.3,70.0,0
ASSET-4A48FA35,2026-09-01,62.57,1.48,79.1,37.1,0
ASSET-4A48FA35,2026-09-02,63.29,1.284,88.8,40.5,0
ASSET-4A48FA35,2026-09-03,57.68,1.519,83.8,44.8,0
ASSET-4A48FA35,2026-09-04,66.34,1.535,85.8,50.6,0
ASSET-4A48FA35,2026-09-05,70.65,1.591,83.9,56.0,0
ASSET-4A48FA35,2026-09-06,66.21,1.329,81.1,53.9,0
ASSET-4A48FA35,2026-09-07,70.34,1.36,74.1,54.5,0
ASSET-4A48FA35,2026-09-08,62.21,1.509,79.1,63.8,0
ASSET-4A48FA35,2026-09-09,65.81,1.402,79.6,41.7,0
ASSET-4A48FA35,2026-09-10,62.75,1.27,81.3,59.8,0
ASSET-4A48FA35,2026-09-11,66.44,1.378,82.9,53.3,0
ASSET-4A48FA35,2026-09-12,61.47,1.774,84.6,45.3,0
ASSET-4A48FA35,2026-09-13,58.99,1.527,74.6,57.4,0
ASSET-4A48FA35,2026-09-14,65.35,1.192,85.9,50.2,0
ASSET-4A48FA35,2026-09-15,68.57,0.924,87.5,63.6,0
ASSET-79E1C647,2026-03-20,67.29,1.462,74.7,43.9,0
ASSET-79E1C647,2026-03-21,64.66,1.61,80.5,51.4,0
ASSET-79E1C647,2026-03-22,58.56,1.223,71.7,56.7,0
ASSET-79E1C647,2026-03-23,65.15,1.563,78.6,40.1,0
ASSET-79E1C647,2026-03-24,65.07,1.844,76.4,54.5,0
ASSET-79E1C647,2026-03-25,63.57,1.513,81.2,51.5,0
ASSET-79E1C647,2026-03-26,63.83,1.665,87.9,60.8,0
ASSET-79E1C647,2026-03-27,63.55,1.5,82.8,42.7,0
ASSET-79E1C647,2026-03-28,61.17,1.462,74.5,42.3,0
ASSET-79E1C647,2026-03-29,66.62,1.375,81.2,41.1,0
ASSET-79E1C647,2026-03-30,66.44,1.292,79.0,42.1,0
ASSET-79E1C647,2026-03-31,66.16,1.259,87.2,35.8,0
ASSET-79E1C647,2026-04-01,64.34,1.115,72.6,65.1,0
ASSET-79E1C647,2026-04-02,66.76,0.987,75.3,51.1,0
ASSET-79E1C647,2026-04-03,58.86,1.527,83.5,54.7,0
ASSET-79E1C647,2026-04-04,68.95,1.434,77.7,53.5,0
ASSET-79E1C647,2026-04-05,60.3,1.57,82.3,47.9,0
ASSET-79E1C647,2026-04-06,64.77,1.815,82.3,41.0,0
ASSET-79E1C647,2026-04-07,65.35,1.518,75.8,50.7,0
ASSET-79E1C647,2026-04-08,70.15,1.774,78.8,51.6,0
ASSET-79E1C647,2026-04-09,58.45,1.821,77.2,49.6,0
ASSET-79E1C647,2026-04-10,71.51,1.439,83.3,35.6,0
ASSET-79E1C647,2026-04-11,62.72,1.384,85.6,45.6,0
ASSET-79E1C647,2026-04-12,64.42,1.715,81.9,29.4,0
ASSET-79E1C647,2026-04-13,66.79,1.612,77.4,50.5,0
ASSET-79E1C647,2026-04-14,64.94,1.439,76.9,45.0,0
ASSET-79E1C647,2026-04-15,67.99,1.3,81.6,52.8,0
ASSET-79E1C647,2026-04-16,63.25,1.364,77.1,42.6,0
ASSET-79E1C647,2026-04-17,63.55,1.621,76.5,40.4,0
ASSET-79E1C647,2026-04-18,64.75,1.375,80.3,36.0,0
ASSET-79E1C647,2026-04-19,69.33,1.403,75.6,50.6,0
ASSET-79E1C647,2026-04-20,63.74,1.047,76.4,47.1,0
ASSET-79E1C647,2026-04-21,60.22,1.798,76.9,39.9,0
ASSET-79E1C647,2026-04-22,68.2,1.498,82.3,59.0,0
ASSET-79E1C647,2026-04-23,65.11,1.599,82.2,60.5,0
ASSET-79E1C647,2026-04-24,65.19,1.625,90.0,51.1,0
ASSET-79E1C647,2026-04-25,62.0,1.493,93.0,49.8,0
ASSET-79E1C647,2026-04-26,64.64,1.706,81.9,52.9,0
ASSET-79E1C647,2026-04-27,67.24,1.135,77.7,60.9,0
ASSET-79E1C647,2026-04-28,67.62,1.587,77.2,50.8,0
ASSET-79E1C647,2026-04-29,65.95,1.664,70.2,67.9,0
ASSET-79E1C647,2026-04-30,69.53,1.13,76.0,53.0,0
ASSET-79E1C647,2026-05-01,68.39,1.541,82.4,53.7,0
ASSET-79E1C647,2026-05-02,65.86,1.461,77.5,34.3,0
ASSET-79E1C647,2026-05-03,64.34,1.223,79.4,45.8,0
ASSET-79E1C647,2026-05-04,64.16,1.53,73.1,41.1,0
ASSET-79E1C647,2026-05-05,66.03,1.587,74.2,45.5,0
ASSET-79E1C647,2026-05-06,67.55,1.403,79.2,54.5,0
ASSET-79E1C647,2026-05-07,64.31,1.658,82.8,69.3,0
ASSET-79E1C647,2026-05-08,64.64,1.361,73.3,58.5,0
ASSET-79E1C647,2026-05-09,69.68,1.421,74.5,68.5,0
ASSET-79E1C647,2026-05-10,64.09,1.717,78.7,50.5,0
ASSET-79E1C647,2026-05-11,65.79,1.489,83.3,49.0,0
ASSET-79E1C647,2026-05-12,67.63,1.302,77.2,40.5,0
ASSET-79E1C647,2026-05-13,62.96,1.585,78.1,42.5,0
ASSET-79E1C647,2026-05-14,64.72,1.265,74.2,51.6,0
ASSET-79E1C647,2026-05-15,60.49,1.151,73.2,49.6,0
ASSET-79E1C647,2026-05-16,62.43,1.877,77.0,53.0,0
ASSET-79E1C647,2026-05-17,61.62,2.172,88.3,54.1,0
ASSET-79E1C647,2026-05-18,68.71,1.471,82.0,56.1,0
ASSET-79E1C647,2026-05-19,65.66,1.322,78.1,46.6,0
ASSET-79E1C647,2026-05-20,67.83,1.71,85.3,61.4,0
ASSET-79E1C647,2026-05-21,66.35,1.801,71.3,66.8,0
ASSET-79E1C647,2026-05-22,69.62,1.643,74.8,67.1,0
ASSET-79E1C647,2026-05-23,69.45,1.74,86.9,50.4,0
ASSET-79E1C647,2026-05-24,57.56,1.73,78.6,58.1,0
ASSET-79E1C647,2026-05-25,68.55,1.718,84.1,55.0,0
ASSET-79E1C647,2026-05-26,68.51,1.463,76.4,47.4,0
ASSET-79E1C647,2026-05-27,60.08,1.516,73.2,52.5,0
ASSET-79E1C647,2026-05-28,59.1,1.55,83.9,59.2,0
ASSET-79E1C647,2026-05-29,62.77,1.248,80.4,51.6,0
ASSET-79E1C647,2026-05-30,65.66,1.807,76.6,52.7,0
ASSET-79E1C647,2026-05-31,64.51,1.704,76.4,49.1,0
ASSET-79E1C647,2026-06-01,61.81,1.675,75.1,53.9,0
ASSET-79E1C647,2026-06-02,63.17,1.801,84.2,50.6,0
ASSET-79E1C647,2026-06-03,65.78,1.628,76.0,41.9,0
ASSET-79E1C647,2026-06-04,64.68,1.587,85.1,38.1,0
ASSET-79E1C647,2026-06-05,66.36,1.214,81.9,53.4,0
ASSET-79E1C647,2026-06-06,65.03,1.42,84.3,53.4,0
ASSET-79E1C647,2026-06-07,62.86,1.911,84.7,52.7,0
ASSET-79E1C647,2026-06-08,64.29,1.925,82.0,55.5,0
ASSET-79E1C647,2026-06-09,63.98,1.021,80.4,45.5,0
ASSET-79E1C647,2026-06-10,62.25,1.478,77.5,39.0,0
ASSET-79E1C647,2026-06-11,62.05,1.32,77.8,52.0,0
ASSET-79E1C647,2026-06-12,67.18,1.43,79.4,54.4,0
ASSET-79E1C647,2026-06-13,63.94,1.377,82.7,43.9,0
ASSET-79E1C647,2026-06-14,67.12,1.372,82.9,70.0,0
ASSET-79E1C647,2026-06-15,67.32,1.763,84.0,54.8,0
ASSET-79E1C647,2026-06-16,71.82,1.461,75.9,59.0,0
ASSET-79E1C647,2026-06-17,60.41,1.674,73.6,37.2,0
ASSET-79E1C647,2026-06-18,62.5,1.843,91.8,54.3,0
ASSET-79E1C647,2026-06-19,60.98,1.332,83.4,45.9,0
ASSET-79E1C647,2026-06-20,62.12,1.576,85.1,65.6,0
ASSET-79E1C647,2026-06-21,67.18,1.485,89.6,47.5,0
ASSET-79E1C647,2026-06-22,65.39,1.29,78.3,37.8,0
ASSET-79E1C647,2026-06-23,68.86,1.432,78.7,40.2,0
ASSET-79E1C647,2026-06-24,63.33,1.306,94.2,57.9,0
ASSET-79E1C647,2026-06-25,63.88,1.258,84.5,36.6,0
ASSET-79E1C647,2026-06-26,63.04,1.327,83.9,49.9,0
ASSET-79E1C647,2026-06-27,66.42,1.369,82.9,51.1,0
ASSET-79E1C647,2026-06-28,58.98,1.74,81.9,43.0,0
ASSET-79E1C647,2026-06-29,68.48,1.313,81.3,47.7,0
ASSET-79E1C647,2026-06-30,65.53,1.817,84.6,58.5,0
ASSET-79E1C647,2026-07-01,68.32,1.334,73.8,38.9,0
ASSET-79E1C647,2026-07-02,63.69,1.735,69.7,50.3,0
ASSET-79E1C647,2026-07-03,64.46,1.341,79.7,39.2,0
ASSET-79E1C647,2026-07-04,68.93,1.526,79.6,47.5,0
ASSET-79E1C647,2026-07-05,63.04,1.576,80.5,50.0,0
ASSET-79E1C647,2026-07-06,68.03,1.274,81.5,47.9,0
ASSET-79E1C647,2026-07-07,67.67,1.372,72.7,40.6,0
ASSET-79E1C647,2026-07-08,64.44,1.443,88.1,45.5,0
ASSET-79E1C647,2026-07-09,63.66,1.74,84.4,40.1,0
ASSET-79E1C647,2026-07-10,65.42,1.222,86.0,38.4,0
ASSET-79E1C647,2026-07-11,62.93,1.443,79.5,59.1,0
ASSET-79E1C647,2026-07-12,68.91,1.475,72.9,40.8,0
ASSET-79E1C647,2026-07-13,67.21,1.849,74.9,53.3,0
ASSET-79E1C647,2026-07-14,66.59,1.607,76.9,32.0,0
ASSET-79E1C647,2026-07-15,67.47,1.651,83.2,35.4,0
ASSET-79E1C647,2026-07-16,67.3,1.271,83.3,60.7,0
ASSET-79E1C647,2026-07-17,65.85,1.575,88.8,41.6,0
ASSET-79E1C647,2026-07-18,67.2,1.034,88.0,63.0,0
ASSET-79E1C647,2026-07-19,65.06,1.222,78.5,47.0,0
ASSET-79E1C647,2026-07-20,66.44,1.942,77.8,30.1,0
ASSET-79E1C647,2026-07-21,67.52,1.935,77.6,35.3,0
ASSET-79E1C647,2026-07-22,63.3,1.639,77.1,57.2,0
ASSET-79E1C647,2026-07-23,62.3,1.532,80.9,57.1,0
ASSET-79E1C647,2026-07-24,60.89,1.549,84.3,49.7,0
ASSET-79E1C647,2026-07-25,67.7,1.593,81.7,42.6,0
ASSET-79E1C647,2026-07-26,60.89,1.297,73.1,46.9,0
ASSET-79E1C647,2026-07-27,65.71,1.662,75.5,55.5,0
ASSET-79E1C647,2026-07-28,61.83,1.616,82.6,35.0,0
ASSET-79E1C647,2026-07-29,62.51,1.427,82.2,53.3,0
ASSET-79E1C647,2026-07-30,65.63,1.653,79.8,49.4,0
ASSET-79E1C647,2026-07-31,65.91,1.27,80.0,56.6,0
ASSET-79E1C647,2026-08-01,63.1,1.355,82.5,31.6,0
ASSET-79E1C647,2026-08-02,65.71,1.623,76.3,38.9,0
ASSET-79E1C647,2026-08-03,61.53,1.514,77.4,57.9,0
ASSET-79E1C647,2026-08-04,66.99,1.901,83.2,49.8,0
ASSET-79E1C647,2026-08-05,65.85,1.502,88.0,63.4,0
ASSET-79E1C647,2026-08-06,65.36,1.491,76.3,58.5,0
ASSET-79E1C647,2026-08-07,65.87,1.5,75.6,42.8,0
ASSET-79E1C647,2026-08-08,63.52,1.321,72.9,49.9,0
ASSET-79E1C647,2026-08-09,65.36,1.309,77.7,47.5,0
ASSET-79E1C647,2026-08-10,70.25,1.358,83.7,55.2,0
ASSET-79E1C647,2026-08-11,64.36,1.507,87.9,39.0,0
ASSET-79E1C647,2026-08-12,60.22,1.569,69.8,33.0,0
ASSET-79E1C647,2026-08-13,69.41,1.588,68.7,67.6,0
ASSET-79E1C647,2026-08-14,67.08,1.295,82.1,59.0,0
ASSET-79E1C647,2026-08-15,63.94,1.487,87.3,33.1,0
ASSET-79E1C647,2026-08-16,66.7,1.385,72.4,52.5,0
ASSET-79E1C647,2026-08-17,68.74,1.215,87.4,51.4,0
ASSET-79E1C647,2026-08-18,64.05,1.739,85.2,47.0,0
ASSET-79E1C647,2026-08-19,70.61,1.83,68.7,55.9,0
ASSET-79E1C647,2026-08-20,63.04,1.697,75.8,68.2,0
ASSET-79E1C647,2026-08-21,67.66,2.35,82.5,73.9,0
ASSET-79E1C647,2026-08-22,73.26,1.963,72.6,105.7,0
ASSET-79E1C647,2026-08-23,68.83,2.401,79.9,105.0,0
ASSET-79E1C647,2026-08-24,75.64,2.123,80.7,93.8,0
ASSET-79E1C647,2026-08-25,70.02,2.49,70.7,113.1,0
ASSET-79E1C647,2026-08-26,75.62,2.263,76.4,110.9,0
ASSET-79E1C647,2026-08-27,71.49,2.508,71.1,124.2,0
ASSET-79E1C647,2026-08-28,74.44,2.837,75.7,94.1,0
ASSET-79E1C647,2026-08-29,77.18,2.898,63.8,124.3,0
ASSET-79E1C647,2026-08-30,76.11,3.128,60.7,145.4,0
ASSET-79E1C647,2026-08-31,79.84,3.103,70.0,137.3,0
ASSET-79E1C647,2026-09-01,79.22,3.071,64.7,170.0,0
ASSET-79E1C647,2026-09-02,70.89,2.832,69.9,158.9,0
ASSET-79E1C647,2026-09-03,81.09,3.648,65.1,163.4,0
ASSET-79E1C647,2026-09-04,75.17,3.266,58.9,182.7,0
ASSET-79E1C647,2026-09-05,79.18,3.66,65.4,195.5,0
ASSET-79E1C647,2026-09-06,85.58,3.381,62.3,157.4,0
ASSET-79E1C647,2026-09-07,83.22,4.367,66.3,186.5,0
ASSET-79E1C647,2026-09-08,84.28,3.858,61.9,203.8,0
ASSET-79E1C647,2026-09-09,82.22,4.25,63.0,236.0,0
ASSET-79E1C647,2026-09-10,81.37,4.605,78.3,210.9,0
ASSET-79E1C647,2026-09-11,90.43,3.619,60.4,159.3,0
ASSET-79E1C647,2026-09-12,90.18,5.007,55.1,239.1,0
ASSET-79E1C647,2026-09-13,90.43,4.549,65.3,239.6,0
ASSET-79E1C647,2026-09-14,86.82,4.864,53.7,182.1,0
ASSET-79E1C647,2026-09-15,102.12,5.292,64.9,238.1,1
ASSET-F4638D74,2026-03-20,62.14,1.555,81.7,33.7,0
ASSET-F4638D74,2026-03-21,63.07,1.42,77.7,55.1,0
ASSET-F4638D74,2026-03-22,61.81,1.404,77.4,48.8,0
ASSET-F4638D74,2026-03-23,64.12,1.233,71.6,41.3,0
ASSET-F4638D74,2026-03-24,61.82,1.111,83.5,46.8,0
ASSET-F4638D74,2026-03-25,68.16,1.556,86.5,28.9,0
ASSET-F4638D74,2026-03-26,67.7,1.713,76.2,56.2,0
ASSET-F4638D74,2026-03-27,66.8,1.024,81.0,45.6,0
ASSET-F4638D74,2026-03-28,63.32,1.675,90.9,45.4,0
ASSET-F4638D74,2026-03-29,65.35,1.502,76.0,51.8,0
ASSET-F4638D74,2026-03-30,64.75,1.223,83.4,61.5,0
ASSET-F4638D74,2026-03-31,64.38,1.596,77.1,28.8,0
ASSET-F4638D74,2026-04-01,64.51,1.618,85.7,54.8,0
ASSET-F4638D74,2026-04-02,58.78,1.84,80.8,52.7,0
ASSET-F4638D74,2026-04-03,64.57,1.593,83.4,51.6,0
ASSET-F4638D74,2026-04-04,70.13,1.777,83.2,48.6,0
ASSET-F4638D74,2026-04-05,68.39,1.698,77.6,49.0,0
ASSET-F4638D74,2026-04-06,67.98,1.6,83.2,54.7,0
ASSET-F4638D74,2026-04-07,66.78,1.493,71.9,59.2,0
ASSET-F4638D74,2026-04-08,68.5,1.792,86.1,38.4,0
ASSET-F4638D74,2026-04-09,64.18,1.549,73.7,51.2,0
ASSET-F4638D74,2026-04-10,67.12,1.593,82.3,50.7,0
ASSET-F4638D74,2026-04-11,63.45,1.54,82.9,62.9,0
ASSET-F4638D74,2026-04-12,59.94,1.601,82.1,52.8,0
ASSET-F4638D74,2026-04-13,67.48,1.199,86.5,56.9,0
ASSET-F4638D74,2026-04-14,66.35,1.488,84.2,53.5,0
ASSET-F4638D74,2026-04-15,64.75,1.359,78.8,42.3,0
ASSET-F4638D74,2026-04-16,60.89,1.267,83.1,62.6,0
ASSET-F4638D74,2026-04-17,67.06,1.229,82.6,65.2,0
ASSET-F4638D74,2026-04-18,62.75,1.42,69.1,62.6,0
ASSET-F4638D74,2026-04-19,59.55,1.432,88.7,39.2,0
ASSET-F4638D74,2026-04-20,64.87,1.183,77.2,50.3,0
ASSET-F4638D74,2026-04-21,63.53,1.455,82.3,32.9,0
ASSET-F4638D74,2026-04-22,61.84,1.09,80.4,52.3,0
ASSET-F4638D74,2026-04-23,64.12,1.434,79.9,49.9,0
ASSET-F4638D74,2026-04-24,64.7,0.887,70.0,47.5,0
ASSET-F4638D74,2026-04-25,58.17,1.066,83.0,34.9,0
ASSET-F4638D74,2026-04-26,62.24,1.827,94.2,39.8,0
ASSET-F4638D74,2026-04-27,67.11,1.738,84.3,42.6,0
ASSET-F4638D74,2026-04-28,66.48,1.725,78.8,69.6,0
ASSET-F4638D74,2026-04-29,69.47,1.404,80.5,27.4,0
ASSET-F4638D74,2026-04-30,61.7,1.926,73.0,30.0,0
ASSET-F4638D74,2026-05-01,65.74,1.608,85.6,47.6,0
ASSET-F4638D74,2026-05-02,65.52,1.511,87.1,51.2,0
ASSET-F4638D74,2026-05-03,65.08,1.441,72.0,47.1,0
ASSET-F4638D74,2026-05-04,58.8,1.549,79.9,59.0,0
ASSET-F4638D74,2026-05-05,61.76,1.568,86.3,50.3,0
ASSET-F4638D74,2026-05-06,62.92,1.608,79.4,44.8,0
ASSET-F4638D74,2026-05-07,66.3,1.179,78.9,48.6,0
ASSET-F4638D74,2026-05-08,63.97,1.305,83.1,60.9,0
ASSET-F4638D74,2026-05-09,74.26,1.685,72.2,51.9,0
ASSET-F4638D74,2026-05-10,69.06,1.101,82.0,58.7,0
ASSET-F4638D74,2026-05-11,66.69,1.476,94.3,27.1,0
ASSET-F4638D74,2026-05-12,59.34,1.703,70.9,48.4,0
ASSET-F4638D74,2026-05-13,65.58,1.269,83.1,45.5,0
ASSET-F4638D74,2026-05-14,62.81,1.564,83.9,49.4,0
ASSET-F4638D74,2026-05-15,67.08,1.534,73.5,46.1,0
ASSET-F4638D74,2026-05-16,69.53,1.789,78.6,51.2,0
ASSET-F4638D74,2026-05-17,66.55,1.701,79.0,44.8,0
ASSET-F4638D74,2026-05-18,60.8,1.428,83.4,41.4,0
ASSET-F4638D74,2026-05-19,66.5,1.627,83.4,49.7,0
ASSET-F4638D74,2026-05-20,61.57,1.132,80.3,67.9,0
ASSET-F4638D74,2026-05-21,66.4,1.536,76.5,43.4,0
ASSET-F4638D74,2026-05-22,64.73,1.386,70.6,54.7,0
ASSET-F4638D74,2026-05-23,67.06,1.472,90.2,53.7,0
ASSET-F4638D74,2026-05-24,69.76,1.672,84.2,38.3,0
ASSET-F4638D74,2026-05-25,62.8,1.686,84.0,50.9,0
ASSET-F4638D74,2026-05-26,64.16,1.555,84.8,58.5,0
ASSET-F4638D74,2026-05-27,65.3,1.482,90.9,32.5,0
ASSET-F4638D74,2026-05-28,60.11,1.261,80.9,46.2,0
ASSET-F4638D74,2026-05-29,64.5,1.827,76.9,57.4,0
ASSET-F4638D74,2026-05-30,64.1,1.692,74.5,38.0,0
ASSET-F4638D74,2026-05-31,61.96,1.561,77.8,58.2,0
ASSET-F4638D74,2026-06-01,64.76,1.398,74.8,53.4,0
ASSET-F4638D74,2026-06-02,62.42,1.46,85.0,65.7,0
ASSET-F4638D74,2026-06-03,60.71,1.614,75.7,48.4,0
ASSET-F4638D74,2026-06-04,65.28,1.672,82.1,43.3,0
ASSET-F4638D74,2026-06-05,62.87,1.306,80.5,63.6,0
ASSET-F4638D74,2026-06-06,66.43,1.91,82.1,49.7,0
ASSET-F4638D74,2026-06-07,60.5,1.295,80.0,53.2,0
ASSET-F4638D74,2026-06-08,65.84,1.711,83.1,37.6,0
ASSET-F4638D74,2026-06-09,67.83,1.463,71.8,61.4,0
ASSET-F4638D74,2026-06-10,64.94,1.371,82.7,41.3,0
ASSET-F4638D74,2026-06-11,65.84,1.965,83.4,42.1,0
ASSET-F4638D74,2026-06-12,68.64,1.426,80.2,43.9,0
ASSET-F4638D74,2026-06-13,67.81,1.358,87.3,40.3,0
ASSET-F4638D74,2026-06-14,65.23,1.229,74.2,34.9,0
ASSET-F4638D74,2026-06-15,62.3,1.411,84.1,43.5,0
ASSET-F4638D74,2026-06-16,67.26,1.539,79.9,69.5,0
ASSET-F4638D74,2026-06-17,65.34,1.279,78.4,45.9,0
ASSET-F4638D74,2026-06-18,68.27,1.825,72.9,29.1,0
ASSET-F4638D74,2026-06-19,63.51,1.183,77.3,51.7,0
ASSET-F4638D74,2026-06-20,65.45,1.664,87.0,52.5,0
ASSET-F4638D74,2026-06-21,62.9,1.488,79.0,62.2,0
ASSET-F4638D74,2026-06-22,64.75,1.21,87.2,59.4,0
ASSET-F4638D74,2026-06-23,64.3,1.662,83.4,48.8,0
ASSET-F4638D74,2026-06-24,64.02,1.996,77.3,49.5,0
ASSET-F4638D74,2026-06-25,62.14,1.29,71.6,55.1,0
ASSET-F4638D74,2026-06-26,64.78,1.32,87.6,53.3,0
ASSET-F4638D74,2026-06-27,64.49,1.298,85.9,51.1,0
ASSET-F4638D74,2026-06-28,68.24,1.516,76.5,49.2,0
ASSET-F4638D74,2026-06-29,65.47,1.781,79.3,45.9,0
ASSET-F4638D74,2026-06-30,64.28,1.526,81.9,33.5,0
ASSET-F4638D74,2026-07-01,62.78,1.567,74.9,46.1,0
ASSET-F4638D74,2026-07-02,62.25,1.154,83.0,58.1,0
ASSET-F4638D74,2026-07-03,66.28,1.307,81.2,42.3,0
ASSET-F4638D74,2026-07-04,65.08,1.458,76.2,42.8,0
ASSET-F4638D74,2026-07-05,64.73,1.525,79.1,31.7,0
ASSET-F4638D74,2026-07-06,63.87,1.534,80.0,30.4,0
ASSET-F4638D74,2026-07-07,60.41,1.394,73.5,68.5,0
ASSET-F4638D74,2026-07-08,62.9,1.867,81.6,51.5,0
ASSET-F4638D74,2026-07-09,69.3,1.295,75.3,52.1,0
ASSET-F4638D74,2026-07-10,58.5,1.421,79.0,42.3,0
ASSET-F4638D74,2026-07-11,69.01,1.721,73.7,41.5,0
ASSET-F4638D74,2026-07-12,68.12,1.754,79.0,53.4,0
ASSET-F4638D74,2026-07-13,61.81,1.179,80.5,36.7,0
ASSET-F4638D74,2026-07-14,67.51,1.472,80.5,65.7,0
ASSET-F4638D74,2026-07-15,63.36,1.59,72.6,40.8,0
ASSET-F4638D74,2026-07-16,62.74,1.359,89.0,38.8,0
ASSET-F4638D74,2026-07-17,61.43,1.642,81.5,35.6,0
ASSET-F4638D74,2026-07-18,58.92,1.392,82.8,43.6,0
ASSET-F4638D74,2026-07-19,64.49,1.365,75.0,37.5,0
ASSET-F4638D74,2026-07-20,69.67,1.525,78.2,38.0,0
ASSET-F4638D74,2026-07-21,62.27,1.589,87.7,75.4,0
ASSET-F4638D74,2026-07-22,70.83,1.655,77.0,46.8,0
ASSET-F4638D74,2026-07-23,67.68,1.704,79.9,60.0,0
ASSET-F4638D74,2026-07-24,63.92,1.631,82.8,38.7,0
ASSET-F4638D74,2026-07-25,59.59,1.905,71.8,55.2,0
ASSET-F4638D74,2026-07-26,69.86,1.477,68.9,51.6,0
ASSET-F4638D74,2026-07-27,64.28,1.768,83.7,48.0,0
ASSET-F4638D74,2026-07-28,70.21,1.523,80.7,59.6,0
ASSET-F4638D74,2026-07-29,66.31,1.299,86.6,49.3,0
ASSET-F4638D74,2026-07-30,64.78,1.773,76.7,54.2,0
ASSET-F4638D74,2026-07-31,65.13,1.54,82.8,49.0,0
ASSET-F4638D74,2026-08-01,66.7,1.378,75.8,59.4,0
ASSET-F4638D74,2026-08-02,59.98,1.454,75.1,49.2,0
ASSET-F4638D74,2026-08-03,59.17,2.02,81.6,46.3,0
ASSET-F4638D74,2026-08-04,66.87,1.407,80.8,21.7,0
ASSET-F4638D74,2026-08-05,65.88,1.407,84.1,50.1,0
ASSET-F4638D74,2026-08-06,71.78,1.395,72.2,56.4,0
ASSET-F4638D74,2026-08-07,68.42,1.337,82.3,37.5,0
ASSET-F4638D74,2026-08-08,59.08,1.362,69.3,44.8,0
ASSET-F4638D74,2026-08-09,66.52,1.644,80.0,39.3,0
ASSET-F4638D74,2026-08-10,65.79,1.681,77.4,50.0,0
ASSET-F4638D74,2026-08-11,67.35,1.421,77.1,46.3,0
ASSET-F4638D74,2026-08-12,68.18,1.478,73.0,34.5,0
ASSET-F4638D74,2026-08-13,64.88,1.62,75.2,39.3,0
ASSET-F4638D74,2026-08-14,65.98,1.196,84.5,50.8,0
ASSET-F4638D74,2026-08-15,65.72,1.277,88.4,65.9,0
ASSET-F4638D74,2026-08-16,65.94,1.699,75.5,45.8,0
ASSET-F4638D74,2026-08-17,64.12,1.465,87.0,45.3,0
ASSET-F4638D74,2026-08-18,64.75,1.741,82.9,45.8,0
ASSET-F4638D74,2026-08-19,63.86,1.232,86.4,57.6,0
ASSET-F4638D74,2026-08-20,59.81,1.458,85.1,34.5,0
ASSET-F4638D74,2026-08-21,61.23,1.697,78.5,57.5,0
ASSET-F4638D74,2026-08-22,67.27,1.938,78.6,62.2,0
ASSET-F4638D74,2026-08-23,67.22,1.452,85.9,56.6,0
ASSET-F4638D74,2026-08-24,63.92,1.725,88.2,52.5,0
ASSET-F4638D74,2026-08-25,64.18,1.706,76.7,48.1,0
ASSET-F4638D74,2026-08-26,63.26,1.718,81.9,53.3,0
ASSET-F4638D74,2026-08-27,63.92,1.413,82.8,46.6,0
ASSET-F4638D74,2026-08-28,70.06,1.528,77.3,47.2,0
ASSET-F4638D74,2026-08-29,63.01,1.618,79.3,42.6,0
ASSET-F4638D74,2026-08-30,65.48,1.504,73.1,72.8,0
ASSET-F4638D74,2026-08-31,66.94,1.606,83.7,54.5,0
ASSET-F4638D74,2026-09-01,66.69,1.027,80.4,38.5,0
ASSET-F4638D74,2026-09-02,65.19,1.586,76.8,74.4,0
ASSET-F4638D74,2026-09-03,62.66,1.321,74.9,46.3,0
ASSET-F4638D74,2026-09-04,71.11,1.213,70.5,64.2,0
ASSET-F4638D74,2026-09-05,61.23,1.208,85.1,53.2,0
ASSET-F4638D74,2026-09-06,62.9,1.544,74.2,35.5,0
ASSET-F4638D74,2026-09-07,69.12,1.544,86.7,58.9,0
ASSET-F4638D74,2026-09-08,60.41,1.649,88.0,44.7,0
ASSET-F4638D74,2026-09-09,60.81,1.362,79.4,46.9,0
ASSET-F4638D74,2026-09-10,68.74,1.578,77.0,44.2,0
ASSET-F4638D74,2026-09-11,67.99,1.532,79.0,50.0,0
ASSET-F4638D74,2026-09-12,63.77,1.406,86.4,36.3,0
ASSET-F4638D74,2026-09-13,65.75,1.593,86.9,67.3,0
ASSET-F4638D74,2026-09-14,62.45,1.412,78.9,56.1,0
ASSET-F4638D74,2026-09-15,65.82,1.635,77.8,37.5,0
ASSET-FB3B8C4E,2026-03-20,70.44,1.789,83.3,59.7,0
ASSET-FB3B8C4E,2026-03-21,62.82,1.494,74.0,52.1,0
ASSET-FB3B8C4E,2026-03-22,66.29,1.262,86.0,47.6,0
ASSET-FB3B8C4E,2026-03-23,62.66,1.583,73.9,58.2,0
ASSET-FB3B8C4E,2026-03-24,74.51,1.629,75.2,52.5,0
ASSET-FB3B8C4E,2026-03-25,63.11,1.334,83.3,55.1,0
ASSET-FB3B8C4E,2026-03-26,67.51,1.273,85.2,35.8,0
ASSET-FB3B8C4E,2026-03-27,68.42,1.494,78.0,67.4,0
ASSET-FB3B8C4E,2026-03-28,65.59,1.669,72.7,61.2,0
ASSET-FB3B8C4E,2026-03-29,63.8,1.24,79.0,40.2,0
ASSET-FB3B8C4E,2026-03-30,63.03,1.497,75.2,46.9,0
ASSET-FB3B8C4E,2026-03-31,66.75,1.702,80.2,40.2,0
ASSET-FB3B8C4E,2026-04-01,61.06,1.161,72.2,38.1,0
ASSET-FB3B8C4E,2026-04-02,68.16,1.619,71.0,57.2,0
ASSET-FB3B8C4E,2026-04-03,66.44,1.246,81.0,51.6,0
ASSET-FB3B8C4E,2026-04-04,66.42,1.417,75.3,48.1,0
ASSET-FB3B8C4E,2026-04-05,68.68,1.555,81.8,55.1,0
ASSET-FB3B8C4E,2026-04-06,64.69,1.359,77.4,48.6,0
ASSET-FB3B8C4E,2026-04-07,63.33,1.565,89.6,40.9,0
ASSET-FB3B8C4E,2026-04-08,64.69,1.386,79.6,60.9,0
ASSET-FB3B8C4E,2026-04-09,65.72,1.474,78.5,49.2,0
ASSET-FB3B8C4E,2026-04-10,62.66,1.55,84.8,51.5,0
ASSET-FB3B8C4E,2026-04-11,67.57,1.584,76.3,41.8,0
ASSET-FB3B8C4E,2026-04-12,65.4,1.288,82.1,37.8,0
ASSET-FB3B8C4E,2026-04-13,69.82,1.96,79.9,62.8,0
ASSET-FB3B8C4E,2026-04-14,69.77,1.541,83.0,49.1,0
ASSET-FB3B8C4E,2026-04-15,69.07,1.451,82.3,49.2,0
ASSET-FB3B8C4E,2026-04-16,63.49,1.215,84.5,57.5,0
ASSET-FB3B8C4E,2026-04-17,66.82,1.557,80.0,50.3,0
ASSET-FB3B8C4E,2026-04-18,62.74,1.315,77.9,47.0,0
ASSET-FB3B8C4E,2026-04-19,62.56,1.493,90.1,49.5,0
ASSET-FB3B8C4E,2026-04-20,61.13,1.891,76.5,49.2,0
ASSET-FB3B8C4E,2026-04-21,62.85,1.59,83.8,30.5,0
ASSET-FB3B8C4E,2026-04-22,59.74,1.35,76.2,62.0,0
ASSET-FB3B8C4E,2026-04-23,63.54,1.839,79.5,59.0,0
ASSET-FB3B8C4E,2026-04-24,63.12,1.662,85.9,59.4,0
ASSET-FB3B8C4E,2026-04-25,67.05,1.748,71.9,55.8,0
ASSET-FB3B8C4E,2026-04-26,60.91,1.751,69.5,44.1,0
ASSET-FB3B8C4E,2026-04-27,62.87,1.473,81.8,47.6,0
ASSET-FB3B8C4E,2026-04-28,69.23,1.73,81.0,48.7,0
ASSET-FB3B8C4E,2026-04-29,67.62,1.343,73.3,45.3,0
ASSET-FB3B8C4E,2026-04-30,66.74,1.501,80.9,34.6,0
ASSET-FB3B8C4E,2026-05-01,64.54,1.722,75.1,56.8,0
ASSET-FB3B8C4E,2026-05-02,64.45,1.294,76.4,52.9,0
ASSET-FB3B8C4E,2026-05-03,62.45,1.612,84.9,35.7,0
ASSET-FB3B8C4E,2026-05-04,60.29,1.807,76.9,49.3,0
ASSET-FB3B8C4E,2026-05-05,60.48,1.314,73.6,54.6,0
ASSET-FB3B8C4E,2026-05-06,61.71,1.617,83.2,45.8,0
ASSET-FB3B8C4E,2026-05-07,70.92,1.531,90.9,44.8,0
ASSET-FB3B8C4E,2026-05-08,62.05,1.486,80.1,42.7,0
ASSET-FB3B8C4E,2026-05-09,59.95,1.547,80.4,54.6,0
ASSET-FB3B8C4E,2026-05-10,68.21,1.487,79.2,47.7,0
ASSET-FB3B8C4E,2026-05-11,68.31,1.759,73.1,49.8,0
ASSET-FB3B8C4E,2026-05-12,67.49,1.588,84.2,51.1,0
ASSET-FB3B8C4E,2026-05-13,62.49,1.169,85.6,41.3,0
ASSET-FB3B8C4E,2026-05-14,68.57,1.798,78.1,53.4,0
ASSET-FB3B8C4E,2026-05-15,58.69,1.574,77.4,62.6,0
ASSET-FB3B8C4E,2026-05-16,61.61,1.416,84.4,33.8,0
ASSET-FB3B8C4E,2026-05-17,62.71,1.76,82.5,62.0,0
ASSET-FB3B8C4E,2026-05-18,63.63,1.566,76.6,43.8,0
ASSET-FB3B8C4E,2026-05-19,67.15,1.587,88.6,52.5,0
ASSET-FB3B8C4E,2026-05-20,66.63,1.079,73.0,68.5,0
ASSET-FB3B8C4E,2026-05-21,62.8,1.2,84.4,37.8,0
ASSET-FB3B8C4E,2026-05-22,63.05,1.457,82.8,43.1,0
ASSET-FB3B8C4E,2026-05-23,65.69,1.525,72.6,37.2,0
ASSET-FB3B8C4E,2026-05-24,63.76,1.51,75.9,52.5,0
ASSET-FB3B8C4E,2026-05-25,61.46,1.664,79.5,47.1,0
ASSET-FB3B8C4E,2026-05-26,61.25,1.422,76.7,50.6,0
ASSET-FB3B8C4E,2026-05-27,58.87,1.143,74.5,52.6,0
ASSET-FB3B8C4E,2026-05-28,62.51,1.765,92.2,40.2,0
ASSET-FB3B8C4E,2026-05-29,63.29,1.336,81.6,31.6,0
ASSET-FB3B8C4E,2026-05-30,65.18,1.399,75.8,66.3,0
ASSET-FB3B8C4E,2026-05-31,65.61,1.491,80.5,52.6,0
ASSET-FB3B8C4E,2026-06-01,63.57,1.276,70.1,57.9,0
ASSET-FB3B8C4E,2026-06-02,67.88,1.348,78.8,37.5,0
ASSET-FB3B8C4E,2026-06-03,65.51,1.302,74.2,31.4,0
ASSET-FB3B8C4E,2026-06-04,60.95,1.309,76.1,52.4,0
ASSET-FB3B8C4E,2026-06-05,64.92,1.409,81.9,64.1,0
ASSET-FB3B8C4E,2026-06-06,64.35,1.554,75.6,46.0,0
ASSET-FB3B8C4E,2026-06-07,64.55,1.57,84.0,43.4,0
ASSET-FB3B8C4E,2026-06-08,60.02,1.447,82.6,47.1,0
ASSET-FB3B8C4E,2026-06-09,64.8,1.409,83.6,44.7,0
ASSET-FB3B8C4E,2026-06-10,65.68,1.327,80.3,56.3,0
ASSET-FB3B8C4E,2026-06-11,63.79,1.625,86.2,48.8,0
ASSET-FB3B8C4E,2026-06-12,62.3,1.415,79.9,46.3,0
ASSET-FB3B8C4E,2026-06-13,64.73,1.574,83.2,58.1,0
ASSET-FB3B8C4E,2026-06-14,62.71,1.869,92.8,51.3,0
ASSET-FB3B8C4E,2026-06-15,63.77,1.423,80.7,50.8,0
ASSET-FB3B8C4E,2026-06-16,62.72,1.183,77.2,44.0,0
ASSET-FB3B8C4E,2026-06-17,67.94,1.371,79.7,35.1,0
ASSET-FB3B8C4E,2026-06-18,63.24,1.571,83.0,55.2,0
ASSET-FB3B8C4E,2026-06-19,68.9,1.711,79.0,54.0,0
ASSET-FB3B8C4E,2026-06-20,67.8,1.384,79.0,57.9,0
ASSET-FB3B8C4E,2026-06-21,70.34,1.645,87.2,64.9,0
ASSET-FB3B8C4E,2026-06-22,64.31,1.502,85.0,57.7,0
ASSET-FB3B8C4E,2026-06-23,58.89,1.652,79.6,65.6,0
ASSET-FB3B8C4E,2026-06-24,62.29,1.569,78.6,57.0,0
ASSET-FB3B8C4E,2026-06-25,64.11,1.286,88.9,29.2,0
ASSET-FB3B8C4E,2026-06-26,63.59,1.628,76.7,50.2,0
ASSET-FB3B8C4E,2026-06-27,59.51,1.463,82.9,58.9,0
ASSET-FB3B8C4E,2026-06-28,69.67,1.442,89.7,61.6,0
ASSET-FB3B8C4E,2026-06-29,58.52,1.606,81.7,51.4,0
ASSET-FB3B8C4E,2026-06-30,70.49,1.894,87.3,55.0,0
ASSET-FB3B8C4E,2026-07-01,66.66,1.421,76.1,46.4,0
ASSET-FB3B8C4E,2026-07-02,62.92,1.348,79.1,55.9,0
ASSET-FB3B8C4E,2026-07-03,59.87,1.692,87.0,49.3,0
ASSET-FB3B8C4E,2026-07-04,69.18,1.688,95.6,54.1,0
ASSET-FB3B8C4E,2026-07-05,61.82,1.311,86.8,52.4,0
ASSET-FB3B8C4E,2026-07-06,67.04,1.528,87.6,62.7,0
ASSET-FB3B8C4E,2026-07-07,65.57,1.625,83.0,51.0,0
ASSET-FB3B8C4E,2026-07-08,63.41,1.301,76.3,56.9,0
ASSET-FB3B8C4E,2026-07-09,62.05,1.774,83.8,48.5,0
ASSET-FB3B8C4E,2026-07-10,64.32,1.438,80.4,55.4,0
ASSET-FB3B8C4E,2026-07-11,64.58,1.352,73.1,61.4,0
ASSET-FB3B8C4E,2026-07-12,63.69,1.137,78.8,60.6,0
ASSET-FB3B8C4E,2026-07-13,60.0,1.31,85.0,46.4,0
ASSET-FB3B8C4E,2026-07-14,62.12,1.759,80.7,42.1,0
ASSET-FB3B8C4E,2026-07-15,63.53,1.455,76.1,66.1,0
ASSET-FB3B8C4E,2026-07-16,68.36,1.497,77.8,55.6,0
ASSET-FB3B8C4E,2026-07-17,67.76,1.524,87.7,54.8,0
ASSET-FB3B8C4E,2026-07-18,67.13,1.615,70.9,50.9,0
ASSET-FB3B8C4E,2026-07-19,64.67,1.322,81.2,60.5,0
ASSET-FB3B8C4E,2026-07-20,64.8,1.755,79.1,40.9,0
ASSET-FB3B8C4E,2026-07-21,64.91,1.417,92.3,45.6,0
ASSET-FB3B8C4E,2026-07-22,66.71,1.59,78.8,65.1,0
ASSET-FB3B8C4E,2026-07-23,64.71,1.428,69.6,52.9,0
ASSET-FB3B8C4E,2026-07-24,61.77,1.269,73.9,55.4,0
ASSET-FB3B8C4E,2026-07-25,57.92,1.71,86.5,34.0,0
ASSET-FB3B8C4E,2026-07-26,66.3,1.382,88.4,62.6,0
ASSET-FB3B8C4E,2026-07-27,67.19,1.152,85.0,74.4,0
ASSET-FB3B8C4E,2026-07-28,60.13,1.541,74.5,43.6,0
ASSET-FB3B8C4E,2026-07-29,59.74,1.534,69.2,49.9,0
ASSET-FB3B8C4E,2026-07-30,63.15,1.58,76.5,45.7,0
ASSET-FB3B8C4E,2026-07-31,69.26,1.49,83.8,55.6,0
ASSET-FB3B8C4E,2026-08-01,62.11,1.673,81.0,41.1,0
ASSET-FB3B8C4E,2026-08-02,63.41,1.641,74.1,49.3,0
ASSET-FB3B8C4E,2026-08-03,63.3,1.562,80.5,56.2,0
ASSET-FB3B8C4E,2026-08-04,59.89,1.154,74.6,55.6,0
ASSET-FB3B8C4E,2026-08-05,60.7,1.541,73.2,39.8,0
ASSET-FB3B8C4E,2026-08-06,67.18,1.149,73.9,46.2,0
ASSET-FB3B8C4E,2026-08-07,66.05,1.604,79.7,61.6,0
ASSET-FB3B8C4E,2026-08-08,63.35,1.353,85.5,57.1,0
ASSET-FB3B8C4E,2026-08-09,62.77,2.048,83.4,47.2,0
ASSET-FB3B8C4E,2026-08-10,67.65,1.658,76.7,61.0,0
ASSET-FB3B8C4E,2026-08-11,64.63,1.611,83.2,41.2,0
ASSET-FB3B8C4E,2026-08-12,66.25,0.995,88.8,50.3,0
ASSET-FB3B8C4E,2026-08-13,61.0,1.518,78.8,59.9,0
ASSET-FB3B8C4E,2026-08-14,64.83,1.445,78.6,42.8,0
ASSET-FB3B8C4E,2026-08-15,67.13,1.425,85.8,71.0,0
ASSET-FB3B8C4E,2026-08-16,63.13,1.503,81.0,50.8,0
ASSET-FB3B8C4E,2026-08-17,69.81,1.315,77.0,51.1,0
ASSET-FB3B8C4E,2026-08-18,68.67,1.5,88.8,40.8,0
ASSET-FB3B8C4E,2026-08-19,67.53,1.518,74.6,42.1,0
ASSET-FB3B8C4E,2026-08-20,61.5,1.635,82.7,43.3,0
ASSET-FB3B8C4E,2026-08-21,63.04,1.587,81.7,39.0,0
ASSET-FB3B8C4E,2026-08-22,64.92,1.464,81.2,59.4,0
ASSET-FB3B8C4E,2026-08-23,63.19,1.323,76.8,74.3,0
ASSET-FB3B8C4E,2026-08-24,66.07,1.444,74.9,52.3,0
ASSET-FB3B8C4E,2026-08-25,60.36,1.647,77.7,42.4,0
ASSET-FB3B8C4E,2026-08-26,67.9,1.728,76.2,60.0,0
ASSET-FB3B8C4E,2026-08-27,58.74,1.33,78.2,58.4,0
ASSET-FB3B8C4E,2026-08-28,64.08,1.754,90.2,50.7,0
ASSET-FB3B8C4E,2026-08-29,68.09,1.452,78.5,54.5,0
ASSET-FB3B8C4E,2026-08-30,66.46,1.846,82.2,44.9,0
ASSET-FB3B8C4E,2026-08-31,64.69,1.395,84.2,40.5,0
ASSET-FB3B8C4E,2026-09-01,71.14,1.445,88.1,50.8,0
ASSET-FB3B8C4E,2026-09-02,68.76,1.519,75.5,33.5,0
ASSET-FB3B8C4E,2026-09-03,65.64,1.124,78.2,57.6,0
ASSET-FB3B8C4E,2026-09-04,64.07,1.276,88.0,45.8,0
ASSET-FB3B8C4E,2026-09-05,63.58,1.192,80.3,76.0,0
ASSET-FB3B8C4E,2026-09-06,68.74,1.369,81.3,53.4,0
ASSET-FB3B8C4E,2026-09-07,66.91,1.446,82.3,54.9,0
ASSET-FB3B8C4E,2026-09-08,59.67,1.604,82.9,47.9,0
ASSET-FB3B8C4E,2026-09-09,60.59,1.331,89.0,66.6,0
ASSET-FB3B8C4E,2026-09-10,69.59,1.639,75.7,68.1,0
ASSET-FB3B8C4E,2026-09-11,63.38,1.634,72.5,51.1,0
ASSET-FB3B8C4E,2026-09-12,71.14,1.566,76.7,61.9,0
ASSET-FB3B8C4E,2026-09-13,68.22,1.628,81.6,49.7,0
ASSET-FB3B8C4E,2026-09-14,66.04,1.773,77.7,49.6,0
ASSET-FB3B8C4E,2026-09-15,59.64,1.353,79.5,50.5,0
ASSET-2D802F83,2026-03-20,64.86,1.599,77.9,41.5,0
ASSET-2D802F83,2026-03-21,62.12,1.559,81.6,39.3,0
ASSET-2D802F83,2026-03-22,64.53,1.567,90.8,57.3,0
ASSET-2D802F83,2026-03-23,68.79,1.405,71.4,57.1,0
ASSET-2D802F83,2026-03-24,64.32,1.64,79.7,37.9,0
ASSET-2D802F83,2026-03-25,62.61,1.695,70.5,48.1,0
ASSET-2D802F83,2026-03-26,60.98,1.455,76.8,43.8,0
ASSET-2D802F83,2026-03-27,64.89,1.191,85.4,26.2,0
ASSET-2D802F83,2026-03-28,63.63,1.64,84.0,39.9,0
ASSET-2D802F83,2026-03-29,67.59,1.946,78.6,46.0,0
ASSET-2D802F83,2026-03-30,59.66,1.5,83.1,44.7,0
ASSET-2D802F83,2026-03-31,61.46,1.559,93.7,38.8,0
ASSET-2D802F83,2026-04-01,72.01,1.368,85.3,55.3,0
ASSET-2D802F83,2026-04-02,62.33,1.63,76.1,37.4,0
ASSET-2D802F83,2026-04-03,70.67,1.582,89.7,39.0,0
ASSET-2D802F83,2026-04-04,66.4,1.363,84.8,32.1,0
ASSET-2D802F83,2026-04-05,66.47,1.637,89.0,55.1,0
ASSET-2D802F83,2026-04-06,62.79,1.406,73.1,73.4,0
ASSET-2D802F83,2026-04-07,63.75,1.229,79.4,60.4,0
ASSET-2D802F83,2026-04-08,59.1,1.65,77.2,41.8,0
ASSET-2D802F83,2026-04-09,74.9,1.56,72.9,51.8,0
ASSET-2D802F83,2026-04-10,63.45,1.219,81.0,65.3,0
ASSET-2D802F83,2026-04-11,68.77,1.691,81.9,57.2,0
ASSET-2D802F83,2026-04-12,64.47,1.295,80.7,53.1,0
ASSET-2D802F83,2026-04-13,65.14,1.47,82.4,54.6,0
ASSET-2D802F83,2026-04-14,66.45,1.274,77.6,69.0,0
ASSET-2D802F83,2026-04-15,64.89,1.48,76.4,46.8,0
ASSET-2D802F83,2026-04-16,68.65,1.463,79.7,48.5,0
ASSET-2D802F83,2026-04-17,63.32,1.477,86.9,53.0,0
ASSET-2D802F83,2026-04-18,65.64,1.749,80.5,59.1,0
ASSET-2D802F83,2026-04-19,63.75,1.761,73.6,51.9,0
ASSET-2D802F83,2026-04-20,64.08,1.541,78.5,46.7,0
ASSET-2D802F83,2026-04-21,63.22,1.398,79.2,54.1,0
ASSET-2D802F83,2026-04-22,63.26,1.754,88.9,49.4,0
ASSET-2D802F83,2026-04-23,71.36,1.65,81.8,48.9,0
ASSET-2D802F83,2026-04-24,64.43,1.823,86.5,59.9,0
ASSET-2D802F83,2026-04-25,56.69,1.589,81.9,60.3,0
ASSET-2D802F83,2026-04-26,74.11,1.571,82.5,47.3,0
ASSET-2D802F83,2026-04-27,66.26,1.843,77.7,39.9,0
ASSET-2D802F83,2026-04-28,66.47,1.274,68.0,56.0,0
ASSET-2D802F83,2026-04-29,64.94,1.128,78.6,51.1,0
ASSET-2D802F83,2026-04-30,63.63,1.459,71.6,52.7,0
ASSET-2D802F83,2026-05-01,68.45,1.638,81.9,48.9,0
ASSET-2D802F83,2026-05-02,66.05,1.664,91.5,58.7,0
ASSET-2D802F83,2026-05-03,62.58,1.467,89.4,48.6,0
ASSET-2D802F83,2026-05-04,67.08,1.614,72.3,54.4,0
ASSET-2D802F83,2026-05-05,64.82,1.424,82.2,43.8,0
ASSET-2D802F83,2026-05-06,66.66,1.62,82.7,53.7,0
ASSET-2D802F83,2026-05-07,65.28,1.427,80.6,65.5,0
ASSET-2D802F83,2026-05-08,64.36,1.691,77.0,42.7,0
ASSET-2D802F83,2026-05-09,63.23,1.437,80.1,60.1,0
ASSET-2D802F83,2026-05-10,65.96,1.575,79.1,45.6,0
ASSET-2D802F83,2026-05-11,61.47,1.355,83.5,57.3,0
ASSET-2D802F83,2026-05-12,65.7,1.716,81.2,44.6,0
ASSET-2D802F83,2026-05-13,69.77,1.615,87.2,26.9,0
ASSET-2D802F83,2026-05-14,72.21,1.113,80.7,55.3,0
ASSET-2D802F83,2026-05-15,65.46,1.536,82.5,43.3,0
ASSET-2D802F83,2026-05-16,70.77,1.409,84.8,46.5,0
ASSET-2D802F83,2026-05-17,64.62,1.643,78.6,50.2,0
ASSET-2D802F83,2026-05-18,67.36,1.35,79.8,49.5,0
ASSET-2D802F83,2026-05-19,68.3,1.606,69.0,53.3,0
ASSET-2D802F83,2026-05-20,67.74,1.663,80.0,54.5,0
ASSET-2D802F83,2026-05-21,69.41,1.294,75.8,39.6,0
ASSET-2D802F83,2026-05-22,63.76,1.622,81.6,27.9,0
ASSET-2D802F83,2026-05-23,64.12,1.41,79.8,46.2,0
ASSET-2D802F83,2026-05-24,64.36,1.296,77.2,53.8,0
ASSET-2D802F83,2026-05-25,66.93,1.607,84.4,42.9,0
ASSET-2D802F83,2026-05-26,67.19,1.512,80.7,56.5,0
ASSET-2D802F83,2026-05-27,58.35,1.552,72.8,48.9,0
ASSET-2D802F83,2026-05-28,64.1,1.393,74.3,75.5,0
ASSET-2D802F83,2026-05-29,64.02,1.331,73.2,62.4,0
ASSET-2D802F83,2026-05-30,60.05,1.344,79.1,53.5,0
ASSET-2D802F83,2026-05-31,70.49,1.554,79.3,55.6,0
ASSET-2D802F83,2026-06-01,64.54,1.484,79.4,53.4,0
ASSET-2D802F83,2026-06-02,66.92,1.766,83.2,49.5,0
ASSET-2D802F83,2026-06-03,67.41,1.576,79.7,40.2,0
ASSET-2D802F83,2026-06-04,62.46,1.525,78.8,60.3,0
ASSET-2D802F83,2026-06-05,62.45,1.651,87.6,52.1,0
ASSET-2D802F83,2026-06-06,65.1,1.14,81.4,59.1,0
ASSET-2D802F83,2026-06-07,67.96,1.561,70.9,75.8,0
ASSET-2D802F83,2026-06-08,68.18,1.684,79.0,39.8,0
ASSET-2D802F83,2026-06-09,63.88,1.684,80.5,42.3,0
ASSET-2D802F83,2026-06-10,67.03,1.478,83.3,24.7,0
ASSET-2D802F83,2026-06-11,64.58,1.272,73.2,56.6,0
ASSET-2D802F83,2026-06-12,61.63,1.53,74.5,41.2,0
ASSET-2D802F83,2026-06-13,64.87,1.526,76.1,43.5,0
ASSET-2D802F83,2026-06-14,63.75,1.3,83.3,43.3,0
ASSET-2D802F83,2026-06-15,64.36,1.672,73.3,35.3,0
ASSET-2D802F83,2026-06-16,68.32,1.735,84.7,25.4,0
ASSET-2D802F83,2026-06-17,66.44,2.023,76.1,64.1,0
ASSET-2D802F83,2026-06-18,66.47,1.305,86.2,37.5,0
ASSET-2D802F83,2026-06-19,64.41,1.595,78.1,44.4,0
ASSET-2D802F83,2026-06-20,64.87,1.676,71.1,38.4,0
ASSET-2D802F83,2026-06-21,70.43,1.372,70.5,42.7,0
ASSET-2D802F83,2026-06-22,62.82,1.534,79.5,37.5,0
ASSET-2D802F83,2026-06-23,60.65,1.547,80.9,58.7,0
ASSET-2D802F83,2026-06-24,64.9,1.797,81.3,38.0,0
ASSET-2D802F83,2026-06-25,68.54,1.467,83.8,54.9,0
ASSET-2D802F83,2026-06-26,58.86,1.335,81.2,56.9,0
ASSET-2D802F83,2026-06-27,64.57,1.572,86.5,58.6,0
ASSET-2D802F83,2026-06-28,67.15,1.336,89.5,38.1,0
ASSET-2D802F83,2026-06-29,64.29,1.432,82.9,62.6,0
ASSET-2D802F83,2026-06-30,64.08,1.457,78.1,49.8,0
ASSET-2D802F83,2026-07-01,64.9,1.474,79.5,55.7,0
ASSET-2D802F83,2026-07-02,68.72,1.676,86.5,36.7,0
ASSET-2D802F83,2026-07-03,64.5,1.525,83.2,49.2,0
ASSET-2D802F83,2026-07-04,66.56,1.73,84.4,36.0,0
ASSET-2D802F83,2026-07-05,71.19,1.567,80.7,37.7,0
ASSET-2D802F83,2026-07-06,68.73,1.699,80.6,55.4,0
ASSET-2D802F83,2026-07-07,62.12,1.533,78.5,53.7,0
ASSET-2D802F83,2026-07-08,69.69,1.245,74.6,67.0,0
ASSET-2D802F83,2026-07-09,66.41,1.627,85.3,48.5,0
ASSET-2D802F83,2026-07-10,68.59,1.491,72.0,49.7,0
ASSET-2D802F83,2026-07-11,64.77,1.698,84.9,52.7,0
ASSET-2D802F83,2026-07-12,63.82,1.638,84.0,40.5,0
ASSET-2D802F83,2026-07-13,64.23,1.143,74.7,42.8,0
ASSET-2D802F83,2026-07-14,64.39,1.524,78.3,33.3,0
ASSET-2D802F83,2026-07-15,64.2,1.458,75.7,70.3,0
ASSET-2D802F83,2026-07-16,61.69,1.424,74.6,44.4,0
ASSET-2D802F83,2026-07-17,57.22,1.356,76.7,51.8,0
ASSET-2D802F83,2026-07-18,61.93,1.618,81.3,40.9,0
ASSET-2D802F83,2026-07-19,63.89,1.737,84.7,65.7,0
ASSET-2D802F83,2026-07-20,66.06,1.766,78.4,45.2,0
ASSET-2D802F83,2026-07-21,64.94,2.011,73.0,58.3,0
ASSET-2D802F83,2026-07-22,64.73,1.893,84.3,57.0,0
ASSET-2D802F83,2026-07-23,65.06,1.662,69.0,49.2,0
ASSET-2D802F83,2026-07-24,63.91,1.239,76.6,49.3,0
ASSET-2D802F83,2026-07-25,69.33,1.377,77.2,45.1,0
ASSET-2D802F83,2026-07-26,64.29,1.694,76.8,59.4,0
ASSET-2D802F83,2026-07-27,65.98,1.36,68.8,47.1,0
ASSET-2D802F83,2026-07-28,61.36,1.453,83.8,57.9,0
ASSET-2D802F83,2026-07-29,64.69,1.268,84.1,47.8,0
ASSET-2D802F83,2026-07-30,65.08,1.762,81.3,48.1,0
ASSET-2D802F83,2026-07-31,64.0,1.429,86.5,44.9,0
ASSET-2D802F83,2026-08-01,60.58,1.546,86.9,38.3,0
ASSET-2D802F83,2026-08-02,64.06,1.655,78.1,53.1,0
ASSET-2D802F83,2026-08-03,64.49,1.573,77.3,53.7,0
ASSET-2D802F83,2026-08-04,69.72,1.497,79.2,57.4,0
ASSET-2D802F83,2026-08-05,72.17,1.376,76.2,43.0,0
ASSET-2D802F83,2026-08-06,66.43,1.7,84.8,57.0,0
ASSET-2D802F83,2026-08-07,67.69,1.475,83.5,41.3,0
ASSET-2D802F83,2026-08-08,62.33,1.254,77.1,62.0,0
ASSET-2D802F83,2026-08-09,64.03,1.995,91.0,46.1,0
ASSET-2D802F83,2026-08-10,63.63,1.179,73.7,42.4,0
ASSET-2D802F83,2026-08-11,61.3,1.273,85.2,52.7,0
ASSET-2D802F83,2026-08-12,68.92,1.509,77.3,63.8,0
ASSET-2D802F83,2026-08-13,65.06,1.848,81.7,57.5,0
ASSET-2D802F83,2026-08-14,67.87,1.578,82.0,58.1,0
ASSET-2D802F83,2026-08-15,66.73,1.279,88.1,48.2,0
ASSET-2D802F83,2026-08-16,61.4,2.002,78.4,44.9,0
ASSET-2D802F83,2026-08-17,63.79,1.431,76.8,49.9,0
ASSET-2D802F83,2026-08-18,62.22,1.556,77.4,56.4,0
ASSET-2D802F83,2026-08-19,64.51,1.906,74.2,56.3,0
ASSET-2D802F83,2026-08-20,65.49,1.748,77.3,83.5,0
ASSET-2D802F83,2026-08-21,64.46,1.7,69.9,82.8,0
ASSET-2D802F83,2026-08-22,72.1,2.142,67.0,85.7,0
ASSET-2D802F83,2026-08-23,67.96,2.524,81.1,99.6,0
ASSET-2D802F83,2026-08-24,77.76,2.386,82.1,104.0,0
ASSET-2D802F83,2026-08-25,71.37,2.61,76.5,83.6,0
ASSET-2D802F83,2026-08-26,68.89,3.106,73.9,125.2,0
ASSET-2D802F83,2026-08-27,72.26,2.76,73.1,104.8,0
ASSET-2D802F83,2026-08-28,69.87,3.114,70.6,110.1,0
ASSET-2D802F83,2026-08-29,75.32,2.477,83.6,116.5,0
ASSET-2D802F83,2026-08-30,74.87,3.12,65.8,105.1,0
ASSET-2D802F83,2026-08-31,79.0,3.57,70.2,131.4,0
ASSET-2D802F83,2026-09-01,80.33,2.536,65.6,175.2,0
ASSET-2D802F83,2026-09-02,78.09,3.092,73.3,120.8,0
ASSET-2D802F83,2026-09-03,78.94,3.457,64.3,178.5,0
ASSET-2D802F83,2026-09-04,80.94,4.315,65.0,160.1,0
ASSET-2D802F83,2026-09-05,86.44,3.408,57.9,209.0,0
ASSET-2D802F83,2026-09-06,82.22,4.277,60.1,194.9,0
ASSET-2D802F83,2026-09-07,80.18,4.047,53.4,208.1,0
ASSET-2D802F83,2026-09-08,83.46,4.292,70.8,183.8,0
ASSET-2D802F83,2026-09-09,86.73,4.31,66.6,240.8,0
ASSET-2D802F83,2026-09-10,86.67,4.324,65.1,216.3,0
ASSET-2D802F83,2026-09-11,89.16,5.016,59.7,198.7,0
ASSET-2D802F83,2026-09-12,89.41,4.782,71.8,207.0,0
ASSET-2D802F83,2026-09-13,89.85,4.844,61.7,208.1,0
ASSET-2D802F83,2026-09-14,92.76,5.349,70.5,282.9,0
ASSET-2D802F83,2026-09-15,85.87,4.447,48.9,288.9,1
ASSET-B3F06D09,2026-03-20,61.34,1.324,79.8,42.5,0
ASSET-B3F06D09,2026-03-21,70.38,1.393,73.4,39.1,0
ASSET-B3F06D09,2026-03-22,68.64,1.297,74.9,54.4,0
ASSET-B3F06D09,2026-03-23,64.65,1.312,78.1,41.5,0
ASSET-B3F06D09,2026-03-24,66.53,1.542,88.4,61.3,0
ASSET-B3F06D09,2026-03-25,63.24,1.631,78.2,67.8,0
ASSET-B3F06D09,2026-03-26,65.84,1.313,69.9,60.7,0
ASSET-B3F06D09,2026-03-27,57.22,1.5,78.6,41.6,0
ASSET-B3F06D09,2026-03-28,63.67,1.293,82.5,57.8,0
ASSET-B3F06D09,2026-03-29,65.22,1.472,86.0,44.4,0
ASSET-B3F06D09,2026-03-30,65.45,1.589,77.2,57.7,0
ASSET-B3F06D09,2026-03-31,66.11,1.768,74.6,37.4,0
ASSET-B3F06D09,2026-04-01,62.35,1.624,77.6,46.9,0
ASSET-B3F06D09,2026-04-02,63.53,1.466,85.2,45.6,0
ASSET-B3F06D09,2026-04-03,68.74,1.273,74.3,28.3,0
ASSET-B3F06D09,2026-04-04,65.7,1.464,76.1,55.7,0
ASSET-B3F06D09,2026-04-05,64.71,1.746,86.6,55.4,0
ASSET-B3F06D09,2026-04-06,65.97,1.65,79.6,38.3,0
ASSET-B3F06D09,2026-04-07,62.22,1.364,84.1,60.1,0
ASSET-B3F06D09,2026-04-08,65.52,1.723,82.7,51.7,0
ASSET-B3F06D09,2026-04-09,66.88,1.16,85.8,41.2,0
ASSET-B3F06D09,2026-04-10,58.12,1.401,72.3,54.0,0
ASSET-B3F06D09,2026-04-11,69.54,1.411,69.5,65.4,0
ASSET-B3F06D09,2026-04-12,67.44,1.507,82.1,39.6,0
ASSET-B3F06D09,2026-04-13,63.11,1.126,75.1,50.1,0
ASSET-B3F06D09,2026-04-14,68.78,1.396,79.2,23.3,0
ASSET-B3F06D09,2026-04-15,65.31,1.399,84.4,46.0,0
ASSET-B3F06D09,2026-04-16,62.55,1.692,90.3,53.3,0
ASSET-B3F06D09,2026-04-17,64.96,1.372,74.6,32.8,0
ASSET-B3F06D09,2026-04-18,61.33,1.673,73.8,31.3,0
ASSET-B3F06D09,2026-04-19,65.37,1.762,79.4,53.9,0
ASSET-B3F06D09,2026-04-20,61.39,1.419,78.9,64.0,0
ASSET-B3F06D09,2026-04-21,64.96,1.328,73.2,45.5,0
ASSET-B3F06D09,2026-04-22,67.23,1.335,81.4,55.0,0
ASSET-B3F06D09,2026-04-23,68.03,2.055,75.0,48.1,0
ASSET-B3F06D09,2026-04-24,64.33,1.474,86.4,55.2,0
ASSET-B3F06D09,2026-04-25,62.93,1.484,78.5,45.7,0
ASSET-B3F06D09,2026-04-26,62.34,1.656,85.4,61.9,0
ASSET-B3F06D09,2026-04-27,68.76,1.459,75.0,54.0,0
ASSET-B3F06D09,2026-04-28,68.26,1.656,80.7,70.3,0
ASSET-B3F06D09,2026-04-29,66.89,1.243,76.2,44.3,0
ASSET-B3F06D09,2026-04-30,63.84,1.463,79.5,33.7,0
ASSET-B3F06D09,2026-05-01,62.19,1.307,78.1,33.6,0
ASSET-B3F06D09,2026-05-02,68.02,1.36,83.5,50.2,0
ASSET-B3F06D09,2026-05-03,69.03,1.796,76.9,50.0,0
ASSET-B3F06D09,2026-05-04,63.97,1.7,85.5,41.1,0
ASSET-B3F06D09,2026-05-05,69.27,1.7,74.6,44.1,0
ASSET-B3F06D09,2026-05-06,65.06,1.537,79.4,56.2,0
ASSET-B3F06D09,2026-05-07,61.83,1.527,81.1,49.9,0
ASSET-B3F06D09,2026-05-08,70.31,1.715,79.3,47.1,0
ASSET-B3F06D09,2026-05-09,67.28,1.346,71.6,50.2,0
ASSET-B3F06D09,2026-05-10,65.0,1.411,81.8,38.5,0
ASSET-B3F06D09,2026-05-11,62.01,1.339,76.7,54.0,0
ASSET-B3F06D09,2026-05-12,62.13,1.405,74.1,58.9,0
ASSET-B3F06D09,2026-05-13,65.67,1.72,81.9,56.2,0
ASSET-B3F06D09,2026-05-14,63.19,1.447,87.1,60.5,0
ASSET-B3F06D09,2026-05-15,64.92,1.194,86.0,42.2,0
ASSET-B3F06D09,2026-05-16,64.2,1.545,77.8,52.8,0
ASSET-B3F06D09,2026-05-17,64.01,1.662,82.6,50.0,0
ASSET-B3F06D09,2026-05-18,63.65,1.534,74.7,46.5,0
ASSET-B3F06D09,2026-05-19,63.6,1.42,81.7,32.9,0
ASSET-B3F06D09,2026-05-20,65.07,1.189,85.5,51.9,0
ASSET-B3F06D09,2026-05-21,59.55,1.79,87.2,55.8,0
ASSET-B3F06D09,2026-05-22,63.56,1.499,76.7,52.3,0
ASSET-B3F06D09,2026-05-23,67.74,1.406,77.1,53.0,0
ASSET-B3F06D09,2026-05-24,63.66,1.255,73.1,41.7,0
ASSET-B3F06D09,2026-05-25,64.84,1.463,88.3,62.1,0
ASSET-B3F06D09,2026-05-26,61.44,1.326,85.3,32.7,0
ASSET-B3F06D09,2026-05-27,63.24,1.572,77.7,49.1,0
ASSET-B3F06D09,2026-05-28,69.45,1.5,77.5,49.4,0
ASSET-B3F06D09,2026-05-29,67.78,2.121,79.9,47.9,0
ASSET-B3F06D09,2026-05-30,63.69,1.51,80.0,41.9,0
ASSET-B3F06D09,2026-05-31,68.75,1.381,75.2,60.7,0
ASSET-B3F06D09,2026-06-01,68.7,1.161,84.3,47.0,0
ASSET-B3F06D09,2026-06-02,62.96,1.324,83.2,56.6,0
ASSET-B3F06D09,2026-06-03,62.37,1.462,85.3,39.8,0
ASSET-B3F06D09,2026-06-04,68.97,1.638,90.8,48.5,0
ASSET-B3F06D09,2026-06-05,62.53,1.535,74.4,56.1,0
ASSET-B3F06D09,2026-06-06,66.13,1.175,82.2,48.3,0
ASSET-B3F06D09,2026-06-07,62.85,1.228,81.5,38.0,0
ASSET-B3F06D09,2026-06-08,67.31,1.488,87.3,58.2,0
ASSET-B3F06D09,2026-06-09,61.79,1.798,78.9,55.6,0
ASSET-B3F06D09,2026-06-10,66.32,1.454,84.1,44.3,0
ASSET-B3F06D09,2026-06-11,67.02,1.679,75.4,49.3,0
ASSET-B3F06D09,2026-06-12,62.17,1.813,85.8,65.1,0
ASSET-B3F06D09,2026-06-13,68.45,1.593,82.1,44.5,0
ASSET-B3F06D09,2026-06-14,68.88,1.246,79.0,60.2,0
ASSET-B3F06D09,2026-06-15,70.21,1.565,83.7,47.6,0
ASSET-B3F06D09,2026-06-16,66.11,1.469,81.2,52.6,0
ASSET-B3F06D09,2026-06-17,62.16,1.4,84.4,57.6,0
ASSET-B3F06D09,2026-06-18,63.03,1.281,71.4,50.0,0
ASSET-B3F06D09,2026-06-19,61.81,1.635,84.2,63.4,0
ASSET-B3F06D09,2026-06-20,65.95,1.611,71.1,69.1,0
ASSET-B3F06D09,2026-06-21,63.36,1.141,87.9,62.8,0
ASSET-B3F06D09,2026-06-22,68.61,1.248,69.3,58.3,0
ASSET-B3F06D09,2026-06-23,62.29,1.704,83.5,63.6,0
ASSET-B3F06D09,2026-06-24,59.37,1.702,77.6,51.2,0
ASSET-B3F06D09,2026-06-25,67.27,1.379,87.8,59.7,0
ASSET-B3F06D09,2026-06-26,68.57,1.278,87.2,69.1,0
ASSET-B3F06D09,2026-06-27,66.43,1.377,74.5,36.9,0
ASSET-B3F06D09,2026-06-28,64.01,1.255,81.3,46.3,0
ASSET-B3F06D09,2026-06-29,69.92,1.12,84.1,45.4,0
ASSET-B3F06D09,2026-06-30,67.04,1.405,84.4,34.4,0
ASSET-B3F06D09,2026-07-01,62.7,1.479,81.9,59.1,0
ASSET-B3F06D09,2026-07-02,67.93,1.818,76.9,44.2,0
ASSET-B3F06D09,2026-07-03,66.85,1.788,77.7,34.8,0
ASSET-B3F06D09,2026-07-04,64.9,1.598,77.0,37.6,0
ASSET-B3F06D09,2026-07-05,70.25,1.605,83.8,54.6,0
ASSET-B3F06D09,2026-07-06,66.36,1.24,86.3,45.8,0
ASSET-B3F06D09,2026-07-07,67.13,1.071,88.3,43.5,0
ASSET-B3F06D09,2026-07-08,62.07,1.259,77.3,37.7,0
ASSET-B3F06D09,2026-07-09,68.86,1.647,77.3,65.4,0
ASSET-B3F06D09,2026-07-10,65.36,1.46,84.0,55.9,0
ASSET-B3F06D09,2026-07-11,65.28,1.386,70.5,26.0,0
ASSET-B3F06D09,2026-07-12,67.79,1.669,75.8,38.7,0
ASSET-B3F06D09,2026-07-13,65.65,1.802,82.2,56.1,0
ASSET-B3F06D09,2026-07-14,64.18,1.708,74.1,59.3,0
ASSET-B3F06D09,2026-07-15,63.25,1.547,72.1,41.2,0
ASSET-B3F06D09,2026-07-16,64.72,1.421,76.9,22.8,0
ASSET-B3F06D09,2026-07-17,57.13,1.349,78.2,55.3,0
ASSET-B3F06D09,2026-07-18,64.38,1.225,76.8,63.2,0
ASSET-B3F06D09,2026-07-19,63.17,1.395,84.8,40.9,0
ASSET-B3F06D09,2026-07-20,64.13,1.848,79.7,56.8,0
ASSET-B3F06D09,2026-07-21,67.18,1.351,78.4,57.2,0
ASSET-B3F06D09,2026-07-22,61.33,1.322,84.4,79.1,0
ASSET-B3F06D09,2026-07-23,65.42,1.274,78.0,25.9,0
ASSET-B3F06D09,2026-07-24,66.31,1.459,69.0,46.2,0
ASSET-B3F06D09,2026-07-25,67.55,1.416,76.2,69.1,0
ASSET-B3F06D09,2026-07-26,66.4,1.542,88.4,55.7,0
ASSET-B3F06D09,2026-07-27,63.16,1.655,78.7,63.6,0
ASSET-B3F06D09,2026-07-28,65.0,1.256,70.4,32.5,0
ASSET-B3F06D09,2026-07-29,61.95,1.385,88.8,49.2,0
ASSET-B3F06D09,2026-07-30,62.16,1.649,93.0,40.2,0
ASSET-B3F06D09,2026-07-31,68.71,1.725,84.9,34.5,0
ASSET-B3F06D09,2026-08-01,65.79,1.254,85.7,58.7,0
ASSET-B3F06D09,2026-08-02,61.86,1.632,76.9,48.7,0
ASSET-B3F06D09,2026-08-03,60.99,1.745,79.9,38.1,0
ASSET-B3F06D09,2026-08-04,65.5,1.751,90.5,54.2,0
ASSET-B3F06D09,2026-08-05,68.57,1.694,79.1,56.9,0
ASSET-B3F06D09,2026-08-06,62.77,1.711,89.4,54.0,0
ASSET-B3F06D09,2026-08-07,70.53,1.58,82.4,59.5,0
ASSET-B3F06D09,2026-08-08,67.64,1.49,91.5,38.8,0
ASSET-B3F06D09,2026-08-09,64.46,1.628,73.0,59.5,0
ASSET-B3F06D09,2026-08-10,63.54,1.214,82.7,44.4,0
ASSET-B3F06D09,2026-08-11,67.83,1.342,89.5,33.0,0
ASSET-B3F06D09,2026-08-12,69.17,1.63,80.2,48.9,0
ASSET-B3F06D09,2026-08-13,62.38,1.366,76.9,46.6,0
ASSET-B3F06D09,2026-08-14,65.01,1.524,80.1,56.1,0
ASSET-B3F06D09,2026-08-15,63.29,1.627,74.2,38.2,0
ASSET-B3F06D09,2026-08-16,62.39,1.631,84.2,59.8,0
ASSET-B3F06D09,2026-08-17,66.61,1.231,83.8,48.3,0
ASSET-B3F06D09,2026-08-18,61.08,1.687,79.0,66.8,0
ASSET-B3F06D09,2026-08-19,65.06,1.386,82.7,57.1,0
ASSET-B3F06D09,2026-08-20,62.21,1.705,85.4,46.8,0
ASSET-B3F06D09,2026-08-21,64.57,1.123,78.8,55.7,0
ASSET-B3F06D09,2026-08-22,64.07,1.824,83.1,45.9,0
ASSET-B3F06D09,2026-08-23,64.79,1.536,77.4,49.5,0
ASSET-B3F06D09,2026-08-24,69.96,1.986,81.8,42.0,0
ASSET-B3F06D09,2026-08-25,67.48,1.103,80.9,54.2,0
ASSET-B3F06D09,2026-08-26,70.05,1.492,82.7,35.7,0
ASSET-B3F06D09,2026-08-27,68.31,1.518,83.0,36.7,0
ASSET-B3F06D09,2026-08-28,61.32,1.203,80.7,44.1,0
ASSET-B3F06D09,2026-08-29,65.91,1.655,85.5,74.0,0
ASSET-B3F06D09,2026-08-30,61.02,1.326,80.2,55.6,0
ASSET-B3F06D09,2026-08-31,62.5,1.614,80.2,62.6,0
ASSET-B3F06D09,2026-09-01,67.74,1.839,76.5,48.2,0
ASSET-B3F06D09,2026-09-02,67.92,1.396,75.0,51.8,0
ASSET-B3F06D09,2026-09-03,62.41,1.31,82.9,37.2,0
ASSET-B3F06D09,2026-09-04,65.21,1.607,78.3,39.0,0
ASSET-B3F06D09,2026-09-05,66.7,1.742,74.3,41.8,0
ASSET-B3F06D09,2026-09-06,64.21,1.199,80.8,50.8,0
ASSET-B3F06D09,2026-09-07,66.85,1.793,79.7,43.8,0
ASSET-B3F06D09,2026-09-08,58.97,1.495,73.4,52.1,0
ASSET-B3F06D09,2026-09-09,69.69,1.806,78.0,54.4,0
ASSET-B3F06D09,2026-09-10,66.7,1.287,72.5,42.4,0
ASSET-B3F06D09,2026-09-11,60.84,1.596,77.5,40.9,0
ASSET-B3F06D09,2026-09-12,63.46,1.556,85.0,42.2,0
ASSET-B3F06D09,2026-09-13,65.46,1.294,71.2,59.0,0
ASSET-B3F06D09,2026-09-14,64.64,1.774,75.0,56.7,0
ASSET-B3F06D09,2026-09-15,66.11,1.82,80.4,52.2,0
ASSET-A6645E6C,2026-03-20,60.9,1.505,76.7,55.8,0
ASSET-A6645E6C,2026-03-21,66.54,1.67,80.6,54.7,0
ASSET-A6645E6C,2026-03-22,64.61,1.801,79.2,43.4,0
ASSET-A6645E6C,2026-03-23,60.81,1.636,94.0,50.0,0
ASSET-A6645E6C,2026-03-24,66.13,1.662,83.0,48.4,0
ASSET-A6645E6C,2026-03-25,65.18,1.463,78.4,58.9,0
ASSET-A6645E6C,2026-03-26,69.4,1.56,75.5,45.4,0
ASSET-A6645E6C,2026-03-27,64.97,1.471,86.0,37.6,0
ASSET-A6645E6C,2026-03-28,66.61,1.714,85.9,28.5,0
ASSET-A6645E6C,2026-03-29,66.45,1.498,79.9,62.7,0
ASSET-A6645E6C,2026-03-30,61.42,1.591,74.5,46.0,0
ASSET-A6645E6C,2026-03-31,67.65,1.438,76.8,51.0,0
ASSET-A6645E6C,2026-04-01,65.73,1.577,75.2,57.1,0
ASSET-A6645E6C,2026-04-02,66.3,1.758,78.8,44.7,0
ASSET-A6645E6C,2026-04-03,66.05,1.214,87.6,40.0,0
ASSET-A6645E6C,2026-04-04,67.8,1.273,81.9,44.2,0
ASSET-A6645E6C,2026-04-05,64.82,1.683,77.4,43.7,0
ASSET-A6645E6C,2026-04-06,65.9,1.806,84.0,61.2,0
ASSET-A6645E6C,2026-04-07,64.33,1.315,76.9,59.2,0
ASSET-A6645E6C,2026-04-08,68.33,1.398,72.5,46.1,0
ASSET-A6645E6C,2026-04-09,60.93,1.569,83.9,51.9,0
ASSET-A6645E6C,2026-04-10,67.28,1.344,90.6,42.3,0
ASSET-A6645E6C,2026-04-11,67.35,1.566,79.2,62.5,0
ASSET-A6645E6C,2026-04-12,68.66,1.42,72.7,58.2,0
ASSET-A6645E6C,2026-04-13,64.51,1.433,80.3,38.5,0
ASSET-A6645E6C,2026-04-14,65.98,1.43,84.2,46.9,0
ASSET-A6645E6C,2026-04-15,62.1,1.426,76.7,46.3,0
ASSET-A6645E6C,2026-04-16,71.1,1.051,78.4,51.0,0
ASSET-A6645E6C,2026-04-17,65.74,1.649,91.3,50.5,0
ASSET-A6645E6C,2026-04-18,64.68,1.521,85.6,45.3,0
ASSET-A6645E6C,2026-04-19,63.04,1.473,84.3,61.3,0
ASSET-A6645E6C,2026-04-20,70.86,1.395,76.3,65.0,0
ASSET-A6645E6C,2026-04-21,70.08,1.593,78.0,65.5,0
ASSET-A6645E6C,2026-04-22,69.35,1.273,78.9,48.4,0
ASSET-A6645E6C,2026-04-23,63.29,1.586,83.5,60.2,0
ASSET-A6645E6C,2026-04-24,66.43,1.313,85.9,55.1,0
ASSET-A6645E6C,2026-04-25,61.65,2.114,79.0,54.2,0
ASSET-A6645E6C,2026-04-26,68.77,1.55,82.6,54.8,0
ASSET-A6645E6C,2026-04-27,62.22,1.343,76.1,51.1,0
ASSET-A6645E6C,2026-04-28,63.17,1.146,79.3,36.9,0
ASSET-A6645E6C,2026-04-29,61.83,1.515,82.7,49.9,0
ASSET-A6645E6C,2026-04-30,61.29,1.567,80.0,53.7,0
ASSET-A6645E6C,2026-05-01,64.4,1.641,81.1,26.4,0
ASSET-A6645E6C,2026-05-02,65.52,1.706,79.6,49.6,0
ASSET-A6645E6C,2026-05-03,66.52,1.686,73.9,54.7,0
ASSET-A6645E6C,2026-05-04,62.67,1.722,84.0,40.7,0
ASSET-A6645E6C,2026-05-05,64.26,1.284,74.2,43.7,0
ASSET-A6645E6C,2026-05-06,68.08,1.643,74.3,43.2,0
ASSET-A6645E6C,2026-05-07,61.86,1.486,85.8,53.8,0
ASSET-A6645E6C,2026-05-08,67.92,1.299,80.0,53.4,0
ASSET-A6645E6C,2026-05-09,56.91,1.539,77.5,59.2,0
ASSET-A6645E6C,2026-05-10,63.93,1.637,82.0,55.2,0
ASSET-A6645E6C,2026-05-11,56.54,1.169,81.0,39.7,0
ASSET-A6645E6C,2026-05-12,65.63,1.522,77.6,42.9,0
ASSET-A6645E6C,2026-05-13,69.39,1.164,86.1,48.8,0
ASSET-A6645E6C,2026-05-14,69.68,1.181,75.4,58.3,0
ASSET-A6645E6C,2026-05-15,68.32,1.747,80.2,45.8,0
ASSET-A6645E6C,2026-05-16,64.29,1.474,74.0,52.0,0
ASSET-A6645E6C,2026-05-17,68.13,1.472,87.5,55.1,0
ASSET-A6645E6C,2026-05-18,64.29,1.18,80.6,49.9,0
ASSET-A6645E6C,2026-05-19,64.67,1.43,78.1,62.6,0
ASSET-A6645E6C,2026-05-20,67.71,1.151,78.5,44.4,0
ASSET-A6645E6C,2026-05-21,62.01,1.609,82.4,39.2,0
ASSET-A6645E6C,2026-05-22,68.31,1.545,84.8,53.1,0
ASSET-A6645E6C,2026-05-23,60.98,1.669,90.2,28.6,0
ASSET-A6645E6C,2026-05-24,65.56,1.473,78.4,52.3,0
ASSET-A6645E6C,2026-05-25,65.27,1.716,76.4,44.1,0
ASSET-A6645E6C,2026-05-26,66.06,1.611,77.0,48.9,0
ASSET-A6645E6C,2026-05-27,64.69,1.758,76.6,60.8,0
ASSET-A6645E6C,2026-05-28,66.57,1.435,78.6,42.8,0
ASSET-A6645E6C,2026-05-29,69.03,1.154,84.1,52.0,0
ASSET-A6645E6C,2026-05-30,70.9,1.407,77.1,59.8,0
ASSET-A6645E6C,2026-05-31,70.49,1.682,70.7,50.1,0
ASSET-A6645E6C,2026-06-01,69.31,1.592,78.8,52.4,0
ASSET-A6645E6C,2026-06-02,61.91,1.024,83.2,44.0,0
ASSET-A6645E6C,2026-06-03,61.67,1.288,84.5,36.6,0
ASSET-A6645E6C,2026-06-04,65.68,1.982,73.6,57.7,0
ASSET-A6645E6C,2026-06-05,66.51,1.447,84.4,40.3,0
ASSET-A6645E6C,2026-06-06,67.51,1.481,74.4,54.4,0
ASSET-A6645E6C,2026-06-07,65.29,1.708,85.5,55.8,0
ASSET-A6645E6C,2026-06-08,63.73,1.67,79.8,59.9,0
ASSET-A6645E6C,2026-06-09,60.72,1.426,84.0,22.8,0
ASSET-A6645E6C,2026-06-10,63.75,1.908,75.3,44.7,0
ASSET-A6645E6C,2026-06-11,63.97,1.442,85.2,40.2,0
ASSET-A6645E6C,2026-06-12,63.08,1.661,75.1,57.3,0
ASSET-A6645E6C,2026-06-13,66.67,1.711,84.7,50.8,0
ASSET-A6645E6C,2026-06-14,65.85,1.37,84.1,58.6,0
ASSET-A6645E6C,2026-06-15,63.26,1.203,80.2,40.3,0
ASSET-A6645E6C,2026-06-16,60.31,1.675,80.5,49.3,0
ASSET-A6645E6C,2026-06-17,67.93,1.213,75.3,42.9,0
ASSET-A6645E6C,2026-06-18,68.56,1.539,83.4,50.5,0
ASSET-A6645E6C,2026-06-19,63.3,1.495,81.7,68.6,0
ASSET-A6645E6C,2026-06-20,69.27,1.29,88.1,40.1,0
ASSET-A6645E6C,2026-06-21,65.18,1.291,79.3,52.5,0
ASSET-A6645E6C,2026-06-22,66.89,1.54,73.5,51.7,0
ASSET-A6645E6C,2026-06-23,69.55,1.655,78.8,44.1,0
ASSET-A6645E6C,2026-06-24,59.87,1.231,78.9,52.0,0
ASSET-A6645E6C,2026-06-25,64.45,2.03,73.5,48.4,0
ASSET-A6645E6C,2026-06-26,71.08,1.294,76.1,48.6,0
ASSET-A6645E6C,2026-06-27,68.42,1.559,84.2,41.7,0
ASSET-A6645E6C,2026-06-28,70.63,1.577,91.0,44.5,0
ASSET-A6645E6C,2026-06-29,64.3,1.708,71.5,45.2,0
ASSET-A6645E6C,2026-06-30,64.22,1.366,75.7,60.2,0
ASSET-A6645E6C,2026-07-01,59.98,1.451,73.7,51.3,0
ASSET-A6645E6C,2026-07-02,61.93,1.832,73.7,50.8,0
ASSET-A6645E6C,2026-07-03,60.2,1.787,77.1,67.1,0
ASSET-A6645E6C,2026-07-04,61.17,1.598,82.4,30.0,0
ASSET-A6645E6C,2026-07-05,65.72,1.657,84.3,40.4,0
ASSET-A6645E6C,2026-07-06,63.6,1.26,83.8,43.3,0
ASSET-A6645E6C,2026-07-07,62.35,1.311,81.7,35.7,0
ASSET-A6645E6C,2026-07-08,65.03,1.321,72.0,57.5,0
ASSET-A6645E6C,2026-07-09,73.53,1.335,81.7,50.7,0
ASSET-A6645E6C,2026-07-10,63.0,1.396,87.9,34.9,0
ASSET-A6645E6C,2026-07-11,61.39,1.844,84.0,53.8,0
ASSET-A6645E6C,2026-07-12,68.42,1.482,78.2,53.9,0
ASSET-A6645E6C,2026-07-13,64.92,1.73,69.9,69.3,0
ASSET-A6645E6C,2026-07-14,64.12,1.284,75.9,61.2,0
ASSET-A6645E6C,2026-07-15,67.14,1.497,77.3,49.8,0
ASSET-A6645E6C,2026-07-16,63.23,1.74,77.9,60.1,0
ASSET-A6645E6C,2026-07-17,70.66,1.409,77.3,55.8,0
ASSET-A6645E6C,2026-07-18,66.48,1.159,82.5,55.8,0
ASSET-A6645E6C,2026-07-19,67.67,1.392,69.6,49.7,0
ASSET-A6645E6C,2026-07-20,64.21,1.39,80.5,36.8,0
ASSET-A6645E6C,2026-07-21,58.77,1.847,78.4,58.6,0
ASSET-A6645E6C,2026-07-22,65.52,1.475,84.6,51.3,0
ASSET-A6645E6C,2026-07-23,69.64,1.937,77.1,51.0,0
ASSET-A6645E6C,2026-07-24,63.39,1.294,78.2,37.5,0
ASSET-A6645E6C,2026-07-25,66.21,1.627,76.6,60.5,0
ASSET-A6645E6C,2026-07-26,66.15,1.576,77.6,49.2,0
ASSET-A6645E6C,2026-07-27,68.81,1.656,81.1,53.0,0
ASSET-A6645E6C,2026-07-28,69.66,1.557,83.8,48.9,0
ASSET-A6645E6C,2026-07-29,61.64,1.923,89.9,53.7,0
ASSET-A6645E6C,2026-07-30,68.55,1.298,88.7,59.1,0
ASSET-A6645E6C,2026-07-31,69.2,1.37,83.3,47.0,0
ASSET-A6645E6C,2026-08-01,69.81,1.622,92.6,47.2,0
ASSET-A6645E6C,2026-08-02,67.17,1.144,85.1,36.7,0
ASSET-A6645E6C,2026-08-03,65.7,1.803,81.7,28.0,0
ASSET-A6645E6C,2026-08-04,66.58,1.21,83.1,51.1,0
ASSET-A6645E6C,2026-08-05,70.11,1.561,87.1,49.4,0
ASSET-A6645E6C,2026-08-06,60.78,1.388,83.0,54.8,0
ASSET-A6645E6C,2026-08-07,60.56,1.249,75.0,63.0,0
ASSET-A6645E6C,2026-08-08,65.44,1.312,72.6,38.3,0
ASSET-A6645E6C,2026-08-09,64.55,1.333,84.9,38.1,0
ASSET-A6645E6C,2026-08-10,66.76,1.524,86.4,38.8,0
ASSET-A6645E6C,2026-08-11,64.25,1.342,80.9,56.5,0
ASSET-A6645E6C,2026-08-12,66.7,1.85,79.9,43.1,0
ASSET-A6645E6C,2026-08-13,73.52,1.528,78.3,39.1,0
ASSET-A6645E6C,2026-08-14,66.98,1.803,72.0,65.7,0
ASSET-A6645E6C,2026-08-15,64.22,1.139,83.3,48.6,0
ASSET-A6645E6C,2026-08-16,69.7,1.087,87.0,50.1,0
ASSET-A6645E6C,2026-08-17,55.84,1.693,83.2,51.7,0
ASSET-A6645E6C,2026-08-18,67.34,1.475,86.6,41.1,0
ASSET-A6645E6C,2026-08-19,62.3,1.738,76.8,54.8,0
ASSET-A6645E6C,2026-08-20,67.67,1.335,86.0,51.0,0
ASSET-A6645E6C,2026-08-21,61.24,1.581,75.4,39.9,0
ASSET-A6645E6C,2026-08-22,63.09,1.192,82.8,45.3,0
ASSET-A6645E6C,2026-08-23,68.81,1.149,77.1,49.4,0
ASSET-A6645E6C,2026-08-24,66.7,1.462,80.6,50.4,0
ASSET-A6645E6C,2026-08-25,62.57,1.544,72.4,66.2,0
ASSET-A6645E6C,2026-08-26,64.33,1.43,87.6,56.3,0
ASSET-A6645E6C,2026-08-27,68.64,1.447,78.7,40.3,0
ASSET-A6645E6C,2026-08-28,65.17,1.159,83.4,59.1,0
ASSET-A6645E6C,2026-08-29,65.76,1.611,74.2,50.7,0
ASSET-A6645E6C,2026-08-30,64.43,1.285,81.0,49.6,0
ASSET-A6645E6C,2026-08-31,67.44,1.454,83.3,53.2,0
ASSET-A6645E6C,2026-09-01,67.03,1.421,82.5,60.5,0
ASSET-A6645E6C,2026-09-02,67.42,1.306,75.0,50.3,0
ASSET-A6645E6C,2026-09-03,69.2,1.212,80.8,51.0,0
ASSET-A6645E6C,2026-09-04,67.25,1.411,72.9,49.3,0
ASSET-A6645E6C,2026-09-05,61.58,1.454,83.9,58.1,0
ASSET-A6645E6C,2026-09-06,67.75,1.725,83.0,47.7,0
ASSET-A6645E6C,2026-09-07,65.95,1.394,81.1,54.9,0
ASSET-A6645E6C,2026-09-08,63.87,1.799,76.4,51.0,0
ASSET-A6645E6C,2026-09-09,68.39,1.572,79.2,64.6,0
ASSET-A6645E6C,2026-09-10,69.55,1.401,76.4,47.0,0
ASSET-A6645E6C,2026-09-11,64.0,1.715,79.8,50.5,0
ASSET-A6645E6C,2026-09-12,65.57,1.259,81.8,55.9,0
ASSET-A6645E6C,2026-09-13,65.81,1.419,70.9,58.7,0
ASSET-A6645E6C,2026-09-14,66.38,1.715,82.1,53.8,0
ASSET-A6645E6C,2026-09-15,64.55,1.633,83.0,70.7,0
ASSET-9F1C3B2A,2026-03-20,64.81,1.533,75.6,32.6,0
ASSET-9F1C3B2A,2026-03-21,65.43,1.448,92.0,50.6,0
ASSET-9F1C3B2A,2026-03-22,65.53,1.324,78.8,38.3,0
ASSET-9F1C3B2A,2026-03-23,63.74,1.538,77.2,47.7,0
ASSET-9F1C3B2A,2026-03-24,67.44,1.821,84.6,55.4,0
ASSET-9F1C3B2A,2026-03-25,65.0,1.259,80.5,53.5,0
ASSET-9F1C3B2A,2026-03-26,64.3,1.72,95.4,57.0,0
ASSET-9F1C3B2A,2026-03-27,59.98,1.549,80.5,46.2,0
ASSET-9F1C3B2A,2026-03-28,63.01,1.362,87.3,42.0,0
ASSET-9F1C3B2A,2026-03-29,66.66,1.626,78.5,37.6,0
ASSET-9F1C3B2A,2026-03-30,68.86,1.252,80.9,63.8,0
ASSET-9F1C3B2A,2026-03-31,64.99,1.35,79.4,40.3,0
ASSET-9F1C3B2A,2026-04-01,65.14,1.209,75.9,65.1,0
ASSET-9F1C3B2A,2026-04-02,59.67,1.196,84.7,43.9,0
ASSET-9F1C3B2A,2026-04-03,66.98,1.562,79.8,43.9,0
ASSET-9F1C3B2A,2026-04-04,64.36,1.35,82.2,55.6,0
ASSET-9F1C3B2A,2026-04-05,68.18,1.551,81.3,68.0,0
ASSET-9F1C3B2A,2026-04-06,62.86,1.627,78.2,49.2,0
ASSET-9F1C3B2A,2026-04-07,65.18,1.559,79.7,61.4,0
ASSET-9F1C3B2A,2026-04-08,70.28,1.216,89.0,46.7,0
ASSET-9F1C3B2A,2026-04-09,62.86,1.222,79.6,47.0,0
ASSET-9F1C3B2A,2026-04-10,57.66,1.55,78.3,48.3,0
ASSET-9F1C3B2A,2026-04-11,64.27,1.453,82.1,43.5,0
ASSET-9F1C3B2A,2026-04-12,64.85,1.396,83.4,58.9,0
ASSET-9F1C3B2A,2026-04-13,67.91,1.371,86.4,51.5,0
ASSET-9F1C3B2A,2026-04-14,65.28,1.188,88.2,43.6,0
ASSET-9F1C3B2A,2026-04-15,62.39,1.664,82.8,60.4,0
ASSET-9F1C3B2A,2026-04-16,68.08,1.366,75.5,30.9,0
ASSET-9F1C3B2A,2026-04-17,67.28,1.573,76.0,47.7,0
ASSET-9F1C3B2A,2026-04-18,58.8,1.701,81.2,53.7,0
ASSET-9F1C3B2A,2026-04-19,61.42,1.651,82.4,51.7,0
ASSET-9F1C3B2A,2026-04-20,63.88,1.693,78.7,45.6,0
ASSET-9F1C3B2A,2026-04-21,65.15,1.897,79.0,46.4,0
ASSET-9F1C3B2A,2026-04-22,66.13,1.773,82.0,56.2,0
ASSET-9F1C3B2A,2026-04-23,68.11,1.637,78.0,54.7,0
ASSET-9F1C3B2A,2026-04-24,62.73,1.38,78.1,47.2,0
ASSET-9F1C3B2A,2026-04-25,63.61,1.412,82.3,58.1,0
ASSET-9F1C3B2A,2026-04-26,65.18,1.536,83.1,39.7,0
ASSET-9F1C3B2A,2026-04-27,64.81,1.17,72.9,53.7,0
ASSET-9F1C3B2A,2026-04-28,62.71,1.09,82.9,44.3,0
ASSET-9F1C3B2A,2026-04-29,65.97,1.35,80.7,38.4,0
ASSET-9F1C3B2A,2026-04-30,64.51,1.176,80.5,52.2,0
ASSET-9F1C3B2A,2026-05-01,64.26,1.576,76.2,52.2,0
ASSET-9F1C3B2A,2026-05-02,67.31,1.603,83.2,55.1,0
ASSET-9F1C3B2A,2026-05-03,66.12,1.19,79.5,56.6,0
ASSET-9F1C3B2A,2026-05-04,63.63,1.624,85.1,57.1,0
ASSET-9F1C3B2A,2026-05-05,68.42,1.408,77.9,50.0,0
ASSET-9F1C3B2A,2026-05-06,68.97,1.185,93.9,49.5,0
ASSET-9F1C3B2A,2026-05-07,64.99,1.534,75.8,43.4,0
ASSET-9F1C3B2A,2026-05-08,67.94,1.733,77.0,43.7,0
ASSET-9F1C3B2A,2026-05-09,61.66,1.421,85.3,43.3,0
ASSET-9F1C3B2A,2026-05-10,65.31,1.577,81.0,42.7,0
ASSET-9F1C3B2A,2026-05-11,63.14,1.357,76.2,58.0,0
ASSET-9F1C3B2A,2026-05-12,70.9,1.323,79.2,35.5,0
ASSET-9F1C3B2A,2026-05-13,67.64,1.491,85.7,54.8,0
ASSET-9F1C3B2A,2026-05-14,66.54,1.43,84.3,39.2,0
ASSET-9F1C3B2A,2026-05-15,65.14,1.632,76.8,51.9,0
ASSET-9F1C3B2A,2026-05-16,63.76,1.34,79.3,43.9,0
ASSET-9F1C3B2A,2026-05-17,66.27,1.244,69.5,40.6,0
ASSET-9F1C3B2A,2026-05-18,67.47,1.486,79.6,53.1,0
ASSET-9F1C3B2A,2026-05-19,62.5,1.359,85.8,55.6,0
ASSET-9F1C3B2A,2026-05-20,63.72,1.616,82.9,42.6,0
ASSET-9F1C3B2A,2026-05-21,70.74,1.326,82.9,53.1,0
ASSET-9F1C3B2A,2026-05-22,68.86,1.478,78.4,45.6,0
ASSET-9F1C3B2A,2026-05-23,66.83,1.459,81.8,31.5,0
ASSET-9F1C3B2A,2026-05-24,66.02,1.525,80.7,28.0,0
ASSET-9F1C3B2A,2026-05-25,69.75,1.513,88.4,61.9,0
ASSET-9F1C3B2A,2026-05-26,60.16,1.333,85.9,43.0,0
ASSET-9F1C3B2A,2026-05-27,70.95,1.387,82.8,43.8,0
ASSET-9F1C3B2A,2026-05-28,64.71,1.627,75.3,33.4,0
ASSET-9F1C3B2A,2026-05-29,61.67,1.16,79.4,39.2,0
ASSET-9F1C3B2A,2026-05-30,71.69,1.637,78.0,47.0,0
ASSET-9F1C3B2A,2026-05-31,62.1,1.324,88.5,37.1,0
ASSET-9F1C3B2A,2026-06-01,66.62,1.265,79.7,67.9,0
ASSET-9F1C3B2A,2026-06-02,76.18,1.319,81.8,54.9,0
ASSET-9F1C3B2A,2026-06-03,66.83,1.451,82.1,58.6,0
ASSET-9F1C3B2A,2026-06-04,66.09,1.45,67.9,55.8,0
ASSET-9F1C3B2A,2026-06-05,65.54,1.503,85.0,42.0,0
ASSET-9F1C3B2A,2026-06-06,64.6,1.41,65.7,42.5,0
ASSET-9F1C3B2A,2026-06-07,62.96,1.356,80.1,46.4,0
ASSET-9F1C3B2A,2026-06-08,67.9,1.65,77.7,51.4,0
ASSET-9F1C3B2A,2026-06-09,59.07,1.704,80.9,43.2,0
ASSET-9F1C3B2A,2026-06-10,66.2,1.297,84.1,38.4,0
ASSET-9F1C3B2A,2026-06-11,68.76,1.331,81.8,31.4,0
ASSET-9F1C3B2A,2026-06-12,63.64,1.459,72.8,55.3,0
ASSET-9F1C3B2A,2026-06-13,65.68,1.672,73.3,44.7,0
ASSET-9F1C3B2A,2026-06-14,65.32,1.035,82.4,43.3,0
ASSET-9F1C3B2A,2026-06-15,65.38,1.573,82.0,53.5,0
ASSET-9F1C3B2A,2026-06-16,65.99,1.506,75.0,40.5,0
ASSET-9F1C3B2A,2026-06-17,60.24,1.458,85.5,46.3,0
ASSET-9F1C3B2A,2026-06-18,65.05,1.336,73.1,56.7,0
ASSET-9F1C3B2A,2026-06-19,61.23,1.056,85.4,47.8,0
ASSET-9F1C3B2A,2026-06-20,64.84,2.181,74.3,65.9,0
ASSET-9F1C3B2A,2026-06-21,62.37,1.44,80.5,49.4,0
ASSET-9F1C3B2A,2026-06-22,66.95,1.792,85.2,39.6,0
ASSET-9F1C3B2A,2026-06-23,63.0,1.514,85.1,30.3,0
ASSET-9F1C3B2A,2026-06-24,66.36,1.429,78.0,56.8,0
ASSET-9F1C3B2A,2026-06-25,66.98,1.71,80.7,46.4,0
ASSET-9F1C3B2A,2026-06-26,64.97,1.766,85.0,45.7,0
ASSET-9F1C3B2A,2026-06-27,68.79,1.379,72.1,47.5,0
ASSET-9F1C3B2A,2026-06-28,66.26,1.309,72.4,40.4,0
ASSET-9F1C3B2A,2026-06-29,70.11,1.749,66.1,57.3,0
ASSET-9F1C3B2A,2026-06-30,62.28,1.172,77.0,46.3,0
ASSET-9F1C3B2A,2026-07-01,63.82,1.595,84.6,59.1,0
ASSET-9F1C3B2A,2026-07-02,66.24,1.567,78.5,53.3,0
ASSET-9F1C3B2A,2026-07-03,69.24,1.508,84.4,60.6,0
ASSET-9F1C3B2A,2026-07-04,68.87,1.206,74.4,57.2,0
ASSET-9F1C3B2A,2026-07-05,65.33,1.59,80.4,47.1,0
ASSET-9F1C3B2A,2026-07-06,63.95,1.458,84.2,49.9,0
ASSET-9F1C3B2A,2026-07-07,67.79,1.681,84.8,57.8,0
ASSET-9F1C3B2A,2026-07-08,71.94,1.733,80.9,59.8,0
ASSET-9F1C3B2A,2026-07-09,60.84,1.467,78.9,52.2,0
ASSET-9F1C3B2A,2026-07-10,65.71,1.247,83.4,47.1,0
ASSET-9F1C3B2A,2026-07-11,67.01,1.678,82.4,55.7,0
ASSET-9F1C3B2A,2026-07-12,63.31,1.443,79.4,50.5,0
ASSET-9F1C3B2A,2026-07-13,67.89,1.595,77.2,41.7,0
ASSET-9F1C3B2A,2026-07-14,68.43,1.625,74.1,57.4,0
ASSET-9F1C3B2A,2026-07-15,65.37,1.592,82.5,52.2,0
ASSET-9F1C3B2A,2026-07-16,65.58,1.685,94.3,51.0,0
ASSET-9F1C3B2A,2026-07-17,65.33,1.25,84.0,51.2,0
ASSET-9F1C3B2A,2026-07-18,60.66,1.329,77.2,42.7,0
ASSET-9F1C3B2A,2026-07-19,65.91,1.24,79.5,41.2,0
ASSET-9F1C3B2A,2026-07-20,65.67,1.651,84.1,63.4,0
ASSET-9F1C3B2A,2026-07-21,60.82,1.472,78.8,62.3,0
ASSET-9F1C3B2A,2026-07-22,62.56,1.399,77.8,41.8,0
ASSET-9F1C3B2A,2026-07-23,61.84,1.591,78.9,51.8,0
ASSET-9F1C3B2A,2026-07-24,64.51,1.539,82.0,45.3,0
ASSET-9F1C3B2A,2026-07-25,67.34,1.581,82.4,60.3,0
ASSET-9F1C3B2A,2026-07-26,64.03,1.903,82.4,53.8,0
ASSET-9F1C3B2A,2026-07-27,71.0,1.427,81.3,33.0,0
ASSET-9F1C3B2A,2026-07-28,60.58,1.543,76.4,33.9,0
ASSET-9F1C3B2A,2026-07-29,66.94,1.345,80.6,51.6,0
ASSET-9F1C3B2A,2026-07-30,67.33,1.703,78.7,54.5,0
ASSET-9F1C3B2A,2026-07-31,62.54,1.619,81.6,49.3,0
ASSET-9F1C3B2A,2026-08-01,65.25,1.661,83.2,66.2,0
ASSET-9F1C3B2A,2026-08-02,66.64,1.634,71.4,58.0,0
ASSET-9F1C3B2A,2026-08-03,65.04,2.02,68.5,42.9,0
ASSET-9F1C3B2A,2026-08-04,61.4,1.774,76.4,47.9,0
ASSET-9F1C3B2A,2026-08-05,65.88,1.407,74.3,38.1,0
ASSET-9F1C3B2A,2026-08-06,63.69,1.383,75.2,58.3,0
ASSET-9F1C3B2A,2026-08-07,61.47,1.619,85.0,31.3,0
ASSET-9F1C3B2A,2026-08-08,64.82,1.33,82.7,50.3,0
ASSET-9F1C3B2A,2026-08-09,60.04,1.732,88.3,57.2,0
ASSET-9F1C3B2A,2026-08-10,71.65,1.691,83.5,47.7,0
ASSET-9F1C3B2A,2026-08-11,63.11,1.352,70.2,42.5,0
ASSET-9F1C3B2A,2026-08-12,67.48,1.737,74.8,48.9,0
ASSET-9F1C3B2A,2026-08-13,63.63,1.799,80.4,55.4,0
ASSET-9F1C3B2A,2026-08-14,60.24,1.284,85.4,38.8,0
ASSET-9F1C3B2A,2026-08-15,65.81,0.923,77.1,46.6,0
ASSET-9F1C3B2A,2026-08-16,67.1,1.918,74.7,45.9,0
ASSET-9F1C3B2A,2026-08-17,66.11,1.465,73.2,49.7,0
ASSET-9F1C3B2A,2026-08-18,66.32,1.133,72.8,62.6,0
ASSET-9F1C3B2A,2026-08-19,57.81,1.402,72.2,61.0,0
ASSET-9F1C3B2A,2026-08-20,63.1,1.232,77.4,36.3,0
ASSET-9F1C3B2A,2026-08-21,61.03,1.58,73.4,62.3,0
ASSET-9F1C3B2A,2026-08-22,66.0,1.649,77.0,51.2,0
ASSET-9F1C3B2A,2026-08-23,64.85,1.374,78.9,43.9,0
ASSET-9F1C3B2A,2026-08-24,63.37,1.741,81.2,56.6,0
ASSET-9F1C3B2A,2026-08-25,69.45,1.312,86.7,53.2,0
ASSET-9F1C3B2A,2026-08-26,62.51,1.741,83.7,66.5,0
ASSET-9F1C3B2A,2026-08-27,65.04,1.505,70.4,56.5,0
ASSET-9F1C3B2A,2026-08-28,65.63,1.544,78.9,51.0,0
ASSET-9F1C3B2A,2026-08-29,65.38,1.508,73.4,46.6,0
ASSET-9F1C3B2A,2026-08-30,64.99,1.494,78.4,50.8,0
ASSET-9F1C3B2A,2026-08-31,69.32,1.496,80.1,45.3,0
ASSET-9F1C3B2A,2026-09-01,65.83,1.599,87.2,58.7,0
ASSET-9F1C3B2A,2026-09-02,69.52,1.475,77.3,52.1,0
ASSET-9F1C3B2A,2026-09-03,66.9,1.602,80.3,65.9,0
ASSET-9F1C3B2A,2026-09-04,62.38,1.574,77.5,57.2,0
ASSET-9F1C3B2A,2026-09-05,66.52,1.457,84.0,54.9,0
ASSET-9F1C3B2A,2026-09-06,70.02,1.702,78.2,46.0,0
ASSET-9F1C3B2A,2026-09-07,65.93,1.407,80.7,53.9,0
ASSET-9F1C3B2A,2026-09-08,63.2,1.52,76.7,39.5,0
ASSET-9F1C3B2A,2026-09-09,65.43,1.753,82.6,56.2,0
ASSET-9F1C3B2A,2026-09-10,62.91,1.453,75.3,44.8,0
ASSET-9F1C3B2A,2026-09-11,68.16,1.531,78.1,29.7,0
ASSET-9F1C3B2A,2026-09-12,67.19,1.28,78.8,44.6,0
ASSET-9F1C3B2A,2026-09-13,66.91,1.589,83.6,65.4,0
ASSET-9F1C3B2A,2026-09-14,64.63,1.525,78.6,49.3,0
ASSET-9F1C3B2A,2026-09-15,68.38,1.337,81.0,43.8,0
ASSET-40011DDA,2026-03-20,61.28,1.538,76.0,66.7,0
ASSET-40011DDA,2026-03-21,65.64,1.545,76.1,46.6,0
ASSET-40011DDA,2026-03-22,64.28,1.489,76.0,46.8,0
ASSET-40011DDA,2026-03-23,61.14,1.44,74.1,70.9,0
ASSET-40011DDA,2026-03-24,66.6,1.562,73.6,54.4,0
ASSET-40011DDA,2026-03-25,62.81,1.485,83.5,28.8,0
ASSET-40011DDA,2026-03-26,62.24,1.223,76.2,55.5,0
ASSET-40011DDA,2026-03-27,69.15,1.697,83.4,46.3,0
ASSET-40011DDA,2026-03-28,61.4,1.314,71.6,52.3,0
ASSET-40011DDA,2026-03-29,61.01,1.365,87.8,45.9,0
ASSET-40011DDA,2026-03-30,66.59,1.467,78.2,35.3,0
ASSET-40011DDA,2026-03-31,62.57,0.985,75.3,47.0,0
ASSET-40011DDA,2026-04-01,64.34,1.506,83.0,46.8,0
ASSET-40011DDA,2026-04-02,67.27,1.249,79.1,43.5,0
ASSET-40011DDA,2026-04-03,67.11,1.674,76.5,46.4,0
ASSET-40011DDA,2026-04-04,69.3,1.478,79.9,31.3,0
ASSET-40011DDA,2026-04-05,64.46,1.62,85.9,42.8,0
ASSET-40011DDA,2026-04-06,65.35,1.441,85.0,65.0,0
ASSET-40011DDA,2026-04-07,64.79,1.733,80.5,32.4,0
ASSET-40011DDA,2026-04-08,65.51,1.501,70.7,57.4,0
ASSET-40011DDA,2026-04-09,64.87,1.415,72.8,61.4,0
ASSET-40011DDA,2026-04-10,61.45,1.319,77.0,42.3,0
ASSET-40011DDA,2026-04-11,71.48,1.274,86.3,52.6,0
ASSET-40011DDA,2026-04-12,64.88,1.579,83.2,42.8,0
ASSET-40011DDA,2026-04-13,66.69,1.629,78.1,54.5,0
ASSET-40011DDA,2026-04-14,67.86,1.351,81.2,56.2,0
ASSET-40011DDA,2026-04-15,64.21,1.843,80.2,54.2,0
ASSET-40011DDA,2026-04-16,69.23,1.234,76.1,49.8,0
ASSET-40011DDA,2026-04-17,64.54,1.624,86.4,38.4,0
ASSET-40011DDA,2026-04-18,66.1,1.12,86.2,53.3,0
ASSET-40011DDA,2026-04-19,62.78,1.606,86.6,46.9,0
ASSET-40011DDA,2026-04-20,64.95,1.837,87.6,50.1,0
ASSET-40011DDA,2026-04-21,61.63,1.615,69.6,36.6,0
ASSET-40011DDA,2026-04-22,65.38,1.656,80.9,58.5,0
ASSET-40011DDA,2026-04-23,62.03,1.443,85.5,35.1,0
ASSET-40011DDA,2026-04-24,58.93,1.69,82.0,21.4,0
ASSET-40011DDA,2026-04-25,68.92,1.685,75.8,46.0,0
ASSET-40011DDA,2026-04-26,67.52,1.458,77.9,44.7,0
ASSET-40011DDA,2026-04-27,61.81,1.6,84.3,54.7,0
ASSET-40011DDA,2026-04-28,67.53,1.733,73.7,44.2,0
ASSET-40011DDA,2026-04-29,62.29,1.523,74.5,48.6,0
ASSET-40011DDA,2026-04-30,65.7,1.387,82.9,43.5,0
ASSET-40011DDA,2026-05-01,66.93,1.586,91.7,45.0,0
ASSET-40011DDA,2026-05-02,66.48,1.242,89.6,43.9,0
ASSET-40011DDA,2026-05-03,68.09,1.708,79.5,67.2,0
ASSET-40011DDA,2026-05-04,68.97,1.546,76.6,34.9,0
ASSET-40011DDA,2026-05-05,65.29,1.537,80.6,45.1,0
ASSET-40011DDA,2026-05-06,63.88,1.306,87.8,36.3,0
ASSET-40011DDA,2026-05-07,70.56,1.807,89.1,48.9,0
ASSET-40011DDA,2026-05-08,60.33,1.421,82.6,43.3,0
ASSET-40011DDA,2026-05-09,65.97,1.608,82.3,49.0,0
ASSET-40011DDA,2026-05-10,64.49,1.104,76.0,40.5,0
ASSET-40011DDA,2026-05-11,66.02,1.59,82.7,63.6,0
ASSET-40011DDA,2026-05-12,63.89,1.547,78.2,48.9,0
ASSET-40011DDA,2026-05-13,68.91,1.493,86.6,59.9,0
ASSET-40011DDA,2026-05-14,64.85,1.286,69.3,53.1,0
ASSET-40011DDA,2026-05-15,65.19,1.203,77.5,44.4,0
ASSET-40011DDA,2026-05-16,65.09,1.869,82.0,41.1,0
ASSET-40011DDA,2026-05-17,59.06,2.223,81.7,29.9,0
ASSET-40011DDA,2026-05-18,63.9,1.399,74.6,48.6,0
ASSET-40011DDA,2026-05-19,64.39,1.858,88.2,47.9,0
ASSET-40011DDA,2026-05-20,67.89,1.612,83.5,60.6,0
ASSET-40011DDA,2026-05-21,61.35,1.653,79.2,39.7,0
ASSET-40011DDA,2026-05-22,71.1,1.713,74.7,49.8,0
ASSET-40011DDA,2026-05-23,68.39,1.408,83.7,51.8,0
ASSET-40011DDA,2026-05-24,67.59,1.735,74.0,53.4,0
ASSET-40011DDA,2026-05-25,65.23,1.876,77.0,46.1,0
ASSET-40011DDA,2026-05-26,59.83,1.615,76.9,51.3,0
ASSET-40011DDA,2026-05-27,62.2,1.955,70.0,54.4,0
ASSET-40011DDA,2026-05-28,65.16,1.551,80.4,48.8,0
ASSET-40011DDA,2026-05-29,60.8,1.455,82.6,66.3,0
ASSET-40011DDA,2026-05-30,66.58,1.611,79.2,40.6,0
ASSET-40011DDA,2026-05-31,67.58,1.192,82.2,51.3,0
ASSET-40011DDA,2026-06-01,62.58,1.829,87.9,53.9,0
ASSET-40011DDA,2026-06-02,71.4,1.873,84.0,52.6,0
ASSET-40011DDA,2026-06-03,65.02,1.395,84.0,62.5,0
ASSET-40011DDA,2026-06-04,63.26,1.463,80.9,44.2,0
ASSET-40011DDA,2026-06-05,63.82,1.517,89.4,62.7,0
ASSET-40011DDA,2026-06-06,60.57,1.061,85.2,48.0,0
ASSET-40011DDA,2026-06-07,63.76,1.887,82.5,48.4,0
ASSET-40011DDA,2026-06-08,64.24,1.357,81.8,47.7,0
ASSET-40011DDA,2026-06-09,63.8,1.87,77.5,48.9,0
ASSET-40011DDA,2026-06-10,65.39,1.45,84.3,45.0,0
ASSET-40011DDA,2026-06-11,67.0,1.327,75.7,65.9,0
ASSET-40011DDA,2026-06-12,69.31,1.47,83.1,51.1,0
ASSET-40011DDA,2026-06-13,65.82,1.522,75.7,48.0,0
ASSET-40011DDA,2026-06-14,61.37,1.737,82.5,40.7,0
ASSET-40011DDA,2026-06-15,69.26,1.439,83.5,72.4,0
ASSET-40011DDA,2026-06-16,63.28,1.603,71.8,37.8,0
ASSET-40011DDA,2026-06-17,63.76,1.38,74.7,50.4,0
ASSET-40011DDA,2026-06-18,65.56,1.421,79.2,32.5,0
ASSET-40011DDA,2026-06-19,67.52,1.474,81.8,45.8,0
ASSET-40011DDA,2026-06-20,65.96,1.298,85.3,41.2,0
ASSET-40011DDA,2026-06-21,61.71,1.472,77.0,47.7,0
ASSET-40011DDA,2026-06-22,70.14,1.633,81.5,53.7,0
ASSET-40011DDA,2026-06-23,65.05,1.683,78.2,44.3,0
ASSET-40011DDA,2026-06-24,60.82,1.483,72.6,57.9,0
ASSET-40011DDA,2026-06-25,63.8,1.379,86.4,41.8,0
ASSET-40011DDA,2026-06-26,65.79,1.453,81.4,57.9,0
ASSET-40011DDA,2026-06-27,65.08,1.614,78.4,55.6,0
ASSET-40011DDA,2026-06-28,62.36,1.59,82.9,42.3,0
ASSET-40011DDA,2026-06-29,60.14,1.495,81.8,50.0,0
ASSET-40011DDA,2026-06-30,63.62,1.303,80.8,37.0,0
ASSET-40011DDA,2026-07-01,60.12,1.677,81.3,57.0,0
ASSET-40011DDA,2026-07-02,70.38,1.16,85.8,49.2,0
ASSET-40011DDA,2026-07-03,59.8,1.735,82.1,46.9,0
ASSET-40011DDA,2026-07-04,63.63,1.617,76.5,38.3,0
ASSET-40011DDA,2026-07-05,62.09,1.421,72.8,30.8,0
ASSET-40011DDA,2026-07-06,67.58,1.278,75.9,50.3,0
ASSET-40011DDA,2026-07-07,68.91,1.302,79.5,55.1,0
ASSET-40011DDA,2026-07-08,60.56,1.344,81.4,44.4,0
ASSET-40011DDA,2026-07-09,67.48,1.565,79.1,51.9,0
ASSET-40011DDA,2026-07-10,63.97,1.326,80.2,36.1,0
ASSET-40011DDA,2026-07-11,65.39,1.679,89.7,64.5,0
ASSET-40011DDA,2026-07-12,66.14,1.475,76.1,45.7,0
ASSET-40011DDA,2026-07-13,65.82,1.987,81.8,44.8,0
ASSET-40011DDA,2026-07-14,67.94,1.45,64.9,49.1,0
ASSET-40011DDA,2026-07-15,58.58,1.817,82.0,38.3,0
ASSET-40011DDA,2026-07-16,63.93,1.153,87.4,37.7,0
ASSET-40011DDA,2026-07-17,59.81,1.588,74.2,49.9,0
ASSET-40011DDA,2026-07-18,64.87,1.501,76.9,55.2,0
ASSET-40011DDA,2026-07-19,68.26,1.861,83.6,43.3,0
ASSET-40011DDA,2026-07-20,64.12,1.262,81.4,44.1,0
ASSET-40011DDA,2026-07-21,65.29,1.284,75.8,35.0,0
ASSET-40011DDA,2026-07-22,65.68,1.457,82.3,57.9,0
ASSET-40011DDA,2026-07-23,60.03,1.559,84.6,62.2,0
ASSET-40011DDA,2026-07-24,62.35,1.691,77.1,40.9,0
ASSET-40011DDA,2026-07-25,66.09,1.79,77.8,57.3,0
ASSET-40011DDA,2026-07-26,67.94,1.32,72.8,59.9,0
ASSET-40011DDA,2026-07-27,61.78,1.152,73.3,42.5,0
ASSET-40011DDA,2026-07-28,60.56,1.295,85.0,46.7,0
ASSET-40011DDA,2026-07-29,65.9,1.912,84.3,29.1,0
ASSET-40011DDA,2026-07-30,66.52,1.399,81.0,53.8,0
ASSET-40011DDA,2026-07-31,64.69,1.349,79.1,56.0,0
ASSET-40011DDA,2026-08-01,63.48,1.304,72.7,38.3,0
ASSET-40011DDA,2026-08-02,65.69,1.749,79.7,58.1,0
ASSET-40011DDA,2026-08-03,63.07,1.291,87.6,41.5,0
ASSET-40011DDA,2026-08-04,64.45,1.486,77.7,43.8,0
ASSET-40011DDA,2026-08-05,69.91,1.208,75.4,45.0,0
ASSET-40011DDA,2026-08-06,62.22,1.567,75.1,68.7,0
ASSET-40011DDA,2026-08-07,67.42,1.374,84.4,43.2,0
ASSET-40011DDA,2026-08-08,65.92,1.483,74.6,62.3,0
ASSET-40011DDA,2026-08-09,63.02,1.391,76.9,37.4,0
ASSET-40011DDA,2026-08-10,59.03,1.49,73.0,37.9,0
ASSET-40011DDA,2026-08-11,60.97,1.52,80.6,58.6,0
ASSET-40011DDA,2026-08-12,65.43,1.477,75.0,55.5,0
ASSET-40011DDA,2026-08-13,66.71,1.586,78.8,57.7,0
ASSET-40011DDA,2026-08-14,64.35,1.668,82.7,55.4,0
ASSET-40011DDA,2026-08-15,66.69,1.115,75.2,34.0,0
ASSET-40011DDA,2026-08-16,61.8,1.21,77.6,62.2,0
ASSET-40011DDA,2026-08-17,61.85,1.615,79.4,50.1,0
ASSET-40011DDA,2026-08-18,70.04,1.525,69.6,54.8,0
ASSET-40011DDA,2026-08-19,68.68,1.115,82.0,65.5,0
ASSET-40011DDA,2026-08-20,64.75,1.644,82.5,55.3,0
ASSET-40011DDA,2026-08-21,60.75,1.891,80.9,29.4,0
ASSET-40011DDA,2026-08-22,58.66,1.72,77.3,60.1,0
ASSET-40011DDA,2026-08-23,64.11,1.636,82.7,72.2,0
ASSET-40011DDA,2026-08-24,64.54,1.397,80.4,42.9,0
ASSET-40011DDA,2026-08-25,67.81,1.419,89.1,36.3,0
ASSET-40011DDA,2026-08-26,63.29,1.517,90.9,35.9,0
ASSET-40011DDA,2026-08-27,68.76,1.421,89.4,57.1,0
ASSET-40011DDA,2026-08-28,66.0,1.6,88.8,37.0,0
ASSET-40011DDA,2026-08-29,67.99,1.399,80.9,55.2,0
ASSET-40011DDA,2026-08-30,64.73,1.535,81.2,48.1,0
ASSET-40011DDA,2026-08-31,63.04,1.406,80.2,30.0,0
ASSET-40011DDA,2026-09-01,63.85,1.559,83.7,54.1,0
ASSET-40011DDA,2026-09-02,61.72,1.585,81.4,62.6,0
ASSET-40011DDA,2026-09-03,66.06,1.202,79.5,53.8,0
ASSET-40011DDA,2026-09-04,65.06,2.003,78.2,51.5,0
ASSET-40011DDA,2026-09-05,64.65,1.529,80.3,64.2,0
ASSET-40011DDA,2026-09-06,61.13,1.283,79.5,39.3,0
ASSET-40011DDA,2026-09-07,63.46,1.642,86.9,41.9,0
ASSET-40011DDA,2026-09-08,60.49,1.963,72.2,38.8,0
ASSET-40011DDA,2026-09-09,63.5,1.621,78.3,43.5,0
ASSET-40011DDA,2026-09-10,64.18,1.767,86.3,38.8,0
ASSET-40011DDA,2026-09-11,66.55,1.415,82.6,59.2,0
ASSET-40011DDA,2026-09-12,67.74,1.616,74.7,48.9,0
ASSET-40011DDA,2026-09-13,62.64,1.231,77.3,49.8,0
ASSET-40011DDA,2026-09-14,63.54,0.99,77.8,54.2,0
ASSET-40011DDA,2026-09-15,69.37,1.157,80.5,38.0,0
ASSET-2C17B8B6,2026-03-20,70.45,1.246,80.5,53.2,0
ASSET-2C17B8B6,2026-03-21,68.25,1.527,76.6,45.5,0
ASSET-2C17B8B6,2026-03-22,66.02,1.287,76.1,49.8,0
ASSET-2C17B8B6,2026-03-23,66.71,1.353,76.7,28.3,0
ASSET-2C17B8B6,2026-03-24,66.23,1.67,80.7,63.4,0
ASSET-2C17B8B6,2026-03-25,65.08,1.393,80.9,45.3,0
ASSET-2C17B8B6,2026-03-26,63.61,1.489,74.2,43.4,0
ASSET-2C17B8B6,2026-03-27,66.13,1.604,75.6,52.9,0
ASSET-2C17B8B6,2026-03-28,64.45,1.532,86.9,46.2,0
ASSET-2C17B8B6,2026-03-29,64.51,1.268,87.9,35.0,0
ASSET-2C17B8B6,2026-03-30,68.3,1.543,80.1,50.7,0
ASSET-2C17B8B6,2026-03-31,66.82,1.401,71.7,57.6,0
ASSET-2C17B8B6,2026-04-01,72.59,1.375,84.8,78.6,0
ASSET-2C17B8B6,2026-04-02,72.66,1.642,78.2,33.3,0
ASSET-2C17B8B6,2026-04-03,65.17,1.59,74.2,52.4,0
ASSET-2C17B8B6,2026-04-04,66.28,1.879,79.3,63.9,0
ASSET-2C17B8B6,2026-04-05,69.16,1.63,84.9,54.7,0
ASSET-2C17B8B6,2026-04-06,67.53,1.524,85.5,53.6,0
ASSET-2C17B8B6,2026-04-07,64.81,1.579,81.8,53.2,0
ASSET-2C17B8B6,2026-04-08,65.57,1.763,78.0,52.2,0
ASSET-2C17B8B6,2026-04-09,65.87,1.632,78.1,36.7,0
ASSET-2C17B8B6,2026-04-10,61.72,1.559,83.6,42.0,0
ASSET-2C17B8B6,2026-04-11,66.7,1.706,83.1,55.3,0
ASSET-2C17B8B6,2026-04-12,64.27,1.34,82.7,53.1,0
ASSET-2C17B8B6,2026-04-13,62.55,1.729,86.7,40.8,0
ASSET-2C17B8B6,2026-04-14,59.52,1.699,87.7,43.5,0
ASSET-2C17B8B6,2026-04-15,66.72,1.549,87.3,30.2,0
ASSET-2C17B8B6,2026-04-16,64.21,1.796,83.2,46.6,0
ASSET-2C17B8B6,2026-04-17,65.33,1.57,86.2,57.3,0
ASSET-2C17B8B6,2026-04-18,59.95,1.387,77.6,41.3,0
ASSET-2C17B8B6,2026-04-19,72.4,1.38,80.3,55.0,0
ASSET-2C17B8B6,2026-04-20,65.71,1.375,84.4,48.0,0
ASSET-2C17B8B6,2026-04-21,63.46,1.543,76.4,58.0,0
ASSET-2C17B8B6,2026-04-22,63.92,1.179,73.1,44.5,0
ASSET-2C17B8B6,2026-04-23,62.26,1.565,75.1,58.5,0
ASSET-2C17B8B6,2026-04-24,63.77,1.173,78.1,44.9,0
ASSET-2C17B8B6,2026-04-25,63.52,1.539,74.2,51.1,0
ASSET-2C17B8B6,2026-04-26,67.66,1.393,83.1,38.5,0
ASSET-2C17B8B6,2026-04-27,59.48,1.685,72.1,36.3,0
ASSET-2C17B8B6,2026-04-28,67.76,1.481,75.3,34.2,0
ASSET-2C17B8B6,2026-04-29,62.58,1.868,80.4,58.9,0
ASSET-2C17B8B6,2026-04-30,67.3,1.313,79.9,40.1,0
ASSET-2C17B8B6,2026-05-01,73.2,1.584,81.2,55.0,0
ASSET-2C17B8B6,2026-05-02,57.92,1.767,83.8,34.1,0
ASSET-2C17B8B6,2026-05-03,68.1,1.401,74.5,59.6,0
ASSET-2C17B8B6,2026-05-04,59.17,1.699,77.1,52.7,0
ASSET-2C17B8B6,2026-05-05,68.02,1.096,87.7,46.2,0
ASSET-2C17B8B6,2026-05-06,62.99,1.352,84.3,35.1,0
ASSET-2C17B8B6,2026-05-07,67.12,1.373,85.3,49.5,0
ASSET-2C17B8B6,2026-05-08,66.39,1.428,77.8,40.8,0
ASSET-2C17B8B6,2026-05-09,63.37,1.506,76.9,51.1,0
ASSET-2C17B8B6,2026-05-10,60.15,1.482,79.6,43.3,0
ASSET-2C17B8B6,2026-05-11,65.34,1.852,82.8,58.4,0
ASSET-2C17B8B6,2026-05-12,63.29,1.379,82.1,62.6,0
ASSET-2C17B8B6,2026-05-13,60.52,1.417,73.7,52.9,0
ASSET-2C17B8B6,2026-05-14,63.87,1.438,76.9,38.5,0
ASSET-2C17B8B6,2026-05-15,62.91,1.547,75.2,45.0,0
ASSET-2C17B8B6,2026-05-16,63.85,1.545,78.1,47.3,0
ASSET-2C17B8B6,2026-05-17,67.66,1.8,75.3,48.8,0
ASSET-2C17B8B6,2026-05-18,64.31,1.57,75.5,65.8,0
ASSET-2C17B8B6,2026-05-19,65.16,1.338,83.8,37.0,0
ASSET-2C17B8B6,2026-05-20,66.41,1.198,79.1,44.4,0
ASSET-2C17B8B6,2026-05-21,66.69,1.69,89.0,57.5,0
ASSET-2C17B8B6,2026-05-22,72.56,1.671,79.7,58.7,0
ASSET-2C17B8B6,2026-05-23,64.54,1.497,81.9,54.2,0
ASSET-2C17B8B6,2026-05-24,65.02,1.597,81.7,64.0,0
ASSET-2C17B8B6,2026-05-25,60.8,1.453,74.5,53.0,0
ASSET-2C17B8B6,2026-05-26,59.95,1.074,85.5,52.7,0
ASSET-2C17B8B6,2026-05-27,67.53,1.451,83.2,66.4,0
ASSET-2C17B8B6,2026-05-28,65.16,1.832,78.6,62.5,0
ASSET-2C17B8B6,2026-05-29,64.25,1.508,77.8,58.2,0
ASSET-2C17B8B6,2026-05-30,65.22,1.516,84.2,46.9,0
ASSET-2C17B8B6,2026-05-31,65.61,1.219,78.4,37.6,0
ASSET-2C17B8B6,2026-06-01,62.45,1.565,78.8,41.2,0
ASSET-2C17B8B6,2026-06-02,67.68,1.597,74.5,45.5,0
ASSET-2C17B8B6,2026-06-03,67.71,1.576,72.5,41.6,0
ASSET-2C17B8B6,2026-06-04,70.17,1.559,86.3,38.5,0
ASSET-2C17B8B6,2026-06-05,62.43,1.864,74.0,39.0,0
ASSET-2C17B8B6,2026-06-06,64.33,1.912,72.1,39.7,0
ASSET-2C17B8B6,2026-06-07,68.87,1.796,77.8,61.0,0
ASSET-2C17B8B6,2026-06-08,70.26,1.554,90.3,52.5,0
ASSET-2C17B8B6,2026-06-09,71.76,1.409,75.7,50.3,0
ASSET-2C17B8B6,2026-06-10,71.0,1.315,82.5,51.4,0
ASSET-2C17B8B6,2026-06-11,65.09,1.702,79.7,56.5,0
ASSET-2C17B8B6,2026-06-12,66.83,1.676,79.9,28.4,0
ASSET-2C17B8B6,2026-06-13,61.42,1.501,73.3,56.6,0
ASSET-2C17B8B6,2026-06-14,64.47,1.175,79.4,38.1,0
ASSET-2C17B8B6,2026-06-15,66.28,1.623,79.9,57.4,0
ASSET-2C17B8B6,2026-06-16,64.01,1.309,78.1,28.8,0
ASSET-2C17B8B6,2026-06-17,62.61,1.461,81.7,29.6,0
ASSET-2C17B8B6,2026-06-18,66.47,1.485,86.9,38.1,0
ASSET-2C17B8B6,2026-06-19,64.2,1.59,79.2,41.9,0
ASSET-2C17B8B6,2026-06-20,68.99,1.849,89.5,40.1,0
ASSET-2C17B8B6,2026-06-21,68.52,1.572,70.5,63.4,0
ASSET-2C17B8B6,2026-06-22,64.29,1.588,75.6,45.8,0
ASSET-2C17B8B6,2026-06-23,62.83,1.33,72.1,39.9,0
ASSET-2C17B8B6,2026-06-24,64.36,1.02,91.2,43.1,0
ASSET-2C17B8B6,2026-06-25,60.28,1.51,81.8,62.1,0
ASSET-2C17B8B6,2026-06-26,63.24,1.473,73.7,54.4,0
ASSET-2C17B8B6,2026-06-27,66.61,1.357,89.2,51.8,0
ASSET-2C17B8B6,2026-06-28,64.28,1.465,84.7,30.2,0
ASSET-2C17B8B6,2026-06-29,63.78,1.651,85.0,50.7,0
ASSET-2C17B8B6,2026-06-30,63.41,1.399,79.4,38.0,0
ASSET-2C17B8B6,2026-07-01,61.33,1.513,81.1,48.0,0
ASSET-2C17B8B6,2026-07-02,66.7,1.588,82.5,40.6,0
ASSET-2C17B8B6,2026-07-03,60.59,1.458,86.0,44.9,0
ASSET-2C17B8B6,2026-07-04,66.82,1.132,87.7,72.8,0
ASSET-2C17B8B6,2026-07-05,62.47,1.242,84.0,61.8,0
ASSET-2C17B8B6,2026-07-06,64.14,1.71,79.0,42.7,0
ASSET-2C17B8B6,2026-07-07,64.04,1.593,79.0,32.2,0
ASSET-2C17B8B6,2026-07-08,65.88,1.602,83.0,54.3,0
ASSET-2C17B8B6,2026-07-09,63.15,1.63,74.9,50.6,0
ASSET-2C17B8B6,2026-07-10,66.77,1.289,87.6,36.9,0
ASSET-2C17B8B6,2026-07-11,61.75,1.553,85.7,39.3,0
ASSET-2C17B8B6,2026-07-12,68.38,1.567,81.6,33.4,0
ASSET-2C17B8B6,2026-07-13,63.97,1.49,78.2,75.9,0
ASSET-2C17B8B6,2026-07-14,67.09,1.419,85.2,38.5,0
ASSET-2C17B8B6,2026-07-15,66.54,1.4,88.4,61.0,0
ASSET-2C17B8B6,2026-07-16,61.83,1.161,72.0,63.6,0
ASSET-2C17B8B6,2026-07-17,65.27,1.596,74.0,51.1,0
ASSET-2C17B8B6,2026-07-18,70.43,1.198,74.5,64.0,0
ASSET-2C17B8B6,2026-07-19,63.56,1.635,87.3,43.6,0
ASSET-2C17B8B6,2026-07-20,67.53,1.496,75.2,35.1,0
ASSET-2C17B8B6,2026-07-21,62.51,1.742,71.9,60.5,0
ASSET-2C17B8B6,2026-07-22,64.11,1.581,75.9,39.4,0
ASSET-2C17B8B6,2026-07-23,72.6,1.343,75.9,50.0,0
ASSET-2C17B8B6,2026-07-24,62.41,1.921,72.2,37.6,0
ASSET-2C17B8B6,2026-07-25,66.47,1.584,74.5,66.7,0
ASSET-2C17B8B6,2026-07-26,66.18,1.791,78.8,54.9,0
ASSET-2C17B8B6,2026-07-27,69.91,1.711,79.9,49.3,0
ASSET-2C17B8B6,2026-07-28,69.04,1.625,72.4,55.0,0
ASSET-2C17B8B6,2026-07-29,62.22,1.52,77.0,54.4,0
ASSET-2C17B8B6,2026-07-30,65.32,1.475,68.4,48.6,0
ASSET-2C17B8B6,2026-07-31,64.94,1.378,80.5,47.5,0
ASSET-2C17B8B6,2026-08-01,63.63,1.692,86.5,53.9,0
ASSET-2C17B8B6,2026-08-02,61.38,1.786,79.0,55.7,0
ASSET-2C17B8B6,2026-08-03,61.3,1.333,92.9,49.6,0
ASSET-2C17B8B6,2026-08-04,63.5,1.384,75.7,43.4,0
ASSET-2C17B8B6,2026-08-05,68.09,1.704,83.5,35.2,0
ASSET-2C17B8B6,2026-08-06,66.06,1.262,84.6,46.5,0
ASSET-2C17B8B6,2026-08-07,62.88,1.539,86.1,52.9,0
ASSET-2C17B8B6,2026-08-08,65.26,1.649,83.0,51.2,0
ASSET-2C17B8B6,2026-08-09,66.9,1.581,82.5,52.7,0
ASSET-2C17B8B6,2026-08-10,63.52,1.471,76.3,50.8,0
ASSET-2C17B8B6,2026-08-11,61.42,1.223,79.1,53.9,0
ASSET-2C17B8B6,2026-08-12,62.84,1.377,77.6,53.3,0
ASSET-2C17B8B6,2026-08-13,65.45,1.617,83.9,44.5,0
ASSET-2C17B8B6,2026-08-14,65.24,1.45,84.9,57.6,0
ASSET-2C17B8B6,2026-08-15,58.64,1.717,80.0,48.4,0
ASSET-2C17B8B6,2026-08-16,66.33,1.519,77.3,56.9,0
ASSET-2C17B8B6,2026-08-17,64.74,1.655,72.8,43.5,0
ASSET-2C17B8B6,2026-08-18,59.55,1.819,78.3,57.4,0
ASSET-2C17B8B6,2026-08-19,60.17,1.593,79.1,61.8,0
ASSET-2C17B8B6,2026-08-20,68.74,1.525,67.5,49.5,0
ASSET-2C17B8B6,2026-08-21,66.69,1.598,74.6,67.6,0
ASSET-2C17B8B6,2026-08-22,67.21,1.778,79.5,51.5,0
ASSET-2C17B8B6,2026-08-23,62.4,1.397,87.6,49.5,0
ASSET-2C17B8B6,2026-08-24,64.43,1.429,77.3,40.6,0
ASSET-2C17B8B6,2026-08-25,64.2,1.706,83.7,50.8,0
ASSET-2C17B8B6,2026-08-26,66.46,1.316,86.4,60.0,0
ASSET-2C17B8B6,2026-08-27,60.44,1.602,78.0,50.3,0
ASSET-2C17B8B6,2026-08-28,65.21,1.472,77.4,59.0,0
ASSET-2C17B8B6,2026-08-29,61.95,1.7,78.6,37.6,0
ASSET-2C17B8B6,2026-08-30,66.96,1.569,76.8,75.3,0
ASSET-2C17B8B6,2026-08-31,62.76,1.913,67.5,67.1,0
ASSET-2C17B8B6,2026-09-01,68.88,1.486,75.7,61.1,0
ASSET-2C17B8B6,2026-09-02,60.89,1.395,74.7,49.4,0
ASSET-2C17B8B6,2026-09-03,62.59,1.263,70.8,53.9,0
ASSET-2C17B8B6,2026-09-04,64.38,1.608,74.2,57.7,0
ASSET-2C17B8B6,2026-09-05,67.72,1.444,77.7,52.1,0
ASSET-2C17B8B6,2026-09-06,61.78,1.852,83.9,37.1,0
ASSET-2C17B8B6,2026-09-07,63.08,1.589,67.0,31.8,0
ASSET-2C17B8B6,2026-09-08,61.89,1.629,82.1,62.1,0
ASSET-2C17B8B6,2026-09-09,59.91,1.552,86.8,37.6,0
ASSET-2C17B8B6,2026-09-10,66.7,1.402,73.0,42.7,0
ASSET-2C17B8B6,2026-09-11,63.4,1.334,83.5,44.5,0
ASSET-2C17B8B6,2026-09-12,66.43,1.489,80.0,42.3,0
ASSET-2C17B8B6,2026-09-13,62.05,1.519,84.5,59.9,0
ASSET-2C17B8B6,2026-09-14,65.36,1.683,80.9,68.3,0
ASSET-2C17B8B6,2026-09-15,62.53,1.523,79.1,46.3,0
ASSET-6A321EFA,2026-03-20,67.0,1.536,85.7,40.9,0
ASSET-6A321EFA,2026-03-21,62.0,1.191,81.0,56.9,0
ASSET-6A321EFA,2026-03-22,63.72,1.478,84.3,33.0,0
ASSET-6A321EFA,2026-03-23,63.26,1.329,76.2,42.1,0
ASSET-6A321EFA,2026-03-24,71.9,1.237,82.1,42.1,0
ASSET-6A321EFA,2026-03-25,61.21,1.845,81.4,25.6,0
ASSET-6A321EFA,2026-03-26,63.42,1.35,80.9,27.4,0
ASSET-6A321EFA,2026-03-27,64.97,1.431,85.6,57.6,0
ASSET-6A321EFA,2026-03-28,66.92,1.589,72.9,38.5,0
ASSET-6A321EFA,2026-03-29,67.66,1.602,86.9,60.7,0
ASSET-6A321EFA,2026-03-30,66.04,1.553,77.6,59.6,0
ASSET-6A321EFA,2026-03-31,70.04,1.528,81.3,65.4,0
ASSET-6A321EFA,2026-04-01,64.38,1.873,74.2,36.6,0
ASSET-6A321EFA,2026-04-02,72.59,1.306,77.0,47.6,0
ASSET-6A321EFA,2026-04-03,58.03,1.433,80.7,59.1,0
ASSET-6A321EFA,2026-04-04,62.28,1.207,81.1,47.6,0
ASSET-6A321EFA,2026-04-05,62.37,1.672,73.7,60.2,0
ASSET-6A321EFA,2026-04-06,69.0,1.569,78.6,40.2,0
ASSET-6A321EFA,2026-04-07,63.39,1.711,80.9,47.9,0
ASSET-6A321EFA,2026-04-08,64.28,1.334,86.3,46.3,0
ASSET-6A321EFA,2026-04-09,67.14,1.226,86.2,45.6,0
ASSET-6A321EFA,2026-04-10,67.77,1.754,83.5,56.9,0
ASSET-6A321EFA,2026-04-11,64.33,1.687,81.4,42.5,0
ASSET-6A321EFA,2026-04-12,67.68,1.491,73.7,55.9,0
ASSET-6A321EFA,2026-04-13,63.56,1.553,84.7,39.4,0
ASSET-6A321EFA,2026-04-14,72.47,1.535,74.1,39.6,0
ASSET-6A321EFA,2026-04-15,67.22,1.568,80.0,51.0,0
ASSET-6A321EFA,2026-04-16,64.21,1.635,80.5,43.9,0
ASSET-6A321EFA,2026-04-17,59.91,1.426,84.2,57.3,0
ASSET-6A321EFA,2026-04-18,63.12,1.31,87.3,58.5,0
ASSET-6A321EFA,2026-04-19,64.95,1.548,74.4,65.4,0
ASSET-6A321EFA,2026-04-20,59.88,1.178,77.6,65.7,0
ASSET-6A321EFA,2026-04-21,62.72,1.437,80.1,53.5,0
ASSET-6A321EFA,2026-04-22,61.66,1.347,83.1,45.2,0
ASSET-6A321EFA,2026-04-23,63.35,1.591,81.0,63.3,0
ASSET-6A321EFA,2026-04-24,67.13,1.684,74.1,48.2,0
ASSET-6A321EFA,2026-04-25,69.78,1.417,78.3,57.2,0
ASSET-6A321EFA,2026-04-26,65.07,1.344,72.2,47.4,0
ASSET-6A321EFA,2026-04-27,62.38,1.31,84.0,44.7,0
ASSET-6A321EFA,2026-04-28,64.93,1.594,77.6,51.9,0
ASSET-6A321EFA,2026-04-29,63.82,1.525,81.0,44.4,0
ASSET-6A321EFA,2026-04-30,67.02,1.498,87.0,44.8,0
ASSET-6A321EFA,2026-05-01,63.31,1.837,80.9,53.3,0
ASSET-6A321EFA,2026-05-02,66.82,1.719,76.7,46.4,0
ASSET-6A321EFA,2026-05-03,64.8,1.545,77.0,32.6,0
ASSET-6A321EFA,2026-05-04,68.61,1.67,72.8,58.8,0
ASSET-6A321EFA,2026-05-05,65.26,1.528,72.4,46.9,0
ASSET-6A321EFA,2026-05-06,62.75,1.418,87.0,52.7,0
ASSET-6A321EFA,2026-05-07,62.68,1.284,86.9,49.3,0
ASSET-6A321EFA,2026-05-08,65.91,1.208,82.9,58.3,0
ASSET-6A321EFA,2026-05-09,63.43,1.397,74.7,42.4,0
ASSET-6A321EFA,2026-05-10,63.95,1.265,77.8,38.0,0
ASSET-6A321EFA,2026-05-11,63.83,1.362,85.9,42.7,0
ASSET-6A321EFA,2026-05-12,66.16,1.355,74.7,54.1,0
ASSET-6A321EFA,2026-05-13,64.18,1.597,73.0,44.7,0
ASSET-6A321EFA,2026-05-14,67.53,1.436,86.1,59.6,0
ASSET-6A321EFA,2026-05-15,67.54,1.745,78.0,62.3,0
ASSET-6A321EFA,2026-05-16,67.5,1.56,88.6,53.5,0
ASSET-6A321EFA,2026-05-17,60.41,1.366,82.7,38.5,0
ASSET-6A321EFA,2026-05-18,66.57,1.417,77.5,50.7,0
ASSET-6A321EFA,2026-05-19,66.44,1.889,83.5,47.1,0
ASSET-6A321EFA,2026-05-20,68.96,1.105,92.2,55.0,0
ASSET-6A321EFA,2026-05-21,68.96,1.496,82.5,68.6,0
ASSET-6A321EFA,2026-05-22,69.87,1.548,79.8,42.6,0
ASSET-6A321EFA,2026-05-23,68.26,1.618,82.6,40.7,0
ASSET-6A321EFA,2026-05-24,62.83,1.556,80.9,58.7,0
ASSET-6A321EFA,2026-05-25,62.59,1.305,79.8,43.1,0
ASSET-6A321EFA,2026-05-26,66.99,1.394,83.2,32.7,0
ASSET-6A321EFA,2026-05-27,67.3,1.447,83.0,55.7,0
ASSET-6A321EFA,2026-05-28,66.64,1.577,75.4,59.7,0
ASSET-6A321EFA,2026-05-29,68.73,1.691,79.1,48.2,0
ASSET-6A321EFA,2026-05-30,68.62,1.302,85.4,58.0,0
ASSET-6A321EFA,2026-05-31,66.19,1.504,84.3,48.5,0
ASSET-6A321EFA,2026-06-01,67.75,1.545,83.4,58.1,0
ASSET-6A321EFA,2026-06-02,65.89,1.365,67.7,39.1,0
ASSET-6A321EFA,2026-06-03,66.81,1.355,78.3,51.8,0
ASSET-6A321EFA,2026-06-04,64.93,0.909,85.0,48.5,0
ASSET-6A321EFA,2026-06-05,65.42,1.233,85.0,36.7,0
ASSET-6A321EFA,2026-06-06,63.96,1.833,82.1,75.8,0
ASSET-6A321EFA,2026-06-07,64.89,1.398,77.5,68.0,0
ASSET-6A321EFA,2026-06-08,62.08,1.546,85.1,45.6,0
ASSET-6A321EFA,2026-06-09,62.32,1.64,89.0,46.7,0
ASSET-6A321EFA,2026-06-10,64.2,1.737,84.8,51.9,0
ASSET-6A321EFA,2026-06-11,63.88,1.644,85.1,50.8,0
ASSET-6A321EFA,2026-06-12,61.19,1.441,73.6,61.0,0
ASSET-6A321EFA,2026-06-13,67.63,1.502,69.5,46.7,0
ASSET-6A321EFA,2026-06-14,70.01,1.432,80.3,53.1,0
ASSET-6A321EFA,2026-06-15,66.45,1.983,74.8,63.7,0
ASSET-6A321EFA,2026-06-16,64.06,1.724,86.9,45.7,0
ASSET-6A321EFA,2026-06-17,67.07,1.557,75.4,55.2,0
ASSET-6A321EFA,2026-06-18,65.02,1.605,83.8,39.9,0
ASSET-6A321EFA,2026-06-19,65.93,1.422,78.7,59.9,0
ASSET-6A321EFA,2026-06-20,61.14,1.536,90.8,40.7,0
ASSET-6A321EFA,2026-06-21,68.23,1.746,75.3,54.9,0
ASSET-6A321EFA,2026-06-22,58.83,1.544,86.2,55.4,0
ASSET-6A321EFA,2026-06-23,62.76,1.778,82.7,46.9,0
ASSET-6A321EFA,2026-06-24,67.57,1.508,80.3,44.7,0
ASSET-6A321EFA,2026-06-25,64.01,1.596,81.0,50.5,0
ASSET-6A321EFA,2026-06-26,64.7,1.304,82.3,33.5,0
ASSET-6A321EFA,2026-06-27,64.47,1.339,85.3,47.3,0
ASSET-6A321EFA,2026-06-28,61.61,1.597,84.7,60.4,0
ASSET-6A321EFA,2026-06-29,64.98,1.135,79.9,53.6,0
ASSET-6A321EFA,2026-06-30,66.59,1.52,85.3,51.1,0
ASSET-6A321EFA,2026-07-01,71.93,1.45,89.2,59.6,0
ASSET-6A321EFA,2026-07-02,62.82,1.331,77.9,57.3,0
ASSET-6A321EFA,2026-07-03,62.34,1.747,81.3,46.9,0
ASSET-6A321EFA,2026-07-04,63.59,1.636,82.2,32.4,0
ASSET-6A321EFA,2026-07-05,65.71,1.57,76.3,41.8,0
ASSET-6A321EFA,2026-07-06,61.99,1.718,73.7,43.1,0
ASSET-6A321EFA,2026-07-07,62.79,1.343,80.7,44.3,0
ASSET-6A321EFA,2026-07-08,65.51,1.449,69.6,45.9,0
ASSET-6A321EFA,2026-07-09,60.82,1.613,74.8,51.8,0
ASSET-6A321EFA,2026-07-10,64.58,1.249,72.2,55.8,0
ASSET-6A321EFA,2026-07-11,72.43,1.615,73.4,57.9,0
ASSET-6A321EFA,2026-07-12,64.36,1.48,85.3,51.0,0
ASSET-6A321EFA,2026-07-13,65.94,1.568,84.5,43.4,0
ASSET-6A321EFA,2026-07-14,67.58,1.323,87.5,67.5,0
ASSET-6A321EFA,2026-07-15,56.58,1.638,77.1,65.1,0
ASSET-6A321EFA,2026-07-16,65.63,1.339,86.8,38.0,0
ASSET-6A321EFA,2026-07-17,65.61,1.634,72.2,41.9,0
ASSET-6A321EFA,2026-07-18,70.8,1.828,84.1,42.4,0
ASSET-6A321EFA,2026-07-19,63.15,1.348,92.7,44.0,0
ASSET-6A321EFA,2026-07-20,65.27,1.677,76.7,52.1,0
ASSET-6A321EFA,2026-07-21,61.66,1.755,76.8,56.7,0
ASSET-6A321EFA,2026-07-22,62.06,1.83,77.0,55.6,0
ASSET-6A321EFA,2026-07-23,62.45,1.511,81.3,42.8,0
ASSET-6A321EFA,2026-07-24,64.62,1.491,73.3,58.2,0
ASSET-6A321EFA,2026-07-25,71.62,1.494,77.5,54.5,0
ASSET-6A321EFA,2026-07-26,64.77,1.353,85.4,62.0,0
ASSET-6A321EFA,2026-07-27,62.6,1.136,75.4,49.1,0
ASSET-6A321EFA,2026-07-28,63.79,1.555,81.6,54.5,0
ASSET-6A321EFA,2026-07-29,67.32,1.081,85.2,53.6,0
ASSET-6A321EFA,2026-07-30,64.1,1.572,72.3,42.2,0
ASSET-6A321EFA,2026-07-31,62.08,1.429,78.1,38.4,0
ASSET-6A321EFA,2026-08-01,68.46,1.385,76.8,48.0,0
ASSET-6A321EFA,2026-08-02,63.31,1.351,82.0,44.1,0
ASSET-6A321EFA,2026-08-03,64.35,1.242,85.1,48.0,0
ASSET-6A321EFA,2026-08-04,65.31,1.403,81.3,61.2,0
ASSET-6A321EFA,2026-08-05,66.56,1.576,81.3,48.7,0
ASSET-6A321EFA,2026-08-06,66.71,1.525,83.8,66.4,0
ASSET-6A321EFA,2026-08-07,63.14,1.567,78.4,50.8,0
ASSET-6A321EFA,2026-08-08,66.66,1.63,80.7,48.1,0
ASSET-6A321EFA,2026-08-09,67.18,1.841,82.5,58.5,0
ASSET-6A321EFA,2026-08-10,62.8,1.259,78.6,39.0,0
ASSET-6A321EFA,2026-08-11,68.91,1.455,72.4,39.3,0
ASSET-6A321EFA,2026-08-12,68.21,1.573,81.5,46.7,0
ASSET-6A321EFA,2026-08-13,62.55,1.662,87.6,54.2,0
ASSET-6A321EFA,2026-08-14,65.43,1.507,81.8,30.5,0
ASSET-6A321EFA,2026-08-15,66.71,1.678,63.3,49.8,0
ASSET-6A321EFA,2026-08-16,65.92,1.73,77.2,49.1,0
ASSET-6A321EFA,2026-08-17,66.15,1.406,75.1,76.2,0
ASSET-6A321EFA,2026-08-18,66.79,1.956,79.9,55.9,0
ASSET-6A321EFA,2026-08-19,66.3,1.48,74.3,61.2,0
ASSET-6A321EFA,2026-08-20,67.64,1.707,84.0,67.4,0
ASSET-6A321EFA,2026-08-21,67.91,1.553,86.4,53.1,0
ASSET-6A321EFA,2026-08-22,62.39,1.364,77.4,68.4,0
ASSET-6A321EFA,2026-08-23,66.55,1.557,85.2,70.8,0
ASSET-6A321EFA,2026-08-24,59.97,1.684,75.9,38.2,0
ASSET-6A321EFA,2026-08-25,59.5,1.698,76.4,47.9,0
ASSET-6A321EFA,2026-08-26,68.99,1.334,75.9,60.5,0
ASSET-6A321EFA,2026-08-27,67.5,1.452,87.2,68.2,0
ASSET-6A321EFA,2026-08-28,66.81,1.474,75.2,52.8,0
ASSET-6A321EFA,2026-08-29,65.19,1.644,80.3,37.0,0
ASSET-6A321EFA,2026-08-30,63.3,1.692,74.8,41.5,0
ASSET-6A321EFA,2026-08-31,61.31,1.663,78.3,52.3,0
ASSET-6A321EFA,2026-09-01,65.26,1.65,71.5,44.5,0
ASSET-6A321EFA,2026-09-02,63.31,1.666,72.1,31.0,0
ASSET-6A321EFA,2026-09-03,61.52,1.279,75.1,54.9,0
ASSET-6A321EFA,2026-09-04,60.5,1.107,82.6,41.7,0
ASSET-6A321EFA,2026-09-05,65.4,1.408,79.4,47.2,0
ASSET-6A321EFA,2026-09-06,66.03,1.451,76.0,54.3,0
ASSET-6A321EFA,2026-09-07,59.89,1.446,81.7,41.6,0
ASSET-6A321EFA,2026-09-08,62.51,1.876,83.9,60.9,0
ASSET-6A321EFA,2026-09-09,64.1,1.401,78.4,53.6,0
ASSET-6A321EFA,2026-09-10,65.47,1.599,83.5,29.5,0
ASSET-6A321EFA,2026-09-11,65.93,1.378,82.6,55.7,0
ASSET-6A321EFA,2026-09-12,60.11,1.9,80.5,37.4,0
ASSET-6A321EFA,2026-09-13,64.22,1.85,83.1,36.4,0
ASSET-6A321EFA,2026-09-14,64.01,1.233,74.9,58.0,0
ASSET-6A321EFA,2026-09-15,67.07,1.721,84.1,43.0,0
ASSET-2218C9F4,2026-03-20,65.62,1.5,85.4,53.4,0
ASSET-2218C9F4,2026-03-21,66.45,1.372,71.2,72.9,0
ASSET-2218C9F4,2026-03-22,56.24,1.874,77.1,67.2,0
ASSET-2218C9F4,2026-03-23,64.61,1.62,76.0,47.5,0
ASSET-2218C9F4,2026-03-24,68.69,1.378,86.7,34.8,0
ASSET-2218C9F4,2026-03-25,67.6,1.796,81.5,48.7,0
ASSET-2218C9F4,2026-03-26,66.67,1.496,84.5,58.8,0
ASSET-2218C9F4,2026-03-27,62.81,1.728,74.4,43.9,0
ASSET-2218C9F4,2026-03-28,70.53,1.572,76.0,37.4,0
ASSET-2218C9F4,2026-03-29,66.71,1.541,84.8,42.3,0
ASSET-2218C9F4,2026-03-30,62.83,1.232,80.8,40.1,0
ASSET-2218C9F4,2026-03-31,66.34,1.413,78.3,51.3,0
ASSET-2218C9F4,2026-04-01,64.33,1.261,78.3,47.5,0
ASSET-2218C9F4,2026-04-02,69.62,1.173,96.3,60.7,0
ASSET-2218C9F4,2026-04-03,65.69,1.297,84.7,41.5,0
ASSET-2218C9F4,2026-04-04,63.71,1.498,83.9,50.6,0
ASSET-2218C9F4,2026-04-05,66.15,1.372,77.1,57.1,0
ASSET-2218C9F4,2026-04-06,59.74,1.43,76.4,67.0,0
ASSET-2218C9F4,2026-04-07,66.74,1.656,78.8,44.8,0
ASSET-2218C9F4,2026-04-08,66.02,1.397,78.3,49.6,0
ASSET-2218C9F4,2026-04-09,75.19,1.276,73.8,55.8,0
ASSET-2218C9F4,2026-04-10,62.35,1.347,83.8,61.3,0
ASSET-2218C9F4,2026-04-11,65.18,1.428,77.1,44.7,0
ASSET-2218C9F4,2026-04-12,63.4,1.662,80.9,52.7,0
ASSET-2218C9F4,2026-04-13,64.22,1.515,80.9,40.5,0
ASSET-2218C9F4,2026-04-14,61.72,1.3,83.2,38.8,0
ASSET-2218C9F4,2026-04-15,64.42,1.839,93.6,46.1,0
ASSET-2218C9F4,2026-04-16,63.64,1.739,90.7,44.4,0
ASSET-2218C9F4,2026-04-17,66.12,1.365,84.4,53.8,0
ASSET-2218C9F4,2026-04-18,62.71,1.368,86.6,51.8,0
ASSET-2218C9F4,2026-04-19,66.13,1.712,83.1,33.7,0
ASSET-2218C9F4,2026-04-20,65.5,1.62,77.4,56.3,0
ASSET-2218C9F4,2026-04-21,67.35,1.281,78.2,61.8,0
ASSET-2218C9F4,2026-04-22,70.06,1.592,78.2,34.9,0
ASSET-2218C9F4,2026-04-23,66.23,1.457,81.3,46.9,0
ASSET-2218C9F4,2026-04-24,64.5,1.381,74.7,43.8,0
ASSET-2218C9F4,2026-04-25,66.59,1.098,85.9,60.8,0
ASSET-2218C9F4,2026-04-26,63.43,1.462,80.5,56.7,0
ASSET-2218C9F4,2026-04-27,64.74,1.496,79.8,50.4,0
ASSET-2218C9F4,2026-04-28,63.17,1.291,76.2,49.4,0
ASSET-2218C9F4,2026-04-29,67.54,1.402,80.6,47.1,0
ASSET-2218C9F4,2026-04-30,63.62,1.571,72.8,34.9,0
ASSET-2218C9F4,2026-05-01,59.96,1.217,74.4,56.5,0
ASSET-2218C9F4,2026-05-02,65.02,1.657,76.9,50.4,0
ASSET-2218C9F4,2026-05-03,65.63,1.507,77.2,67.6,0
ASSET-2218C9F4,2026-05-04,63.83,1.303,81.1,60.2,0
ASSET-2218C9F4,2026-05-05,60.35,1.505,75.8,26.8,0
ASSET-2218C9F4,2026-05-06,68.64,1.58,85.5,56.5,0
ASSET-2218C9F4,2026-05-07,65.44,1.265,82.1,40.5,0
ASSET-2218C9F4,2026-05-08,60.05,1.619,83.0,47.1,0
ASSET-2218C9F4,2026-05-09,64.64,1.429,78.6,63.8,0
ASSET-2218C9F4,2026-05-10,65.0,1.685,83.1,59.5,0
ASSET-2218C9F4,2026-05-11,67.45,1.799,90.2,40.3,0
ASSET-2218C9F4,2026-05-12,63.62,1.094,75.5,61.7,0
ASSET-2218C9F4,2026-05-13,62.25,1.357,88.8,48.5,0
ASSET-2218C9F4,2026-05-14,68.28,1.521,92.2,27.2,0
ASSET-2218C9F4,2026-05-15,67.92,1.691,74.7,40.9,0
ASSET-2218C9F4,2026-05-16,69.0,1.047,93.7,48.4,0
ASSET-2218C9F4,2026-05-17,68.55,1.709,76.6,50.9,0
ASSET-2218C9F4,2026-05-18,63.89,1.229,84.0,58.2,0
ASSET-2218C9F4,2026-05-19,61.57,1.477,82.9,40.7,0
ASSET-2218C9F4,2026-05-20,62.45,1.718,85.8,40.1,0
ASSET-2218C9F4,2026-05-21,68.98,1.648,78.5,54.2,0
ASSET-2218C9F4,2026-05-22,62.18,1.405,75.1,46.0,0
ASSET-2218C9F4,2026-05-23,62.59,1.478,88.5,54.3,0
ASSET-2218C9F4,2026-05-24,71.53,1.654,78.0,43.7,0
ASSET-2218C9F4,2026-05-25,66.22,1.779,76.3,42.0,0
ASSET-2218C9F4,2026-05-26,63.02,1.218,81.2,38.7,0
ASSET-2218C9F4,2026-05-27,57.39,1.491,79.3,52.4,0
ASSET-2218C9F4,2026-05-28,65.93,1.576,77.0,49.0,0
ASSET-2218C9F4,2026-05-29,61.58,1.363,80.4,54.7,0
ASSET-2218C9F4,2026-05-30,65.01,1.357,88.1,39.8,0
ASSET-2218C9F4,2026-05-31,69.62,1.592,86.7,64.1,0
ASSET-2218C9F4,2026-06-01,61.77,1.64,84.6,56.1,0
ASSET-2218C9F4,2026-06-02,61.11,1.567,84.8,55.5,0
ASSET-2218C9F4,2026-06-03,66.95,1.395,76.5,42.2,0
ASSET-2218C9F4,2026-06-04,64.06,1.262,83.0,53.0,0
ASSET-2218C9F4,2026-06-05,59.62,1.74,78.6,37.9,0
ASSET-2218C9F4,2026-06-06,61.91,1.428,77.7,45.9,0
ASSET-2218C9F4,2026-06-07,65.86,1.391,76.0,66.1,0
ASSET-2218C9F4,2026-06-08,72.37,1.777,87.3,38.5,0
ASSET-2218C9F4,2026-06-09,63.84,1.367,79.0,40.3,0
ASSET-2218C9F4,2026-06-10,64.66,1.537,73.2,48.6,0
ASSET-2218C9F4,2026-06-11,63.38,1.558,70.7,67.4,0
ASSET-2218C9F4,2026-06-12,64.86,1.605,75.2,44.3,0
ASSET-2218C9F4,2026-06-13,66.07,1.209,77.1,73.1,0
ASSET-2218C9F4,2026-06-14,63.04,1.363,73.4,55.4,0
ASSET-2218C9F4,2026-06-15,64.54,1.232,87.5,68.6,0
ASSET-2218C9F4,2026-06-16,66.84,1.696,84.6,54.5,0
ASSET-2218C9F4,2026-06-17,68.02,1.419,86.1,53.8,0
ASSET-2218C9F4,2026-06-18,61.27,1.971,81.2,31.6,0
ASSET-2218C9F4,2026-06-19,66.52,1.079,86.0,48.9,0
ASSET-2218C9F4,2026-06-20,72.69,1.477,80.7,44.3,0
ASSET-2218C9F4,2026-06-21,68.78,1.158,76.1,72.7,0
ASSET-2218C9F4,2026-06-22,63.59,1.344,79.3,61.0,0
ASSET-2218C9F4,2026-06-23,62.48,1.318,78.4,43.9,0
ASSET-2218C9F4,2026-06-24,70.22,1.717,79.7,44.9,0
ASSET-2218C9F4,2026-06-25,65.05,1.517,76.8,51.8,0
ASSET-2218C9F4,2026-06-26,66.74,1.847,82.8,43.1,0
ASSET-2218C9F4,2026-06-27,62.75,1.437,78.6,61.5,0
ASSET-2218C9F4,2026-06-28,67.22,1.608,74.9,21.9,0
ASSET-2218C9F4,2026-06-29,62.04,1.71,77.2,40.6,0
ASSET-2218C9F4,2026-06-30,58.83,1.415,79.0,35.8,0
ASSET-2218C9F4,2026-07-01,60.21,1.336,78.6,46.4,0
ASSET-2218C9F4,2026-07-02,65.05,1.273,90.7,41.5,0
ASSET-2218C9F4,2026-07-03,62.22,1.429,89.2,57.4,0
ASSET-2218C9F4,2026-07-04,71.05,1.216,79.1,43.9,0
ASSET-2218C9F4,2026-07-05,63.11,1.589,85.5,38.3,0
ASSET-2218C9F4,2026-07-06,60.54,1.724,81.4,52.1,0
ASSET-2218C9F4,2026-07-07,64.91,1.249,85.8,40.0,0
ASSET-2218C9F4,2026-07-08,66.03,1.369,87.9,65.8,0
ASSET-2218C9F4,2026-07-09,64.62,1.599,79.2,41.3,0
ASSET-2218C9F4,2026-07-10,64.79,1.529,72.1,46.4,0
ASSET-2218C9F4,2026-07-11,62.89,1.236,82.9,45.5,0
ASSET-2218C9F4,2026-07-12,69.78,1.53,85.1,58.1,0
ASSET-2218C9F4,2026-07-13,66.79,1.675,87.0,64.4,0
ASSET-2218C9F4,2026-07-14,63.99,1.189,81.9,60.3,0
ASSET-2218C9F4,2026-07-15,65.67,1.51,92.8,41.4,0
ASSET-2218C9F4,2026-07-16,65.59,1.183,82.6,59.7,0
ASSET-2218C9F4,2026-07-17,60.8,1.973,79.8,67.1,0
ASSET-2218C9F4,2026-07-18,58.9,1.705,74.5,60.1,0
ASSET-2218C9F4,2026-07-19,66.19,1.6,76.6,54.5,0
ASSET-2218C9F4,2026-07-20,63.54,1.345,81.3,50.3,0
ASSET-2218C9F4,2026-07-21,66.58,1.571,71.7,36.4,0
ASSET-2218C9F4,2026-07-22,63.16,1.247,80.4,51.2,0
ASSET-2218C9F4,2026-07-23,66.0,1.262,78.4,51.0,0
ASSET-2218C9F4,2026-07-24,61.64,1.529,81.3,39.5,0
ASSET-2218C9F4,2026-07-25,63.99,1.706,75.5,38.2,0
ASSET-2218C9F4,2026-07-26,60.79,1.676,75.0,46.3,0
ASSET-2218C9F4,2026-07-27,65.68,1.493,84.0,52.1,0
ASSET-2218C9F4,2026-07-28,60.2,1.697,88.5,61.4,0
ASSET-2218C9F4,2026-07-29,66.54,1.349,73.7,53.4,0
ASSET-2218C9F4,2026-07-30,60.64,1.307,78.1,59.6,0
ASSET-2218C9F4,2026-07-31,66.89,1.772,79.6,45.4,0
ASSET-2218C9F4,2026-08-01,66.11,1.492,79.2,36.8,0
ASSET-2218C9F4,2026-08-02,65.94,1.573,79.4,58.0,0
ASSET-2218C9F4,2026-08-03,67.38,1.548,75.0,53.6,0
ASSET-2218C9F4,2026-08-04,63.73,1.306,76.2,50.7,0
ASSET-2218C9F4,2026-08-05,61.46,1.309,67.5,65.0,0
ASSET-2218C9F4,2026-08-06,68.99,1.651,83.2,51.0,0
ASSET-2218C9F4,2026-08-07,61.83,1.542,82.0,49.6,0
ASSET-2218C9F4,2026-08-08,65.23,1.443,74.7,50.5,0
ASSET-2218C9F4,2026-08-09,63.84,1.565,77.9,55.7,0
ASSET-2218C9F4,2026-08-10,66.34,1.495,76.8,47.5,0
ASSET-2218C9F4,2026-08-11,61.04,1.459,81.8,56.1,0
ASSET-2218C9F4,2026-08-12,64.5,1.61,86.9,45.8,0
ASSET-2218C9F4,2026-08-13,68.35,2.068,73.2,66.1,0
ASSET-2218C9F4,2026-08-14,68.35,1.416,82.6,58.1,0
ASSET-2218C9F4,2026-08-15,67.69,1.51,79.0,39.7,0
ASSET-2218C9F4,2026-08-16,59.23,1.57,73.7,53.2,0
ASSET-2218C9F4,2026-08-17,67.24,1.624,75.1,51.5,0
ASSET-2218C9F4,2026-08-18,58.42,1.86,72.5,49.5,0
ASSET-2218C9F4,2026-08-19,69.98,1.739,80.2,68.2,0
ASSET-2218C9F4,2026-08-20,63.86,1.73,81.5,63.6,0
ASSET-2218C9F4,2026-08-21,67.31,1.975,76.3,71.9,0
ASSET-2218C9F4,2026-08-22,68.98,2.139,70.6,67.8,0
ASSET-2218C9F4,2026-08-23,64.84,2.106,82.7,74.4,0
ASSET-2218C9F4,2026-08-24,70.84,2.33,81.2,84.1,0
ASSET-2218C9F4,2026-08-25,75.62,2.536,78.2,115.8,0
ASSET-2218C9F4,2026-08-26,66.34,2.422,79.7,119.4,0
ASSET-2218C9F4,2026-08-27,71.96,2.808,77.0,121.3,0
ASSET-2218C9F4,2026-08-28,81.84,2.158,73.6,144.1,0
ASSET-2218C9F4,2026-08-29,76.05,3.097,68.4,127.1,0
ASSET-2218C9F4,2026-08-30,78.34,3.271,65.5,138.9,0
ASSET-2218C9F4,2026-08-31,75.2,2.602,67.0,163.5,0
ASSET-2218C9F4,2026-09-01,74.49,3.438,67.3,160.4,0
ASSET-2218C9F4,2026-09-02,76.3,3.233,71.0,199.5,0
ASSET-2218C9F4,2026-09-03,75.98,3.311,56.9,150.4,0
ASSET-2218C9F4,2026-09-04,78.78,3.302,62.1,192.4,0
ASSET-2218C9F4,2026-09-05,76.85,3.904,77.1,160.8,0
ASSET-2218C9F4,2026-09-06,85.8,3.941,67.2,175.1,0
ASSET-2218C9F4,2026-09-07,84.14,2.892,51.0,162.4,0
ASSET-2218C9F4,2026-09-08,89.35,4.139,63.9,190.9,0
ASSET-2218C9F4,2026-09-09,83.32,4.579,68.5,147.1,0
ASSET-2218C9F4,2026-09-10,79.43,4.6,65.4,243.4,0
ASSET-2218C9F4,2026-09-11,87.26,4.271,55.1,173.0,0
ASSET-2218C9F4,2026-09-12,83.95,4.515,57.4,203.0,0
ASSET-2218C9F4,2026-09-13,85.23,3.777,58.9,263.3,0
ASSET-2218C9F4,2026-09-14,94.61,4.466,52.1,166.4,0
ASSET-2218C9F4,2026-09-15,93.58,5.368,49.3,238.5,1
ASSET-E76BDD1C,2026-03-20,70.41,1.534,77.6,52.6,0
ASSET-E76BDD1C,2026-03-21,64.47,1.445,81.8,47.0,0
ASSET-E76BDD1C,2026-03-22,68.19,1.755,79.8,34.8,0
ASSET-E76BDD1C,2026-03-23,64.15,1.329,88.1,47.9,0
ASSET-E76BDD1C,2026-03-24,59.3,1.048,92.3,45.5,0
ASSET-E76BDD1C,2026-03-25,63.09,1.209,82.9,51.4,0
ASSET-E76BDD1C,2026-03-26,65.24,1.511,82.9,45.0,0
ASSET-E76BDD1C,2026-03-27,63.27,1.507,72.7,60.6,0
ASSET-E76BDD1C,2026-03-28,68.69,1.626,80.5,48.9,0
ASSET-E76BDD1C,2026-03-29,59.92,1.48,78.7,32.1,0
ASSET-E76BDD1C,2026-03-30,66.66,1.571,74.8,37.4,0
ASSET-E76BDD1C,2026-03-31,65.59,1.449,81.0,57.1,0
ASSET-E76BDD1C,2026-04-01,63.62,1.409,77.1,49.0,0
ASSET-E76BDD1C,2026-04-02,65.82,1.34,90.3,63.6,0
ASSET-E76BDD1C,2026-04-03,64.22,1.718,72.8,40.3,0
ASSET-E76BDD1C,2026-04-04,66.57,1.46,79.4,50.2,0
ASSET-E76BDD1C,2026-04-05,66.75,1.878,73.9,38.7,0
ASSET-E76BDD1C,2026-04-06,63.2,1.32,70.9,42.4,0
ASSET-E76BDD1C,2026-04-07,62.18,1.792,85.9,50.8,0
ASSET-E76BDD1C,2026-04-08,61.22,1.506,78.0,48.8,0
ASSET-E76BDD1C,2026-04-09,61.84,1.509,88.1,52.8,0
ASSET-E76BDD1C,2026-04-10,66.86,1.352,80.1,51.7,0
ASSET-E76BDD1C,2026-04-11,66.29,1.594,83.9,34.2,0
ASSET-E76BDD1C,2026-04-12,64.55,1.383,75.8,50.7,0
ASSET-E76BDD1C,2026-04-13,65.91,1.72,77.7,44.5,0
ASSET-E76BDD1C,2026-04-14,63.41,1.537,79.0,36.1,0
ASSET-E76BDD1C,2026-04-15,67.08,1.334,78.6,44.5,0
ASSET-E76BDD1C,2026-04-16,64.26,1.496,87.3,68.1,0
ASSET-E76BDD1C,2026-04-17,64.5,1.681,75.2,45.3,0
ASSET-E76BDD1C,2026-04-18,63.99,1.591,69.4,37.3,0
ASSET-E76BDD1C,2026-04-19,62.82,1.214,73.9,46.6,0
ASSET-E76BDD1C,2026-04-20,68.31,1.706,79.9,53.5,0
ASSET-E76BDD1C,2026-04-21,62.56,1.436,78.7,52.5,0
ASSET-E76BDD1C,2026-04-22,74.06,1.331,75.5,60.8,0
ASSET-E76BDD1C,2026-04-23,66.49,1.706,79.8,38.6,0
ASSET-E76BDD1C,2026-04-24,62.82,1.719,80.9,51.2,0
ASSET-E76BDD1C,2026-04-25,67.09,1.834,82.6,62.7,0
ASSET-E76BDD1C,2026-04-26,66.38,1.472,88.0,47.0,0
ASSET-E76BDD1C,2026-04-27,69.62,1.481,74.7,55.4,0
ASSET-E76BDD1C,2026-04-28,69.52,1.797,80.4,53.3,0
ASSET-E76BDD1C,2026-04-29,63.22,1.109,80.3,49.0,0
ASSET-E76BDD1C,2026-04-30,67.12,1.792,77.0,55.6,0
ASSET-E76BDD1C,2026-05-01,68.67,1.15,85.8,55.5,0
ASSET-E76BDD1C,2026-05-02,67.93,1.237,81.4,56.7,0
ASSET-E76BDD1C,2026-05-03,60.48,1.397,79.0,45.0,0
ASSET-E76BDD1C,2026-05-04,66.41,1.701,78.1,49.6,0
ASSET-E76BDD1C,2026-05-05,65.53,1.689,90.2,36.1,0
ASSET-E76BDD1C,2026-05-06,60.71,1.414,77.5,60.6,0
ASSET-E76BDD1C,2026-05-07,61.42,1.583,88.7,56.5,0
ASSET-E76BDD1C,2026-05-08,70.62,1.437,79.6,38.4,0
ASSET-E76BDD1C,2026-05-09,65.61,1.893,71.4,58.1,0
ASSET-E76BDD1C,2026-05-10,68.1,1.636,80.2,47.7,0
ASSET-E76BDD1C,2026-05-11,67.35,1.621,75.2,57.6,0
ASSET-E76BDD1C,2026-05-12,67.28,1.775,88.3,33.5,0
ASSET-E76BDD1C,2026-05-13,69.29,1.596,77.5,51.5,0
ASSET-E76BDD1C,2026-05-14,68.28,1.431,79.2,60.0,0
ASSET-E76BDD1C,2026-05-15,69.87,1.186,87.8,19.4,0
ASSET-E76BDD1C,2026-05-16,66.91,1.593,79.1,39.5,0
ASSET-E76BDD1C,2026-05-17,62.41,1.274,80.1,46.5,0
ASSET-E76BDD1C,2026-05-18,62.89,1.281,91.3,51.7,0
ASSET-E76BDD1C,2026-05-19,62.6,1.462,76.9,34.8,0
ASSET-E76BDD1C,2026-05-20,65.7,1.474,79.2,51.0,0
ASSET-E76BDD1C,2026-05-21,69.24,1.544,81.3,44.0,0
ASSET-E76BDD1C,2026-05-22,67.28,1.32,75.0,41.6,0
ASSET-E76BDD1C,2026-05-23,68.15,1.667,83.5,38.9,0
ASSET-E76BDD1C,2026-05-24,66.08,1.608,82.5,58.0,0
ASSET-E76BDD1C,2026-05-25,65.29,1.529,73.9,40.2,0
ASSET-E76BDD1C,2026-05-26,63.34,1.374,81.4,64.5,0
ASSET-E76BDD1C,2026-05-27,68.45,1.494,74.6,62.4,0
ASSET-E76BDD1C,2026-05-28,70.62,1.573,79.5,50.3,0
ASSET-E76BDD1C,2026-05-29,65.1,1.382,80.8,37.5,0
ASSET-E76BDD1C,2026-05-30,60.23,1.463,80.2,51.8,0
ASSET-E76BDD1C,2026-05-31,65.54,1.631,73.6,29.6,0
ASSET-E76BDD1C,2026-06-01,65.04,1.542,70.7,59.6,0
ASSET-E76BDD1C,2026-06-02,72.21,1.638,75.7,61.8,0
ASSET-E76BDD1C,2026-06-03,61.39,1.582,82.2,43.1,0
ASSET-E76BDD1C,2026-06-04,65.46,1.891,76.2,32.8,0
ASSET-E76BDD1C,2026-06-05,64.84,1.472,81.7,47.5,0
ASSET-E76BDD1C,2026-06-06,64.2,1.56,88.7,49.8,0
ASSET-E76BDD1C,2026-06-07,65.31,1.711,73.9,42.0,0
ASSET-E76BDD1C,2026-06-08,64.82,1.544,79.9,42.3,0
ASSET-E76BDD1C,2026-06-09,57.68,1.277,78.5,45.0,0
ASSET-E76BDD1C,2026-06-10,64.37,1.655,94.3,51.9,0
ASSET-E76BDD1C,2026-06-11,64.83,1.76,82.4,34.5,0
ASSET-E76BDD1C,2026-06-12,66.46,1.723,85.7,73.0,0
ASSET-E76BDD1C,2026-06-13,67.11,1.578,86.4,39.6,0
ASSET-E76BDD1C,2026-06-14,68.37,1.542,79.4,36.2,0
ASSET-E76BDD1C,2026-06-15,62.67,1.502,78.3,50.3,0
ASSET-E76BDD1C,2026-06-16,66.26,1.347,79.0,56.3,0
ASSET-E76BDD1C,2026-06-17,63.75,1.638,71.1,41.7,0
ASSET-E76BDD1C,2026-06-18,58.87,1.395,77.1,59.5,0
ASSET-E76BDD1C,2026-06-19,61.83,1.519,82.4,61.1,0
ASSET-E76BDD1C,2026-06-20,69.19,1.813,74.1,33.7,0
ASSET-E76BDD1C,2026-06-21,67.6,1.357,81.8,51.7,0
ASSET-E76BDD1C,2026-06-22,69.15,1.289,75.7,67.1,0
ASSET-E76BDD1C,2026-06-23,64.13,1.435,80.5,49.8,0
ASSET-E76BDD1C,2026-06-24,65.26,1.852,83.1,38.4,0
ASSET-E76BDD1C,2026-06-25,67.24,1.339,77.2,37.2,0
ASSET-E76BDD1C,2026-06-26,67.81,1.599,81.3,33.7,0
ASSET-E76BDD1C,2026-06-27,62.07,1.479,75.3,53.7,0
ASSET-E76BDD1C,2026-06-28,72.34,1.55,71.1,50.7,0
ASSET-E76BDD1C,2026-06-29,65.75,1.402,76.5,62.8,0
ASSET-E76BDD1C,2026-06-30,65.29,1.714,86.8,54.5,0
ASSET-E76BDD1C,2026-07-01,67.55,1.28,82.7,59.0,0
ASSET-E76BDD1C,2026-07-02,64.34,1.142,78.4,51.0,0
ASSET-E76BDD1C,2026-07-03,71.39,1.588,82.4,59.2,0
ASSET-E76BDD1C,2026-07-04,65.16,1.563,78.9,50.3,0
ASSET-E76BDD1C,2026-07-05,59.5,1.714,76.8,60.1,0
ASSET-E76BDD1C,2026-07-06,60.67,1.586,80.3,61.4,0
ASSET-E76BDD1C,2026-07-07,66.16,1.203,75.3,53.9,0
ASSET-E76BDD1C,2026-07-08,64.99,1.561,83.4,46.4,0
ASSET-E76BDD1C,2026-07-09,63.41,1.547,70.7,76.7,0
ASSET-E76BDD1C,2026-07-10,63.61,1.778,65.6,55.9,0
ASSET-E76BDD1C,2026-07-11,60.83,1.081,77.9,49.3,0
ASSET-E76BDD1C,2026-07-12,62.41,1.625,73.1,65.2,0
ASSET-E76BDD1C,2026-07-13,67.83,1.729,77.3,55.7,0
ASSET-E76BDD1C,2026-07-14,63.03,1.615,79.5,61.1,0
ASSET-E76BDD1C,2026-07-15,62.85,1.627,86.6,68.1,0
ASSET-E76BDD1C,2026-07-16,66.06,1.765,79.6,53.6,0
ASSET-E76BDD1C,2026-07-17,62.72,1.292,84.8,40.8,0
ASSET-E76BDD1C,2026-07-18,61.47,1.697,79.5,68.0,0
ASSET-E76BDD1C,2026-07-19,64.79,1.79,83.5,30.9,0
ASSET-E76BDD1C,2026-07-20,62.12,1.374,82.3,54.1,0
ASSET-E76BDD1C,2026-07-21,65.75,1.754,86.6,44.9,0
ASSET-E76BDD1C,2026-07-22,58.65,1.339,77.4,48.0,0
ASSET-E76BDD1C,2026-07-23,63.3,1.634,85.4,54.0,0
ASSET-E76BDD1C,2026-07-24,62.81,1.673,89.4,49.7,0
ASSET-E76BDD1C,2026-07-25,64.13,1.223,70.9,53.7,0
ASSET-E76BDD1C,2026-07-26,66.98,1.682,83.2,47.7,0
ASSET-E76BDD1C,2026-07-27,64.13,1.859,79.8,57.8,0
ASSET-E76BDD1C,2026-07-28,66.17,1.307,78.3,61.5,0
ASSET-E76BDD1C,2026-07-29,69.29,1.717,76.8,60.4,0
ASSET-E76BDD1C,2026-07-30,62.28,1.445,75.6,48.0,0
ASSET-E76BDD1C,2026-07-31,64.61,1.545,95.8,56.9,0
ASSET-E76BDD1C,2026-08-01,62.54,1.457,80.4,44.7,0
ASSET-E76BDD1C,2026-08-02,69.5,1.362,74.2,44.0,0
ASSET-E76BDD1C,2026-08-03,61.1,1.415,74.6,53.0,0
ASSET-E76BDD1C,2026-08-04,65.71,1.377,73.4,57.8,0
ASSET-E76BDD1C,2026-08-05,62.85,1.487,82.1,54.3,0
ASSET-E76BDD1C,2026-08-06,68.01,1.7,80.5,50.5,0
ASSET-E76BDD1C,2026-08-07,60.68,1.49,77.0,46.5,0
ASSET-E76BDD1C,2026-08-08,64.42,1.66,80.2,62.8,0
ASSET-E76BDD1C,2026-08-09,60.35,1.41,72.9,47.6,0
ASSET-E76BDD1C,2026-08-10,60.04,1.525,79.1,48.7,0
ASSET-E76BDD1C,2026-08-11,61.43,1.338,81.0,51.7,0
ASSET-E76BDD1C,2026-08-12,62.32,1.422,77.2,44.7,0
ASSET-E76BDD1C,2026-08-13,65.68,1.539,79.4,45.3,0
ASSET-E76BDD1C,2026-08-14,62.4,1.373,74.2,62.8,0
ASSET-E76BDD1C,2026-08-15,65.72,1.356,81.2,54.5,0
ASSET-E76BDD1C,2026-08-16,66.34,1.796,75.4,59.5,0
ASSET-E76BDD1C,2026-08-17,70.52,1.584,77.0,40.8,0
ASSET-E76BDD1C,2026-08-18,57.49,1.418,79.5,68.1,0
ASSET-E76BDD1C,2026-08-19,64.6,1.931,76.5,69.9,0
ASSET-E76BDD1C,2026-08-20,64.88,1.553,80.4,44.8,0
ASSET-E76BDD1C,2026-08-21,67.0,1.223,83.6,15.8,0
ASSET-E76BDD1C,2026-08-22,60.46,1.616,75.7,52.0,0
ASSET-E76BDD1C,2026-08-23,71.39,1.437,87.3,56.8,0
ASSET-E76BDD1C,2026-08-24,66.41,1.305,78.3,47.7,0
ASSET-E76BDD1C,2026-08-25,67.17,1.609,78.9,59.1,0
ASSET-E76BDD1C,2026-08-26,65.11,1.799,76.3,54.9,0
ASSET-E76BDD1C,2026-08-27,64.9,1.825,86.0,62.4,0
ASSET-E76BDD1C,2026-08-28,64.58,1.497,74.1,35.9,0
ASSET-E76BDD1C,2026-08-29,63.48,1.632,86.4,45.9,0
ASSET-E76BDD1C,2026-08-30,62.19,1.52,74.9,49.1,0
ASSET-E76BDD1C,2026-08-31,67.11,1.383,76.5,70.6,0
ASSET-E76BDD1C,2026-09-01,62.92,1.771,84.7,45.1,0
ASSET-E76BDD1C,2026-09-02,70.42,1.45,76.4,63.6,0
ASSET-E76BDD1C,2026-09-03,66.74,1.428,74.8,42.9,0
ASSET-E76BDD1C,2026-09-04,61.85,1.892,79.8,50.9,0
ASSET-E76BDD1C,2026-09-05,66.93,1.746,81.7,47.5,0
ASSET-E76BDD1C,2026-09-06,60.21,1.226,83.3,47.2,0
ASSET-E76BDD1C,2026-09-07,63.71,1.529,73.7,42.6,0
ASSET-E76BDD1C,2026-09-08,66.88,1.256,80.5,58.2,0
ASSET-E76BDD1C,2026-09-09,69.19,1.57,86.7,31.2,0
ASSET-E76BDD1C,2026-09-10,64.67,1.443,75.6,52.4,0
ASSET-E76BDD1C,2026-09-11,70.76,1.533,73.1,44.4,0
ASSET-E76BDD1C,2026-09-12,68.45,1.448,78.2,47.2,0
ASSET-E76BDD1C,2026-09-13,69.03,1.551,77.1,53.1,0
ASSET-E76BDD1C,2026-09-14,64.25,1.904,84.6,67.4,0
ASSET-E76BDD1C,2026-09-15,60.37,1.365,79.2,44.2,0
ASSET-D99505FB,2026-03-20,63.43,1.569,83.5,64.7,0
ASSET-D99505FB,2026-03-21,65.44,1.764,86.7,60.8,0
ASSET-D99505FB,2026-03-22,68.58,1.426,79.0,69.4,0
ASSET-D99505FB,2026-03-23,64.24,1.477,89.6,63.1,0
ASSET-D99505FB,2026-03-24,63.95,1.335,85.3,51.5,0
ASSET-D99505FB,2026-03-25,65.2,1.491,78.9,49.9,0
ASSET-D99505FB,2026-03-26,71.63,1.795,77.1,54.0,0
ASSET-D99505FB,2026-03-27,65.5,1.698,73.5,46.3,0
ASSET-D99505FB,2026-03-28,65.01,1.649,87.5,63.3,0
ASSET-D99505FB,2026-03-29,60.34,1.428,88.6,45.0,0
ASSET-D99505FB,2026-03-30,65.4,1.287,74.6,60.9,0
ASSET-D99505FB,2026-03-31,66.68,1.356,76.2,41.5,0
ASSET-D99505FB,2026-04-01,67.95,1.53,81.2,54.1,0
ASSET-D99505FB,2026-04-02,64.44,1.893,75.2,52.9,0
ASSET-D99505FB,2026-04-03,64.81,1.529,80.4,34.7,0
ASSET-D99505FB,2026-04-04,65.23,1.727,81.4,64.8,0
ASSET-D99505FB,2026-04-05,63.19,1.669,77.0,56.0,0
ASSET-D99505FB,2026-04-06,60.63,1.482,85.7,56.9,0
ASSET-D99505FB,2026-04-07,62.8,1.386,73.5,34.3,0
ASSET-D99505FB,2026-04-08,67.21,1.294,71.2,44.0,0
ASSET-D99505FB,2026-04-09,63.71,1.524,78.4,51.7,0
ASSET-D99505FB,2026-04-10,65.25,1.414,89.3,34.3,0
ASSET-D99505FB,2026-04-11,64.15,1.494,74.6,41.4,0
ASSET-D99505FB,2026-04-12,60.09,1.423,77.7,49.9,0
ASSET-D99505FB,2026-04-13,69.6,1.511,83.9,63.2,0
ASSET-D99505FB,2026-04-14,64.62,1.6,73.0,36.3,0
ASSET-D99505FB,2026-04-15,71.26,1.225,73.8,65.6,0
ASSET-D99505FB,2026-04-16,68.0,1.534,87.1,52.7,0
ASSET-D99505FB,2026-04-17,66.46,1.446,82.7,74.1,0
ASSET-D99505FB,2026-04-18,64.69,1.469,78.9,39.1,0
ASSET-D99505FB,2026-04-19,69.42,1.412,87.2,54.9,0
ASSET-D99505FB,2026-04-20,65.03,1.649,73.6,54.4,0
ASSET-D99505FB,2026-04-21,68.18,1.28,88.0,35.2,0
ASSET-D99505FB,2026-04-22,60.8,0.996,81.9,49.1,0
ASSET-D99505FB,2026-04-23,66.57,1.713,81.6,44.4,0
ASSET-D99505FB,2026-04-24,63.81,1.657,74.3,30.5,0
ASSET-D99505FB,2026-04-25,66.8,1.387,78.9,56.9,0
ASSET-D99505FB,2026-04-26,65.66,1.671,82.7,40.3,0
ASSET-D99505FB,2026-04-27,64.66,1.735,78.1,43.8,0
ASSET-D99505FB,2026-04-28,64.82,1.16,77.7,45.1,0
ASSET-D99505FB,2026-04-29,68.97,1.463,74.8,53.2,0
ASSET-D99505FB,2026-04-30,69.23,1.551,81.0,50.7,0
ASSET-D99505FB,2026-05-01,59.23,1.722,87.2,53.9,0
ASSET-D99505FB,2026-05-02,69.54,1.744,81.8,45.5,0
ASSET-D99505FB,2026-05-03,63.6,1.526,83.0,44.2,0
ASSET-D99505FB,2026-05-04,61.78,1.948,72.9,56.0,0
ASSET-D99505FB,2026-05-05,67.67,1.937,77.5,46.2,0
ASSET-D99505FB,2026-05-06,62.64,1.225,82.3,40.2,0
ASSET-D99505FB,2026-05-07,66.26,1.752,78.1,54.1,0
ASSET-D99505FB,2026-05-08,62.25,1.709,77.8,49.5,0
ASSET-D99505FB,2026-05-09,63.87,1.373,81.0,40.6,0
ASSET-D99505FB,2026-05-10,62.97,1.344,75.0,54.1,0
ASSET-D99505FB,2026-05-11,64.65,1.48,84.4,69.1,0
ASSET-D99505FB,2026-05-12,68.8,1.345,81.8,39.5,0
ASSET-D99505FB,2026-05-13,65.77,1.507,76.4,58.0,0
ASSET-D99505FB,2026-05-14,62.55,1.351,81.1,58.0,0
ASSET-D99505FB,2026-05-15,67.68,1.59,70.8,52.2,0
ASSET-D99505FB,2026-05-16,64.96,1.715,82.2,54.4,0
ASSET-D99505FB,2026-05-17,62.29,1.204,84.1,36.0,0
ASSET-D99505FB,2026-05-18,62.39,1.888,73.9,49.5,0
ASSET-D99505FB,2026-05-19,67.12,1.805,83.7,38.4,0
ASSET-D99505FB,2026-05-20,66.47,1.85,76.2,58.5,0
ASSET-D99505FB,2026-05-21,67.01,1.66,73.6,57.5,0
ASSET-D99505FB,2026-05-22,67.27,1.536,70.5,52.7,0
ASSET-D99505FB,2026-05-23,63.5,1.554,83.9,47.9,0
ASSET-D99505FB,2026-05-24,66.45,1.69,83.1,57.3,0
ASSET-D99505FB,2026-05-25,68.0,1.425,77.4,33.9,0
ASSET-D99505FB,2026-05-26,60.0,1.487,84.0,69.4,0
ASSET-D99505FB,2026-05-27,66.55,1.551,78.8,59.8,0
ASSET-D99505FB,2026-05-28,66.44,1.139,86.5,53.5,0
ASSET-D99505FB,2026-05-29,66.84,1.581,88.3,67.8,0
ASSET-D99505FB,2026-05-30,63.25,1.586,83.7,52.7,0
ASSET-D99505FB,2026-05-31,60.71,1.457,83.9,63.1,0
ASSET-D99505FB,2026-06-01,67.67,1.79,91.6,55.5,0
ASSET-D99505FB,2026-06-02,66.62,1.327,69.3,47.9,0
ASSET-D99505FB,2026-06-03,64.82,1.453,76.9,65.1,0
ASSET-D99505FB,2026-06-04,65.79,1.418,80.8,50.1,0
ASSET-D99505FB,2026-06-05,63.6,1.39,81.3,49.1,0
ASSET-D99505FB,2026-06-06,69.01,1.318,78.0,39.2,0
ASSET-D99505FB,2026-06-07,63.25,1.507,83.4,62.5,0
ASSET-D99505FB,2026-06-08,62.91,1.306,80.9,70.0,0
ASSET-D99505FB,2026-06-09,62.43,1.382,85.9,51.1,0
ASSET-D99505FB,2026-06-10,64.53,1.796,74.9,49.1,0
ASSET-D99505FB,2026-06-11,64.22,1.097,90.4,52.1,0
ASSET-D99505FB,2026-06-12,67.62,1.407,90.0,44.8,0
ASSET-D99505FB,2026-06-13,64.52,1.166,76.2,53.6,0
ASSET-D99505FB,2026-06-14,68.6,1.229,86.2,50.9,0
ASSET-D99505FB,2026-06-15,63.44,1.428,63.4,40.9,0
ASSET-D99505FB,2026-06-16,64.93,1.313,70.6,51.1,0
ASSET-D99505FB,2026-06-17,64.2,1.522,82.1,47.3,0
ASSET-D99505FB,2026-06-18,61.37,1.368,80.7,54.6,0
ASSET-D99505FB,2026-06-19,60.24,1.696,82.3,24.7,0
ASSET-D99505FB,2026-06-20,66.36,1.549,72.0,47.5,0
ASSET-D99505FB,2026-06-21,63.41,1.831,78.2,70.1,0
ASSET-D99505FB,2026-06-22,65.31,1.607,74.8,57.5,0
ASSET-D99505FB,2026-06-23,63.05,1.508,83.6,39.1,0
ASSET-D99505FB,2026-06-24,65.93,1.364,73.1,52.2,0
ASSET-D99505FB,2026-06-25,64.93,1.403,78.0,46.7,0
ASSET-D99505FB,2026-06-26,64.01,1.478,80.5,49.4,0
ASSET-D99505FB,2026-06-27,62.56,1.924,84.3,43.2,0
ASSET-D99505FB,2026-06-28,63.87,1.311,80.1,59.5,0
ASSET-D99505FB,2026-06-29,63.54,1.592,88.2,41.3,0
ASSET-D99505FB,2026-06-30,68.67,1.701,79.1,55.1,0
ASSET-D99505FB,2026-07-01,60.76,1.582,90.5,45.1,0
ASSET-D99505FB,2026-07-02,62.21,1.419,86.1,34.6,0
ASSET-D99505FB,2026-07-03,67.06,1.617,83.6,50.8,0
ASSET-D99505FB,2026-07-04,64.87,1.225,84.6,68.8,0
ASSET-D99505FB,2026-07-05,62.74,0.861,79.9,42.1,0
ASSET-D99505FB,2026-07-06,62.54,1.183,86.2,51.7,0
ASSET-D99505FB,2026-07-07,67.79,1.331,82.7,62.1,0
ASSET-D99505FB,2026-07-08,66.54,1.504,85.0,43.6,0
ASSET-D99505FB,2026-07-09,62.52,1.032,73.0,46.8,0
ASSET-D99505FB,2026-07-10,66.53,1.512,80.8,32.3,0
ASSET-D99505FB,2026-07-11,76.07,1.518,81.6,27.6,0
ASSET-D99505FB,2026-07-12,66.28,1.677,94.1,33.1,0
ASSET-D99505FB,2026-07-13,61.29,1.466,74.2,40.5,0
ASSET-D99505FB,2026-07-14,63.62,1.069,83.0,40.7,0
ASSET-D99505FB,2026-07-15,68.0,1.778,79.5,52.3,0
ASSET-D99505FB,2026-07-16,59.47,1.578,82.1,55.8,0
ASSET-D99505FB,2026-07-17,64.14,1.505,81.7,52.8,0
ASSET-D99505FB,2026-07-18,64.29,1.618,83.5,33.3,0
ASSET-D99505FB,2026-07-19,68.45,1.614,85.5,53.0,0
ASSET-D99505FB,2026-07-20,66.79,1.423,78.7,44.1,0
ASSET-D99505FB,2026-07-21,64.44,1.507,78.0,56.1,0
ASSET-D99505FB,2026-07-22,64.01,1.559,82.4,38.7,0
ASSET-D99505FB,2026-07-23,65.94,1.631,80.2,48.9,0
ASSET-D99505FB,2026-07-24,64.82,1.247,74.5,49.8,0
ASSET-D99505FB,2026-07-25,68.74,1.818,79.6,48.9,0
ASSET-D99505FB,2026-07-26,65.11,1.584,81.3,42.3,0
ASSET-D99505FB,2026-07-27,63.7,1.626,69.8,50.1,0
ASSET-D99505FB,2026-07-28,65.06,1.371,80.0,44.2,0
ASSET-D99505FB,2026-07-29,65.06,0.912,82.5,43.0,0
ASSET-D99505FB,2026-07-30,64.82,1.61,80.0,61.7,0
ASSET-D99505FB,2026-07-31,68.64,1.653,82.5,48.3,0
ASSET-D99505FB,2026-08-01,61.85,1.417,77.2,56.1,0
ASSET-D99505FB,2026-08-02,62.91,1.835,77.2,47.4,0
ASSET-D99505FB,2026-08-03,65.42,1.044,72.0,62.5,0
ASSET-D99505FB,2026-08-04,61.06,1.262,90.1,51.2,0
ASSET-D99505FB,2026-08-05,66.54,1.372,75.9,24.3,0
ASSET-D99505FB,2026-08-06,63.34,1.278,82.1,60.3,0
ASSET-D99505FB,2026-08-07,63.63,1.748,81.2,51.4,0
ASSET-D99505FB,2026-08-08,62.25,1.613,89.0,36.6,0
ASSET-D99505FB,2026-08-09,64.48,1.37,83.5,59.8,0
ASSET-D99505FB,2026-08-10,64.66,1.157,76.5,66.8,0
ASSET-D99505FB,2026-08-11,63.95,1.196,82.0,30.5,0
ASSET-D99505FB,2026-08-12,69.9,1.551,71.2,69.4,0
ASSET-D99505FB,2026-08-13,67.79,1.54,75.8,46.5,0
ASSET-D99505FB,2026-08-14,61.15,1.578,87.8,39.9,0
ASSET-D99505FB,2026-08-15,65.85,1.649,84.7,70.3,0
ASSET-D99505FB,2026-08-16,63.16,1.486,72.8,27.5,0
ASSET-D99505FB,2026-08-17,70.23,1.407,86.6,61.2,0
ASSET-D99505FB,2026-08-18,63.9,1.265,81.3,47.1,0
ASSET-D99505FB,2026-08-19,67.49,1.65,80.4,58.8,0
ASSET-D99505FB,2026-08-20,65.28,1.385,79.7,41.0,0
ASSET-D99505FB,2026-08-21,70.31,1.812,79.2,43.5,0
ASSET-D99505FB,2026-08-22,64.46,1.235,83.6,50.4,0
ASSET-D99505FB,2026-08-23,62.39,1.471,77.4,56.1,0
ASSET-D99505FB,2026-08-24,63.88,1.676,80.3,44.5,0
ASSET-D99505FB,2026-08-25,65.38,1.299,85.0,32.3,0
ASSET-D99505FB,2026-08-26,66.1,1.295,80.6,43.0,0
ASSET-D99505FB,2026-08-27,65.58,1.574,77.9,67.5,0
ASSET-D99505FB,2026-08-28,64.93,1.53,79.5,36.8,0
ASSET-D99505FB,2026-08-29,69.52,1.51,78.3,38.7,0
ASSET-D99505FB,2026-08-30,65.24,1.556,81.0,43.5,0
ASSET-D99505FB,2026-08-31,67.76,1.508,79.0,53.7,0
ASSET-D99505FB,2026-09-01,63.47,1.237,80.0,37.8,0
ASSET-D99505FB,2026-09-02,64.16,1.847,81.0,45.0,0
ASSET-D99505FB,2026-09-03,59.19,1.634,74.7,46.8,0
ASSET-D99505FB,2026-09-04,62.47,1.309,72.1,44.9,0
ASSET-D99505FB,2026-09-05,61.66,1.793,88.4,65.2,0
ASSET-D99505FB,2026-09-06,68.73,1.561,80.7,37.0,0
ASSET-D99505FB,2026-09-07,63.13,1.479,87.6,35.6,0
ASSET-D99505FB,2026-09-08,65.59,1.748,81.5,50.4,0
ASSET-D99505FB,2026-09-09,64.85,1.718,79.2,49.0,0
ASSET-D99505FB,2026-09-10,68.25,1.523,82.4,44.7,0
ASSET-D99505FB,2026-09-11,65.54,1.594,74.1,49.7,0
ASSET-D99505FB,2026-09-12,66.92,1.38,84.2,79.7,0
ASSET-D99505FB,2026-09-13,65.27,1.421,78.0,33.2,0
ASSET-D99505FB,2026-09-14,65.89,1.487,91.2,44.0,0
ASSET-D99505FB,2026-09-15,69.46,1.373,80.5,46.3,0
ASSET-2C606B72,2026-03-20,62.61,1.725,77.8,53.5,0
ASSET-2C606B72,2026-03-21,65.51,1.347,74.1,32.3,0
ASSET-2C606B72,2026-03-22,62.01,1.893,78.2,41.6,0
ASSET-2C606B72,2026-03-23,69.91,1.567,77.8,52.2,0
ASSET-2C606B72,2026-03-24,60.82,1.23,75.1,63.8,0
ASSET-2C606B72,2026-03-25,68.45,1.179,80.2,55.2,0
ASSET-2C606B72,2026-03-26,66.65,1.382,85.2,55.6,0
ASSET-2C606B72,2026-03-27,64.16,1.254,77.2,40.6,0
ASSET-2C606B72,2026-03-28,64.78,1.484,74.9,71.3,0
ASSET-2C606B72,2026-03-29,61.43,1.462,82.4,49.4,0
ASSET-2C606B72,2026-03-30,60.69,1.535,77.7,40.0,0
ASSET-2C606B72,2026-03-31,65.62,1.753,84.7,35.8,0
ASSET-2C606B72,2026-04-01,66.66,1.226,78.8,44.4,0
ASSET-2C606B72,2026-04-02,64.53,1.351,82.6,47.8,0
ASSET-2C606B72,2026-04-03,64.93,1.207,89.0,58.0,0
ASSET-2C606B72,2026-04-04,68.89,1.583,80.6,47.3,0
ASSET-2C606B72,2026-04-05,66.28,1.815,72.7,56.1,0
ASSET-2C606B72,2026-04-06,59.78,1.399,85.1,37.4,0
ASSET-2C606B72,2026-04-07,63.49,1.497,79.6,43.2,0
ASSET-2C606B72,2026-04-08,67.55,1.422,77.4,42.0,0
ASSET-2C606B72,2026-04-09,62.24,1.367,83.4,61.5,0
ASSET-2C606B72,2026-04-10,69.1,1.464,81.3,55.1,0
ASSET-2C606B72,2026-04-11,66.85,1.555,68.7,66.3,0
ASSET-2C606B72,2026-04-12,61.03,1.215,72.6,55.3,0
ASSET-2C606B72,2026-04-13,67.87,1.159,74.5,53.7,0
ASSET-2C606B72,2026-04-14,66.8,1.564,85.2,61.0,0
ASSET-2C606B72,2026-04-15,63.72,1.572,79.7,42.1,0
ASSET-2C606B72,2026-04-16,63.81,1.547,79.7,58.0,0
ASSET-2C606B72,2026-04-17,72.8,1.474,80.1,50.8,0
ASSET-2C606B72,2026-04-18,64.78,1.263,79.4,46.5,0
ASSET-2C606B72,2026-04-19,67.35,1.516,79.1,32.3,0
ASSET-2C606B72,2026-04-20,69.55,1.295,82.7,55.7,0
ASSET-2C606B72,2026-04-21,63.41,1.404,76.6,33.7,0
ASSET-2C606B72,2026-04-22,66.29,1.533,83.3,39.8,0
ASSET-2C606B72,2026-04-23,61.5,1.554,75.1,46.8,0
ASSET-2C606B72,2026-04-24,64.42,1.411,80.4,62.3,0
ASSET-2C606B72,2026-04-25,67.64,1.413,79.9,48.2,0
ASSET-2C606B72,2026-04-26,63.19,1.505,72.0,44.3,0
ASSET-2C606B72,2026-04-27,68.94,1.577,79.7,44.5,0
ASSET-2C606B72,2026-04-28,65.52,1.369,85.2,50.0,0
ASSET-2C606B72,2026-04-29,65.25,1.674,74.6,42.6,0
ASSET-2C606B72,2026-04-30,64.15,1.478,68.9,55.2,0
ASSET-2C606B72,2026-05-01,67.18,1.453,78.2,45.7,0
ASSET-2C606B72,2026-05-02,58.02,1.458,83.1,52.1,0
ASSET-2C606B72,2026-05-03,68.07,1.624,79.8,64.7,0
ASSET-2C606B72,2026-05-04,66.09,1.239,80.7,51.5,0
ASSET-2C606B72,2026-05-05,69.09,1.646,73.8,48.5,0
ASSET-2C606B72,2026-05-06,66.75,1.337,81.4,58.8,0
ASSET-2C606B72,2026-05-07,65.92,1.502,79.8,37.9,0
ASSET-2C606B72,2026-05-08,65.39,1.558,81.1,39.4,0
ASSET-2C606B72,2026-05-09,65.95,1.732,81.9,56.7,0
ASSET-2C606B72,2026-05-10,57.92,1.402,62.7,44.6,0
ASSET-2C606B72,2026-05-11,67.5,1.431,74.1,33.7,0
ASSET-2C606B72,2026-05-12,61.25,1.351,78.0,53.7,0
ASSET-2C606B72,2026-05-13,61.49,1.53,78.7,49.6,0
ASSET-2C606B72,2026-05-14,64.99,1.217,86.6,58.3,0
ASSET-2C606B72,2026-05-15,66.69,1.74,71.2,35.1,0
ASSET-2C606B72,2026-05-16,62.66,0.903,80.4,37.3,0
ASSET-2C606B72,2026-05-17,66.2,1.456,77.0,58.4,0
ASSET-2C606B72,2026-05-18,64.58,1.618,76.6,49.0,0
ASSET-2C606B72,2026-05-19,67.89,1.622,78.4,44.6,0
ASSET-2C606B72,2026-05-20,64.76,1.365,82.5,61.0,0
ASSET-2C606B72,2026-05-21,68.34,1.299,82.2,34.7,0
ASSET-2C606B72,2026-05-22,69.77,1.813,75.8,57.9,0
ASSET-2C606B72,2026-05-23,65.98,1.678,76.5,32.5,0
ASSET-2C606B72,2026-05-24,69.35,1.87,86.2,58.1,0
ASSET-2C606B72,2026-05-25,65.28,1.388,77.7,54.5,0
ASSET-2C606B72,2026-05-26,63.05,1.708,80.0,32.3,0
ASSET-2C606B72,2026-05-27,63.72,1.277,78.1,61.7,0
ASSET-2C606B72,2026-05-28,59.46,1.664,82.3,47.7,0
ASSET-2C606B72,2026-05-29,65.08,1.699,79.9,36.0,0
ASSET-2C606B72,2026-05-30,65.02,1.832,83.8,41.4,0
ASSET-2C606B72,2026-05-31,64.04,1.581,80.4,41.2,0
ASSET-2C606B72,2026-06-01,67.47,1.526,79.7,59.5,0
ASSET-2C606B72,2026-06-02,65.09,1.07,83.7,51.9,0
ASSET-2C606B72,2026-06-03,67.02,1.426,85.8,46.7,0
ASSET-2C606B72,2026-06-04,62.9,1.763,87.8,36.2,0
ASSET-2C606B72,2026-06-05,61.53,1.509,78.7,48.1,0
ASSET-2C606B72,2026-06-06,72.36,1.699,84.5,33.3,0
ASSET-2C606B72,2026-06-07,64.75,1.387,85.5,41.1,0
ASSET-2C606B72,2026-06-08,66.55,1.364,83.2,51.3,0
ASSET-2C606B72,2026-06-09,68.12,1.592,69.6,53.6,0
ASSET-2C606B72,2026-06-10,65.67,1.681,75.2,46.4,0
ASSET-2C606B72,2026-06-11,65.14,1.5,72.4,72.5,0
ASSET-2C606B72,2026-06-12,67.13,1.593,77.9,64.1,0
ASSET-2C606B72,2026-06-13,72.88,1.176,85.6,55.3,0
ASSET-2C606B72,2026-06-14,59.19,0.986,81.8,44.6,0
ASSET-2C606B72,2026-06-15,64.31,1.743,87.3,59.8,0
ASSET-2C606B72,2026-06-16,65.68,1.239,74.3,39.9,0
ASSET-2C606B72,2026-06-17,64.61,1.257,82.2,51.9,0
ASSET-2C606B72,2026-06-18,66.34,1.719,80.6,44.8,0
ASSET-2C606B72,2026-06-19,61.26,1.366,90.1,53.1,0
ASSET-2C606B72,2026-06-20,63.62,1.644,74.8,53.6,0
ASSET-2C606B72,2026-06-21,61.76,1.502,71.2,59.8,0
ASSET-2C606B72,2026-06-22,62.1,1.61,74.2,46.9,0
ASSET-2C606B72,2026-06-23,62.75,1.426,79.9,68.3,0
ASSET-2C606B72,2026-06-24,65.44,1.528,86.0,55.1,0
ASSET-2C606B72,2026-06-25,67.81,1.622,76.7,62.3,0
ASSET-2C606B72,2026-06-26,62.85,1.134,86.7,45.5,0
ASSET-2C606B72,2026-06-27,68.04,1.557,70.6,56.7,0
ASSET-2C606B72,2026-06-28,62.87,1.599,77.0,66.0,0
ASSET-2C606B72,2026-06-29,65.5,1.452,84.3,63.7,0
ASSET-2C606B72,2026-06-30,70.13,1.511,82.1,59.4,0
ASSET-2C606B72,2026-07-01,67.14,1.093,84.7,64.4,0
ASSET-2C606B72,2026-07-02,59.87,1.781,76.7,50.8,0
ASSET-2C606B72,2026-07-03,66.04,1.671,81.2,42.8,0
ASSET-2C606B72,2026-07-04,69.23,1.53,84.3,45.7,0
ASSET-2C606B72,2026-07-05,71.38,1.1,75.6,46.6,0
ASSET-2C606B72,2026-07-06,66.42,1.733,80.4,68.4,0
ASSET-2C606B72,2026-07-07,66.0,1.092,73.2,54.7,0
ASSET-2C606B72,2026-07-08,69.16,1.487,79.4,66.4,0
ASSET-2C606B72,2026-07-09,63.11,1.751,77.9,50.3,0
ASSET-2C606B72,2026-07-10,62.14,1.72,79.0,45.1,0
ASSET-2C606B72,2026-07-11,67.31,1.852,76.5,44.9,0
ASSET-2C606B72,2026-07-12,62.24,1.559,78.8,53.6,0
ASSET-2C606B72,2026-07-13,67.08,1.466,76.1,31.6,0
ASSET-2C606B72,2026-07-14,65.81,1.114,84.1,43.0,0
ASSET-2C606B72,2026-07-15,64.12,1.278,88.7,46.9,0
ASSET-2C606B72,2026-07-16,68.77,1.444,71.8,33.0,0
ASSET-2C606B72,2026-07-17,65.7,1.622,72.2,55.4,0
ASSET-2C606B72,2026-07-18,64.03,1.097,76.7,71.8,0
ASSET-2C606B72,2026-07-19,63.24,1.525,79.6,46.4,0
ASSET-2C606B72,2026-07-20,63.07,1.458,79.8,44.4,0
ASSET-2C606B72,2026-07-21,58.58,1.487,90.4,63.4,0
ASSET-2C606B72,2026-07-22,65.35,1.224,79.9,57.1,0
ASSET-2C606B72,2026-07-23,68.1,1.345,82.4,40.8,0
ASSET-2C606B72,2026-07-24,60.84,1.692,75.3,46.4,0
ASSET-2C606B72,2026-07-25,63.28,1.755,80.4,62.0,0
ASSET-2C606B72,2026-07-26,66.11,1.292,79.2,30.5,0
ASSET-2C606B72,2026-07-27,62.08,1.422,80.0,31.2,0
ASSET-2C606B72,2026-07-28,67.79,1.387,85.0,58.1,0
ASSET-2C606B72,2026-07-29,60.65,1.46,83.0,44.1,0
ASSET-2C606B72,2026-07-30,64.85,1.33,77.3,46.3,0
ASSET-2C606B72,2026-07-31,60.55,1.594,85.4,63.5,0
ASSET-2C606B72,2026-08-01,62.09,1.487,75.8,53.9,0
ASSET-2C606B72,2026-08-02,66.38,1.575,73.0,67.0,0
ASSET-2C606B72,2026-08-03,65.53,1.574,74.2,43.8,0
ASSET-2C606B72,2026-08-04,68.06,1.369,80.2,38.8,0
ASSET-2C606B72,2026-08-05,63.4,1.069,78.6,44.7,0
ASSET-2C606B72,2026-08-06,60.04,1.921,77.7,62.8,0
ASSET-2C606B72,2026-08-07,62.87,1.497,77.6,43.8,0
ASSET-2C606B72,2026-08-08,63.83,1.341,85.8,55.9,0
ASSET-2C606B72,2026-08-09,68.48,1.562,75.4,54.2,0
ASSET-2C606B72,2026-08-10,61.44,1.659,75.5,46.6,0
ASSET-2C606B72,2026-08-11,64.27,1.458,77.0,58.7,0
ASSET-2C606B72,2026-08-12,63.98,1.789,70.6,50.6,0
ASSET-2C606B72,2026-08-13,63.17,1.44,78.6,53.5,0
ASSET-2C606B72,2026-08-14,60.85,1.454,82.9,49.1,0
ASSET-2C606B72,2026-08-15,62.85,1.74,81.0,70.2,0
ASSET-2C606B72,2026-08-16,65.88,1.621,85.9,50.3,0
ASSET-2C606B72,2026-08-17,61.43,1.605,82.2,53.7,0
ASSET-2C606B72,2026-08-18,64.9,1.818,80.9,46.5,0
ASSET-2C606B72,2026-08-19,62.62,1.469,74.6,33.5,0
ASSET-2C606B72,2026-08-20,63.79,1.455,78.4,42.7,0
ASSET-2C606B72,2026-08-21,69.22,1.269,70.2,55.5,0
ASSET-2C606B72,2026-08-22,67.74,1.662,80.7,52.1,0
ASSET-2C606B72,2026-08-23,63.48,1.663,72.3,44.8,0
ASSET-2C606B72,2026-08-24,64.77,1.606,87.2,59.4,0
ASSET-2C606B72,2026-08-25,61.4,1.497,82.9,43.3,0
ASSET-2C606B72,2026-08-26,64.49,1.522,78.8,43.5,0
ASSET-2C606B72,2026-08-27,64.63,1.125,82.5,49.6,0
ASSET-2C606B72,2026-08-28,69.29,1.689,71.2,48.3,0
ASSET-2C606B72,2026-08-29,64.68,1.291,80.3,64.1,0
ASSET-2C606B72,2026-08-30,60.15,1.623,74.5,64.4,0
ASSET-2C606B72,2026-08-31,66.93,1.412,82.1,56.9,0
ASSET-2C606B72,2026-09-01,64.76,1.656,78.1,27.0,0
ASSET-2C606B72,2026-09-02,63.63,1.462,82.6,33.3,0
ASSET-2C606B72,2026-09-03,65.89,1.655,80.5,47.4,0
ASSET-2C606B72,2026-09-04,73.01,1.418,78.7,38.8,0
ASSET-2C606B72,2026-09-05,61.64,1.32,83.3,41.8,0
ASSET-2C606B72,2026-09-06,65.8,1.181,82.6,33.0,0
ASSET-2C606B72,2026-09-07,65.52,1.412,81.0,38.7,0
ASSET-2C606B72,2026-09-08,64.78,1.376,74.6,45.6,0
ASSET-2C606B72,2026-09-09,65.58,1.25,84.7,58.0,0
ASSET-2C606B72,2026-09-10,63.51,1.141,77.1,49.0,0
ASSET-2C606B72,2026-09-11,60.61,1.507,81.7,38.1,0
ASSET-2C606B72,2026-09-12,65.41,1.517,75.5,41.3,0
ASSET-2C606B72,2026-09-13,67.05,1.191,84.4,39.9,0
ASSET-2C606B72,2026-09-14,65.88,1.498,86.4,55.8,0
ASSET-2C606B72,2026-09-15,68.27,1.733,71.8,45.7,0
ASSET-1C2E1D91,2026-03-20,66.32,1.623,81.1,55.9,0
ASSET-1C2E1D91,2026-03-21,63.44,1.133,81.0,42.2,0
ASSET-1C2E1D91,2026-03-22,68.84,1.383,77.2,52.4,0
ASSET-1C2E1D91,2026-03-23,67.23,1.221,72.8,61.1,0
ASSET-1C2E1D91,2026-03-24,61.52,1.608,82.8,45.7,0
ASSET-1C2E1D91,2026-03-25,58.81,1.421,75.4,47.2,0
ASSET-1C2E1D91,2026-03-26,69.8,1.123,76.0,31.2,0
ASSET-1C2E1D91,2026-03-27,64.11,1.395,72.3,52.1,0
ASSET-1C2E1D91,2026-03-28,66.54,1.034,84.5,60.8,0
ASSET-1C2E1D91,2026-03-29,65.17,1.095,78.5,45.6,0
ASSET-1C2E1D91,2026-03-30,66.56,1.688,75.5,59.4,0
ASSET-1C2E1D91,2026-03-31,62.93,1.817,82.2,66.8,0
ASSET-1C2E1D91,2026-04-01,64.25,1.419,83.6,48.2,0
ASSET-1C2E1D91,2026-04-02,63.68,1.546,80.0,38.2,0
ASSET-1C2E1D91,2026-04-03,65.75,1.587,72.0,48.6,0
ASSET-1C2E1D91,2026-04-04,64.5,2.102,80.9,41.3,0
ASSET-1C2E1D91,2026-04-05,67.54,1.423,76.7,45.3,0
ASSET-1C2E1D91,2026-04-06,65.73,1.439,88.5,40.2,0
ASSET-1C2E1D91,2026-04-07,57.59,1.339,76.9,57.9,0
ASSET-1C2E1D91,2026-04-08,67.32,1.198,81.8,42.7,0
ASSET-1C2E1D91,2026-04-09,65.45,1.398,80.3,56.7,0
ASSET-1C2E1D91,2026-04-10,69.25,1.406,85.8,55.4,0
ASSET-1C2E1D91,2026-04-11,58.68,1.424,75.3,60.8,0
ASSET-1C2E1D91,2026-04-12,71.54,1.455,79.3,47.0,0
ASSET-1C2E1D91,2026-04-13,67.41,1.922,85.3,75.2,0
ASSET-1C2E1D91,2026-04-14,63.93,1.412,66.5,39.2,0
ASSET-1C2E1D91,2026-04-15,66.52,1.692,75.6,42.4,0
ASSET-1C2E1D91,2026-04-16,70.45,1.465,78.4,42.7,0
ASSET-1C2E1D91,2026-04-17,59.08,1.421,72.8,55.4,0
ASSET-1C2E1D91,2026-04-18,60.54,1.611,78.8,43.0,0
ASSET-1C2E1D91,2026-04-19,66.89,1.303,83.1,41.4,0
ASSET-1C2E1D91,2026-04-20,68.74,1.504,71.1,40.6,0
ASSET-1C2E1D91,2026-04-21,68.02,1.337,82.9,46.0,0
ASSET-1C2E1D91,2026-04-22,62.94,1.653,85.8,41.6,0
ASSET-1C2E1D91,2026-04-23,64.18,1.765,84.0,35.4,0
ASSET-1C2E1D91,2026-04-24,62.98,1.144,80.6,55.0,0
ASSET-1C2E1D91,2026-04-25,62.55,1.857,77.7,41.8,0
ASSET-1C2E1D91,2026-04-26,58.28,1.258,80.6,66.2,0
ASSET-1C2E1D91,2026-04-27,65.77,1.448,80.9,58.2,0
ASSET-1C2E1D91,2026-04-28,61.57,1.62,83.0,57.6,0
ASSET-1C2E1D91,2026-04-29,67.05,1.372,79.2,23.1,0
ASSET-1C2E1D91,2026-04-30,65.03,1.389,82.2,53.3,0
ASSET-1C2E1D91,2026-05-01,63.83,1.466,78.2,53.3,0
ASSET-1C2E1D91,2026-05-02,62.83,1.185,78.9,48.4,0
ASSET-1C2E1D91,2026-05-03,67.27,1.502,82.3,58.0,0
ASSET-1C2E1D91,2026-05-04,67.36,1.537,82.4,35.2,0
ASSET-1C2E1D91,2026-05-05,64.17,1.632,78.8,52.1,0
ASSET-1C2E1D91,2026-05-06,64.45,1.349,89.3,53.5,0
ASSET-1C2E1D91,2026-05-07,65.0,1.663,83.2,45.9,0
ASSET-1C2E1D91,2026-05-08,63.13,1.51,74.5,64.1,0
ASSET-1C2E1D91,2026-05-09,61.86,1.844,86.1,51.6,0
ASSET-1C2E1D91,2026-05-10,65.19,1.613,80.0,61.7,0
ASSET-1C2E1D91,2026-05-11,64.34,1.588,84.8,55.6,0
ASSET-1C2E1D91,2026-05-12,68.93,1.411,80.2,51.9,0
ASSET-1C2E1D91,2026-05-13,61.66,1.482,79.3,54.0,0
ASSET-1C2E1D91,2026-05-14,61.92,1.419,77.1,41.0,0
ASSET-1C2E1D91,2026-05-15,62.37,1.348,79.9,50.5,0
ASSET-1C2E1D91,2026-05-16,70.68,1.527,76.1,55.3,0
ASSET-1C2E1D91,2026-05-17,63.56,1.33,83.8,38.0,0
ASSET-1C2E1D91,2026-05-18,65.66,1.458,80.7,47.2,0
ASSET-1C2E1D91,2026-05-19,61.44,1.3,83.0,71.7,0
ASSET-1C2E1D91,2026-05-20,67.24,1.664,81.0,63.5,0
ASSET-1C2E1D91,2026-05-21,65.32,1.461,72.4,35.8,0
ASSET-1C2E1D91,2026-05-22,61.93,1.6,88.1,40.7,0
ASSET-1C2E1D91,2026-05-23,66.05,1.517,86.2,43.9,0
ASSET-1C2E1D91,2026-05-24,65.41,1.516,78.8,40.0,0
ASSET-1C2E1D91,2026-05-25,64.43,1.282,78.6,65.3,0
ASSET-1C2E1D91,2026-05-26,68.48,1.43,74.9,55.1,0
ASSET-1C2E1D91,2026-05-27,66.9,1.332,85.0,62.3,0
ASSET-1C2E1D91,2026-05-28,71.58,1.207,84.1,43.4,0
ASSET-1C2E1D91,2026-05-29,65.47,1.463,74.7,58.3,0
ASSET-1C2E1D91,2026-05-30,64.73,1.222,83.7,38.4,0
ASSET-1C2E1D91,2026-05-31,61.0,1.646,75.0,55.3,0
ASSET-1C2E1D91,2026-06-01,64.48,1.71,83.9,46.9,0
ASSET-1C2E1D91,2026-06-02,68.61,1.36,89.2,40.1,0
ASSET-1C2E1D91,2026-06-03,61.14,1.218,80.0,53.0,0
ASSET-1C2E1D91,2026-06-04,60.34,1.317,78.2,55.8,0
ASSET-1C2E1D91,2026-06-05,63.58,1.741,86.5,34.6,0
ASSET-1C2E1D91,2026-06-06,61.97,1.442,78.7,51.8,0
ASSET-1C2E1D91,2026-06-07,64.9,1.704,80.8,55.4,0
ASSET-1C2E1D91,2026-06-08,68.69,1.389,76.7,42.4,0
ASSET-1C2E1D91,2026-06-09,69.18,1.269,82.0,61.8,0
ASSET-1C2E1D91,2026-06-10,64.15,1.251,81.3,61.2,0
ASSET-1C2E1D91,2026-06-11,65.66,1.679,69.0,41.7,0
ASSET-1C2E1D91,2026-06-12,65.39,1.707,80.0,56.6,0
ASSET-1C2E1D91,2026-06-13,68.63,1.426,89.6,34.9,0
ASSET-1C2E1D91,2026-06-14,63.76,1.565,74.7,39.6,0
ASSET-1C2E1D91,2026-06-15,68.72,1.365,81.4,48.0,0
ASSET-1C2E1D91,2026-06-16,66.77,1.432,74.1,43.2,0
ASSET-1C2E1D91,2026-06-17,72.36,1.564,85.7,53.6,0
ASSET-1C2E1D91,2026-06-18,60.63,1.429,78.7,51.7,0
ASSET-1C2E1D91,2026-06-19,60.71,1.299,88.9,41.0,0
ASSET-1C2E1D91,2026-06-20,65.4,1.675,79.1,49.3,0
ASSET-1C2E1D91,2026-06-21,55.94,1.699,83.1,42.3,0
ASSET-1C2E1D91,2026-06-22,62.97,1.543,86.4,60.3,0
ASSET-1C2E1D91,2026-06-23,58.75,1.203,82.8,57.4,0
ASSET-1C2E1D91,2026-06-24,62.64,1.278,84.6,50.1,0
ASSET-1C2E1D91,2026-06-25,63.16,1.662,79.4,40.7,0
ASSET-1C2E1D91,2026-06-26,66.21,1.265,78.8,41.7,0
ASSET-1C2E1D91,2026-06-27,64.48,1.511,69.1,56.5,0
ASSET-1C2E1D91,2026-06-28,62.78,1.446,71.4,51.8,0
ASSET-1C2E1D91,2026-06-29,65.02,2.027,71.4,69.1,0
ASSET-1C2E1D91,2026-06-30,68.16,1.385,78.5,47.5,0
ASSET-1C2E1D91,2026-07-01,66.06,1.586,78.2,49.5,0
ASSET-1C2E1D91,2026-07-02,67.15,1.732,78.9,33.8,0
ASSET-1C2E1D91,2026-07-03,61.0,1.761,84.5,46.8,0
ASSET-1C2E1D91,2026-07-04,61.69,1.372,86.9,46.0,0
ASSET-1C2E1D91,2026-07-05,65.48,1.498,79.6,45.9,0
ASSET-1C2E1D91,2026-07-06,68.17,1.185,84.2,44.6,0
ASSET-1C2E1D91,2026-07-07,61.76,1.135,79.9,49.9,0
ASSET-1C2E1D91,2026-07-08,66.7,1.252,86.5,38.1,0
ASSET-1C2E1D91,2026-07-09,64.77,1.564,88.8,32.9,0
ASSET-1C2E1D91,2026-07-10,62.48,1.751,79.3,45.1,0
ASSET-1C2E1D91,2026-07-11,58.81,1.759,78.3,58.3,0
ASSET-1C2E1D91,2026-07-12,68.54,1.29,86.9,63.2,0
ASSET-1C2E1D91,2026-07-13,68.29,1.246,80.6,61.6,0
ASSET-1C2E1D91,2026-07-14,67.3,1.649,74.7,50.2,0
ASSET-1C2E1D91,2026-07-15,62.41,1.242,74.7,42.2,0
ASSET-1C2E1D91,2026-07-16,65.44,1.479,95.4,34.5,0
ASSET-1C2E1D91,2026-07-17,64.87,1.571,73.3,42.3,0
ASSET-1C2E1D91,2026-07-18,63.89,1.785,81.6,37.8,0
ASSET-1C2E1D91,2026-07-19,59.0,1.391,77.0,73.0,0
ASSET-1C2E1D91,2026-07-20,67.1,1.179,78.2,41.0,0
ASSET-1C2E1D91,2026-07-21,62.09,1.729,83.8,65.8,0
ASSET-1C2E1D91,2026-07-22,63.78,1.5,76.5,62.3,0
ASSET-1C2E1D91,2026-07-23,64.59,1.627,80.0,46.5,0
ASSET-1C2E1D91,2026-07-24,64.01,1.153,72.3,56.3,0
ASSET-1C2E1D91,2026-07-25,69.34,1.904,83.7,44.7,0
ASSET-1C2E1D91,2026-07-26,67.91,1.546,73.3,44.8,0
ASSET-1C2E1D91,2026-07-27,64.21,1.885,78.9,34.4,0
ASSET-1C2E1D91,2026-07-28,64.5,1.481,82.5,55.4,0
ASSET-1C2E1D91,2026-07-29,59.34,1.588,79.9,54.9,0
ASSET-1C2E1D91,2026-07-30,69.41,1.75,78.6,48.2,0
ASSET-1C2E1D91,2026-07-31,64.4,1.699,81.6,61.9,0
ASSET-1C2E1D91,2026-08-01,61.93,1.257,83.2,64.2,0
ASSET-1C2E1D91,2026-08-02,66.84,1.665,80.4,55.8,0
ASSET-1C2E1D91,2026-08-03,62.66,1.661,77.4,45.1,0
ASSET-1C2E1D91,2026-08-04,65.76,1.369,82.0,48.8,0
ASSET-1C2E1D91,2026-08-05,68.38,1.319,69.5,50.4,0
ASSET-1C2E1D91,2026-08-06,65.27,1.272,81.1,43.0,0
ASSET-1C2E1D91,2026-08-07,61.13,1.336,75.7,49.9,0
ASSET-1C2E1D91,2026-08-08,58.65,1.359,84.5,38.4,0
ASSET-1C2E1D91,2026-08-09,67.96,1.741,85.9,66.3,0
ASSET-1C2E1D91,2026-08-10,65.85,1.641,81.2,54.3,0
ASSET-1C2E1D91,2026-08-11,58.85,1.706,82.1,36.1,0
ASSET-1C2E1D91,2026-08-12,67.21,1.239,83.2,48.5,0
ASSET-1C2E1D91,2026-08-13,63.55,1.863,70.5,41.5,0
ASSET-1C2E1D91,2026-08-14,72.71,1.471,81.9,54.1,0
ASSET-1C2E1D91,2026-08-15,65.88,1.616,79.5,59.5,0
ASSET-1C2E1D91,2026-08-16,65.22,1.503,78.5,45.9,0
ASSET-1C2E1D91,2026-08-17,62.07,1.136,79.7,24.9,0
ASSET-1C2E1D91,2026-08-18,64.74,1.527,76.9,33.2,0
ASSET-1C2E1D91,2026-08-19,66.29,1.769,71.6,45.1,0
ASSET-1C2E1D91,2026-08-20,63.09,1.48,82.3,60.6,0
ASSET-1C2E1D91,2026-08-21,69.02,1.41,84.4,56.0,0
ASSET-1C2E1D91,2026-08-22,69.47,1.455,74.6,44.2,0
ASSET-1C2E1D91,2026-08-23,64.68,1.566,73.5,36.4,0
ASSET-1C2E1D91,2026-08-24,63.87,1.578,90.5,52.4,0
ASSET-1C2E1D91,2026-08-25,63.43,1.385,81.5,60.4,0
ASSET-1C2E1D91,2026-08-26,65.53,1.699,79.1,39.3,0
ASSET-1C2E1D91,2026-08-27,69.62,1.655,76.6,50.5,0
ASSET-1C2E1D91,2026-08-28,65.38,1.448,91.1,29.3,0
ASSET-1C2E1D91,2026-08-29,63.91,1.311,77.3,52.5,0
ASSET-1C2E1D91,2026-08-30,61.24,1.482,83.8,32.7,0
ASSET-1C2E1D91,2026-08-31,64.96,1.537,81.1,34.2,0
ASSET-1C2E1D91,2026-09-01,66.2,1.241,76.0,31.5,0
ASSET-1C2E1D91,2026-09-02,66.63,1.212,83.5,61.2,0
ASSET-1C2E1D91,2026-09-03,62.52,1.598,75.5,65.8,0
ASSET-1C2E1D91,2026-09-04,69.88,1.3,84.8,39.7,0
ASSET-1C2E1D91,2026-09-05,66.95,1.239,82.9,45.5,0
ASSET-1C2E1D91,2026-09-06,65.77,1.333,81.3,51.0,0
ASSET-1C2E1D91,2026-09-07,66.88,1.467,81.4,48.5,0
ASSET-1C2E1D91,2026-09-08,62.26,1.315,87.0,52.1,0
ASSET-1C2E1D91,2026-09-09,61.12,1.938,87.0,44.9,0
ASSET-1C2E1D91,2026-09-10,65.24,1.536,78.5,44.9,0
ASSET-1C2E1D91,2026-09-11,68.03,1.58,81.2,64.5,0
ASSET-1C2E1D91,2026-09-12,61.0,1.421,81.3,45.8,0
ASSET-1C2E1D91,2026-09-13,64.72,1.674,80.6,52.1,0
ASSET-1C2E1D91,2026-09-14,65.44,1.193,81.5,51.6,0
ASSET-1C2E1D91,2026-09-15,60.13,1.618,84.9,45.5,0
ASSET-4A7621B8,2026-03-20,66.29,1.703,84.4,53.1,0
ASSET-4A7621B8,2026-03-21,59.43,1.387,86.1,71.9,0
ASSET-4A7621B8,2026-03-22,69.26,1.268,74.7,66.5,0
ASSET-4A7621B8,2026-03-23,68.32,1.251,72.9,48.1,0
ASSET-4A7621B8,2026-03-24,67.27,1.433,79.6,67.9,0
ASSET-4A7621B8,2026-03-25,67.1,1.333,71.6,41.6,0
ASSET-4A7621B8,2026-03-26,63.23,1.137,86.1,47.2,0
ASSET-4A7621B8,2026-03-27,66.16,1.302,83.4,27.3,0
ASSET-4A7621B8,2026-03-28,63.39,1.77,67.6,55.2,0
ASSET-4A7621B8,2026-03-29,64.72,1.334,86.1,58.4,0
ASSET-4A7621B8,2026-03-30,69.25,1.415,74.5,50.5,0
ASSET-4A7621B8,2026-03-31,67.22,1.771,75.2,58.7,0
ASSET-4A7621B8,2026-04-01,63.69,1.655,80.5,43.2,0
ASSET-4A7621B8,2026-04-02,66.89,1.08,82.8,53.4,0
ASSET-4A7621B8,2026-04-03,64.15,1.503,75.6,57.3,0
ASSET-4A7621B8,2026-04-04,64.04,1.039,82.7,60.4,0
ASSET-4A7621B8,2026-04-05,62.44,1.66,77.0,45.1,0
ASSET-4A7621B8,2026-04-06,62.24,1.487,80.7,71.7,0
ASSET-4A7621B8,2026-04-07,67.51,1.461,71.1,42.5,0
ASSET-4A7621B8,2026-04-08,65.92,1.649,89.5,34.7,0
ASSET-4A7621B8,2026-04-09,69.75,1.477,75.1,46.2,0
ASSET-4A7621B8,2026-04-10,66.63,1.486,84.2,63.9,0
ASSET-4A7621B8,2026-04-11,64.85,1.493,84.1,56.6,0
ASSET-4A7621B8,2026-04-12,62.83,1.846,80.3,81.7,0
ASSET-4A7621B8,2026-04-13,63.83,1.243,84.2,42.5,0
ASSET-4A7621B8,2026-04-14,63.84,1.694,75.5,47.8,0
ASSET-4A7621B8,2026-04-15,63.63,1.418,81.2,47.3,0
ASSET-4A7621B8,2026-04-16,60.66,1.301,77.5,37.2,0
ASSET-4A7621B8,2026-04-17,66.81,1.389,76.6,48.4,0
ASSET-4A7621B8,2026-04-18,64.15,1.374,74.4,65.3,0
ASSET-4A7621B8,2026-04-19,66.24,1.348,84.5,65.8,0
ASSET-4A7621B8,2026-04-20,64.13,1.32,84.0,44.9,0
ASSET-4A7621B8,2026-04-21,64.28,1.219,82.7,54.5,0
ASSET-4A7621B8,2026-04-22,62.65,1.365,75.0,60.7,0
ASSET-4A7621B8,2026-04-23,67.18,1.641,86.0,52.6,0
ASSET-4A7621B8,2026-04-24,61.6,1.317,83.6,66.6,0
ASSET-4A7621B8,2026-04-25,57.22,1.862,88.7,54.9,0
ASSET-4A7621B8,2026-04-26,63.16,1.642,79.8,29.3,0
ASSET-4A7621B8,2026-04-27,68.82,1.49,82.7,48.3,0
ASSET-4A7621B8,2026-04-28,59.7,1.764,78.2,73.6,0
ASSET-4A7621B8,2026-04-29,63.4,1.514,67.4,40.2,0
ASSET-4A7621B8,2026-04-30,68.3,1.11,85.3,38.9,0
ASSET-4A7621B8,2026-05-01,70.54,1.288,92.0,56.2,0
ASSET-4A7621B8,2026-05-02,62.95,1.504,74.8,44.2,0
ASSET-4A7621B8,2026-05-03,63.07,1.589,77.2,48.2,0
ASSET-4A7621B8,2026-05-04,61.86,1.395,82.1,46.9,0
ASSET-4A7621B8,2026-05-05,63.08,1.661,81.2,44.9,0
ASSET-4A7621B8,2026-05-06,63.96,1.099,83.7,49.5,0
ASSET-4A7621B8,2026-05-07,59.39,1.73,74.8,42.8,0
ASSET-4A7621B8,2026-05-08,65.85,1.279,74.3,47.2,0
ASSET-4A7621B8,2026-05-09,64.86,1.549,78.8,54.7,0
ASSET-4A7621B8,2026-05-10,67.37,1.37,89.4,48.2,0
ASSET-4A7621B8,2026-05-11,61.86,1.289,89.7,64.3,0
ASSET-4A7621B8,2026-05-12,66.38,1.548,79.6,47.1,0
ASSET-4A7621B8,2026-05-13,64.28,1.701,72.9,57.3,0
ASSET-4A7621B8,2026-05-14,65.14,1.775,74.9,47.8,0
ASSET-4A7621B8,2026-05-15,64.14,1.564,77.5,64.1,0
ASSET-4A7621B8,2026-05-16,68.17,1.942,75.1,58.7,0
ASSET-4A7621B8,2026-05-17,61.88,1.246,83.1,40.8,0
ASSET-4A7621B8,2026-05-18,60.66,1.646,66.6,54.8,0
ASSET-4A7621B8,2026-05-19,65.27,1.696,77.7,45.9,0
ASSET-4A7621B8,2026-05-20,62.09,1.253,78.1,39.0,0
ASSET-4A7621B8,2026-05-21,65.45,1.712,73.3,59.5,0
ASSET-4A7621B8,2026-05-22,65.07,1.421,82.8,43.2,0
ASSET-4A7621B8,2026-05-23,63.55,1.829,78.1,61.1,0
ASSET-4A7621B8,2026-05-24,63.53,1.524,82.6,53.1,0
ASSET-4A7621B8,2026-05-25,62.87,1.33,79.3,56.6,0
ASSET-4A7621B8,2026-05-26,65.97,1.49,77.4,49.9,0
ASSET-4A7621B8,2026-05-27,63.06,1.719,80.6,61.6,0
ASSET-4A7621B8,2026-05-28,62.45,1.559,75.1,45.8,0
ASSET-4A7621B8,2026-05-29,67.37,1.266,75.8,51.0,0
ASSET-4A7621B8,2026-05-30,67.28,1.783,79.2,50.9,0
ASSET-4A7621B8,2026-05-31,63.97,1.273,81.3,54.2,0
ASSET-4A7621B8,2026-06-01,68.72,1.049,74.0,51.7,0
ASSET-4A7621B8,2026-06-02,64.99,1.539,72.7,42.7,0
ASSET-4A7621B8,2026-06-03,68.06,1.392,76.9,49.0,0
ASSET-4A7621B8,2026-06-04,66.16,1.269,85.0,72.8,0
ASSET-4A7621B8,2026-06-05,64.4,1.265,82.1,51.5,0
ASSET-4A7621B8,2026-06-06,66.01,1.085,91.2,47.0,0
ASSET-4A7621B8,2026-06-07,67.38,1.523,81.9,57.3,0
ASSET-4A7621B8,2026-06-08,64.72,1.739,80.8,61.2,0
ASSET-4A7621B8,2026-06-09,65.38,1.194,75.0,66.8,0
ASSET-4A7621B8,2026-06-10,68.31,1.712,74.8,55.2,0
ASSET-4A7621B8,2026-06-11,59.15,1.538,79.1,56.1,0
ASSET-4A7621B8,2026-06-12,69.69,1.613,84.4,55.0,0
ASSET-4A7621B8,2026-06-13,65.93,1.403,86.0,52.8,0
ASSET-4A7621B8,2026-06-14,67.3,1.221,75.9,67.1,0
ASSET-4A7621B8,2026-06-15,67.78,1.824,79.8,49.1,0
ASSET-4A7621B8,2026-06-16,67.35,1.493,82.3,41.0,0
ASSET-4A7621B8,2026-06-17,68.39,1.419,81.4,65.5,0
ASSET-4A7621B8,2026-06-18,65.91,1.508,68.8,46.7,0
ASSET-4A7621B8,2026-06-19,66.21,1.397,79.9,59.6,0
ASSET-4A7621B8,2026-06-20,59.79,1.565,78.2,46.7,0
ASSET-4A7621B8,2026-06-21,65.95,1.483,80.4,41.4,0
ASSET-4A7621B8,2026-06-22,66.22,1.325,78.7,44.5,0
ASSET-4A7621B8,2026-06-23,68.25,1.73,90.9,40.5,0
ASSET-4A7621B8,2026-06-24,67.64,1.384,81.8,47.8,0
ASSET-4A7621B8,2026-06-25,73.52,1.598,77.4,63.1,0
ASSET-4A7621B8,2026-06-26,65.62,1.592,84.8,55.1,0
ASSET-4A7621B8,2026-06-27,64.63,1.57,87.2,39.2,0
ASSET-4A7621B8,2026-06-28,64.09,1.705,82.5,60.6,0
ASSET-4A7621B8,2026-06-29,62.33,1.789,89.2,50.7,0
ASSET-4A7621B8,2026-06-30,63.18,1.318,69.7,54.8,0
ASSET-4A7621B8,2026-07-01,70.3,1.161,79.7,47.8,0
ASSET-4A7621B8,2026-07-02,63.37,1.542,84.5,44.0,0
ASSET-4A7621B8,2026-07-03,65.93,1.629,84.9,45.0,0
ASSET-4A7621B8,2026-07-04,70.29,1.417,80.9,55.5,0
ASSET-4A7621B8,2026-07-05,64.32,1.481,80.3,51.4,0
ASSET-4A7621B8,2026-07-06,63.23,1.234,74.0,48.3,0
ASSET-4A7621B8,2026-07-07,66.14,1.737,83.0,55.3,0
ASSET-4A7621B8,2026-07-08,64.6,1.613,83.4,66.8,0
ASSET-4A7621B8,2026-07-09,68.36,1.435,77.4,58.9,0
ASSET-4A7621B8,2026-07-10,66.03,1.337,84.2,60.6,0
ASSET-4A7621B8,2026-07-11,67.53,1.794,70.3,39.7,0
ASSET-4A7621B8,2026-07-12,68.8,1.701,81.1,54.4,0
ASSET-4A7621B8,2026-07-13,68.27,1.43,83.9,38.5,0
ASSET-4A7621B8,2026-07-14,68.76,1.492,83.0,50.6,0
ASSET-4A7621B8,2026-07-15,57.44,1.288,81.2,44.6,0
ASSET-4A7621B8,2026-07-16,60.01,1.446,81.3,51.1,0
ASSET-4A7621B8,2026-07-17,67.72,1.745,81.3,50.6,0
ASSET-4A7621B8,2026-07-18,67.37,1.304,76.0,40.9,0
ASSET-4A7621B8,2026-07-19,69.86,1.264,76.8,64.3,0
ASSET-4A7621B8,2026-07-20,67.17,1.351,80.4,68.1,0
ASSET-4A7621B8,2026-07-21,61.36,1.618,89.3,51.0,0
ASSET-4A7621B8,2026-07-22,67.56,1.168,82.6,56.7,0
ASSET-4A7621B8,2026-07-23,67.34,1.382,76.3,32.1,0
ASSET-4A7621B8,2026-07-24,62.78,1.333,79.4,61.9,0
ASSET-4A7621B8,2026-07-25,66.49,1.441,80.9,68.3,0
ASSET-4A7621B8,2026-07-26,63.93,1.483,73.3,27.5,0
ASSET-4A7621B8,2026-07-27,64.88,1.606,86.6,41.8,0
ASSET-4A7621B8,2026-07-28,64.48,1.357,87.7,54.6,0
ASSET-4A7621B8,2026-07-29,63.46,1.311,77.3,45.1,0
ASSET-4A7621B8,2026-07-30,64.97,1.296,72.6,47.9,0
ASSET-4A7621B8,2026-07-31,63.84,1.688,81.7,46.9,0
ASSET-4A7621B8,2026-08-01,62.96,1.431,86.4,54.6,0
ASSET-4A7621B8,2026-08-02,64.48,1.57,82.7,46.8,0
ASSET-4A7621B8,2026-08-03,66.86,2.079,78.0,39.0,0
ASSET-4A7621B8,2026-08-04,64.05,1.569,71.5,59.2,0
ASSET-4A7621B8,2026-08-05,65.08,1.244,79.1,41.7,0
ASSET-4A7621B8,2026-08-06,61.94,1.588,81.6,46.1,0
ASSET-4A7621B8,2026-08-07,58.94,1.346,81.3,43.0,0
ASSET-4A7621B8,2026-08-08,58.61,1.198,82.8,52.3,0
ASSET-4A7621B8,2026-08-09,65.74,1.588,79.8,38.7,0
ASSET-4A7621B8,2026-08-10,59.88,1.597,81.7,47.5,0
ASSET-4A7621B8,2026-08-11,64.28,1.675,73.0,51.9,0
ASSET-4A7621B8,2026-08-12,66.75,1.346,77.1,41.7,0
ASSET-4A7621B8,2026-08-13,65.07,1.608,88.7,53.5,0
ASSET-4A7621B8,2026-08-14,63.88,1.555,77.8,57.6,0
ASSET-4A7621B8,2026-08-15,66.76,1.725,78.4,64.7,0
ASSET-4A7621B8,2026-08-16,63.83,1.347,81.3,51.1,0
ASSET-4A7621B8,2026-08-17,64.77,1.668,74.0,30.4,0
ASSET-4A7621B8,2026-08-18,65.86,1.454,89.2,44.0,0
ASSET-4A7621B8,2026-08-19,68.62,1.154,78.7,57.2,0
ASSET-4A7621B8,2026-08-20,66.66,1.577,78.5,50.3,0
ASSET-4A7621B8,2026-08-21,62.0,1.553,80.8,48.2,0
ASSET-4A7621B8,2026-08-22,68.07,1.601,86.6,67.2,0
ASSET-4A7621B8,2026-08-23,62.17,1.479,68.2,24.6,0
ASSET-4A7621B8,2026-08-24,66.24,1.576,76.1,59.6,0
ASSET-4A7621B8,2026-08-25,69.03,1.624,75.5,39.6,0
ASSET-4A7621B8,2026-08-26,64.72,1.507,81.1,51.1,0
ASSET-4A7621B8,2026-08-27,62.07,1.716,72.1,70.2,0
ASSET-4A7621B8,2026-08-28,64.97,1.533,80.4,55.7,0
ASSET-4A7621B8,2026-08-29,64.72,1.456,78.8,49.3,0
ASSET-4A7621B8,2026-08-30,61.57,1.37,76.0,49.2,0
ASSET-4A7621B8,2026-08-31,64.6,1.122,72.9,63.3,0
ASSET-4A7621B8,2026-09-01,66.82,1.823,77.2,38.9,0
ASSET-4A7621B8,2026-09-02,61.62,1.283,83.3,45.9,0
ASSET-4A7621B8,2026-09-03,59.8,1.634,82.0,52.4,0
ASSET-4A7621B8,2026-09-04,69.06,1.594,84.4,41.9,0
ASSET-4A7621B8,2026-09-05,67.82,1.788,83.1,51.3,0
ASSET-4A7621B8,2026-09-06,64.08,1.346,80.2,49.6,0
ASSET-4A7621B8,2026-09-07,61.96,1.613,75.1,50.5,0
ASSET-4A7621B8,2026-09-08,61.77,1.62,76.8,45.6,0
ASSET-4A7621B8,2026-09-09,71.53,1.484,77.4,52.1,0
ASSET-4A7621B8,2026-09-10,61.89,1.322,78.2,56.9,0
ASSET-4A7621B8,2026-09-11,64.34,1.912,87.3,37.9,0
ASSET-4A7621B8,2026-09-12,67.51,1.243,86.3,50.9,0
ASSET-4A7621B8,2026-09-13,68.38,1.513,85.4,64.1,0
ASSET-4A7621B8,2026-09-14,65.04,1.389,84.9,58.4,0
ASSET-4A7621B8,2026-09-15,63.87,1.648,83.2,40.1,0
ASSET-F7DAB472,2026-03-20,63.68,1.339,77.3,40.1,0
ASSET-F7DAB472,2026-03-21,66.67,1.442,78.3,52.3,0
ASSET-F7DAB472,2026-03-22,68.77,0.884,78.2,60.0,0
ASSET-F7DAB472,2026-03-23,60.83,1.494,72.1,41.8,0
ASSET-F7DAB472,2026-03-24,68.92,1.361,78.4,51.5,0
ASSET-F7DAB472,2026-03-25,60.58,1.424,79.5,50.4,0
ASSET-F7DAB472,2026-03-26,60.81,1.484,74.9,34.9,0
ASSET-F7DAB472,2026-03-27,67.32,1.664,82.9,65.0,0
ASSET-F7DAB472,2026-03-28,61.71,1.513,78.8,50.7,0
ASSET-F7DAB472,2026-03-29,67.1,1.476,77.2,54.6,0
ASSET-F7DAB472,2026-03-30,68.57,1.432,81.1,61.2,0
ASSET-F7DAB472,2026-03-31,66.01,1.969,81.7,51.0,0
ASSET-F7DAB472,2026-04-01,67.15,1.231,89.8,43.3,0
ASSET-F7DAB472,2026-04-02,62.62,1.565,79.9,32.2,0
ASSET-F7DAB472,2026-04-03,61.11,1.631,78.1,42.0,0
ASSET-F7DAB472,2026-04-04,65.21,1.644,82.2,52.4,0
ASSET-F7DAB472,2026-04-05,69.71,1.25,76.9,45.0,0
ASSET-F7DAB472,2026-04-06,62.24,1.722,85.7,48.9,0
ASSET-F7DAB472,2026-04-07,66.37,1.366,83.2,45.3,0
ASSET-F7DAB472,2026-04-08,63.03,1.652,78.1,62.0,0
ASSET-F7DAB472,2026-04-09,69.54,1.656,88.0,36.2,0
ASSET-F7DAB472,2026-04-10,61.99,1.65,80.8,58.6,0
ASSET-F7DAB472,2026-04-11,61.56,1.555,74.8,35.2,0
ASSET-F7DAB472,2026-04-12,64.52,1.47,83.0,64.1,0
ASSET-F7DAB472,2026-04-13,70.55,1.474,82.9,51.3,0
ASSET-F7DAB472,2026-04-14,63.99,1.574,85.7,54.7,0
ASSET-F7DAB472,2026-04-15,62.03,1.448,74.3,64.0,0
ASSET-F7DAB472,2026-04-16,59.63,1.531,75.6,60.1,0
ASSET-F7DAB472,2026-04-17,66.46,0.9,78.0,38.8,0
ASSET-F7DAB472,2026-04-18,61.43,1.39,73.0,64.8,0
ASSET-F7DAB472,2026-04-19,64.01,1.468,83.9,47.9,0
ASSET-F7DAB472,2026-04-20,62.58,1.996,78.0,55.8,0
ASSET-F7DAB472,2026-04-21,62.96,1.423,84.5,52.8,0
ASSET-F7DAB472,2026-04-22,67.88,1.485,71.7,55.0,0
ASSET-F7DAB472,2026-04-23,60.2,1.792,73.9,59.5,0
ASSET-F7DAB472,2026-04-24,65.49,1.517,77.9,41.5,0
ASSET-F7DAB472,2026-04-25,67.93,1.349,82.0,45.5,0
ASSET-F7DAB472,2026-04-26,65.13,1.358,76.8,50.5,0
ASSET-F7DAB472,2026-04-27,64.38,1.372,82.1,42.7,0
ASSET-F7DAB472,2026-04-28,63.39,1.457,83.7,54.0,0
ASSET-F7DAB472,2026-04-29,64.98,1.309,77.8,61.3,0
ASSET-F7DAB472,2026-04-30,62.1,1.648,79.3,39.1,0
ASSET-F7DAB472,2026-05-01,66.37,1.381,81.8,51.0,0
ASSET-F7DAB472,2026-05-02,61.09,1.595,83.6,45.6,0
ASSET-F7DAB472,2026-05-03,63.26,1.725,77.1,45.0,0
ASSET-F7DAB472,2026-05-04,66.17,1.409,77.9,47.0,0
ASSET-F7DAB472,2026-05-05,68.57,1.321,86.0,57.8,0
ASSET-F7DAB472,2026-05-06,62.5,1.554,74.3,61.3,0
ASSET-F7DAB472,2026-05-07,67.62,1.449,83.4,44.1,0
ASSET-F7DAB472,2026-05-08,66.13,1.66,74.8,61.4,0
ASSET-F7DAB472,2026-05-09,71.43,1.495,77.3,47.8,0
ASSET-F7DAB472,2026-05-10,65.75,1.603,82.3,58.6,0
ASSET-F7DAB472,2026-05-11,69.38,1.591,73.6,54.3,0
ASSET-F7DAB472,2026-05-12,65.49,1.579,80.0,55.8,0
ASSET-F7DAB472,2026-05-13,64.27,1.752,78.6,37.9,0
ASSET-F7DAB472,2026-05-14,67.19,1.353,81.2,45.1,0
ASSET-F7DAB472,2026-05-15,62.73,1.28,85.5,32.2,0
ASSET-F7DAB472,2026-05-16,65.14,1.744,78.9,46.6,0
ASSET-F7DAB472,2026-05-17,65.73,1.359,79.1,56.2,0
ASSET-F7DAB472,2026-05-18,62.7,1.51,79.1,53.9,0
ASSET-F7DAB472,2026-05-19,69.45,1.332,80.1,37.4,0
ASSET-F7DAB472,2026-05-20,64.31,1.715,89.0,53.1,0
ASSET-F7DAB472,2026-05-21,68.76,1.733,74.2,65.5,0
ASSET-F7DAB472,2026-05-22,64.23,1.884,82.9,53.4,0
ASSET-F7DAB472,2026-05-23,62.81,1.549,86.4,37.4,0
ASSET-F7DAB472,2026-05-24,63.86,1.509,80.3,57.4,0
ASSET-F7DAB472,2026-05-25,62.4,1.406,77.2,59.6,0
ASSET-F7DAB472,2026-05-26,63.35,1.425,82.3,55.1,0
ASSET-F7DAB472,2026-05-27,64.88,1.416,75.6,69.5,0
ASSET-F7DAB472,2026-05-28,62.71,1.848,79.7,50.6,0
ASSET-F7DAB472,2026-05-29,70.02,1.501,76.6,49.7,0
ASSET-F7DAB472,2026-05-30,69.65,1.608,79.1,40.7,0
ASSET-F7DAB472,2026-05-31,69.27,1.556,77.1,61.6,0
ASSET-F7DAB472,2026-06-01,64.32,1.488,83.1,54.5,0
ASSET-F7DAB472,2026-06-02,65.27,1.403,86.5,67.5,0
ASSET-F7DAB472,2026-06-03,63.62,1.645,82.3,60.1,0
ASSET-F7DAB472,2026-06-04,63.18,1.57,76.0,50.0,0
ASSET-F7DAB472,2026-06-05,67.13,1.251,71.5,43.7,0
ASSET-F7DAB472,2026-06-06,64.43,1.579,83.3,46.5,0
ASSET-F7DAB472,2026-06-07,63.76,1.565,79.8,69.3,0
ASSET-F7DAB472,2026-06-08,64.37,1.556,77.3,46.2,0
ASSET-F7DAB472,2026-06-09,60.47,1.659,87.0,44.1,0
ASSET-F7DAB472,2026-06-10,63.64,1.462,84.9,51.3,0
ASSET-F7DAB472,2026-06-11,67.78,1.072,78.5,50.5,0
ASSET-F7DAB472,2026-06-12,67.93,1.864,80.4,31.6,0
ASSET-F7DAB472,2026-06-13,68.22,1.694,75.5,40.7,0
ASSET-F7DAB472,2026-06-14,62.7,1.206,76.8,47.6,0
ASSET-F7DAB472,2026-06-15,63.57,1.371,77.0,39.9,0
ASSET-F7DAB472,2026-06-16,66.78,1.595,82.1,53.8,0
ASSET-F7DAB472,2026-06-17,64.48,1.852,77.4,42.8,0
ASSET-F7DAB472,2026-06-18,57.75,1.255,80.2,74.0,0
ASSET-F7DAB472,2026-06-19,66.61,1.298,76.4,48.9,0
ASSET-F7DAB472,2026-06-20,63.8,1.34,84.6,44.5,0
ASSET-F7DAB472,2026-06-21,64.25,1.466,79.3,38.3,0
ASSET-F7DAB472,2026-06-22,61.08,1.399,77.9,53.4,0
ASSET-F7DAB472,2026-06-23,69.93,1.383,79.1,59.9,0
ASSET-F7DAB472,2026-06-24,70.6,1.26,76.3,34.2,0
ASSET-F7DAB472,2026-06-25,65.16,1.611,80.2,47.8,0
ASSET-F7DAB472,2026-06-26,64.6,1.488,71.7,50.0,0
ASSET-F7DAB472,2026-06-27,66.87,1.772,85.8,58.0,0
ASSET-F7DAB472,2026-06-28,60.78,1.533,85.5,64.9,0
ASSET-F7DAB472,2026-06-29,62.33,1.401,75.2,52.4,0
ASSET-F7DAB472,2026-06-30,64.64,1.313,77.4,36.8,0
ASSET-F7DAB472,2026-07-01,61.25,1.169,78.5,43.3,0
ASSET-F7DAB472,2026-07-02,60.93,1.44,78.0,52.8,0
ASSET-F7DAB472,2026-07-03,64.0,1.548,78.2,55.8,0
ASSET-F7DAB472,2026-07-04,58.23,1.387,86.4,47.3,0
ASSET-F7DAB472,2026-07-05,67.62,1.751,81.5,41.2,0
ASSET-F7DAB472,2026-07-06,63.12,1.759,86.2,45.7,0
ASSET-F7DAB472,2026-07-07,67.19,1.391,72.7,51.9,0
ASSET-F7DAB472,2026-07-08,67.34,1.265,73.1,47.6,0
ASSET-F7DAB472,2026-07-09,58.65,1.244,84.8,58.3,0
ASSET-F7DAB472,2026-07-10,61.19,1.109,74.6,54.9,0
ASSET-F7DAB472,2026-07-11,63.9,1.77,84.0,65.5,0
ASSET-F7DAB472,2026-07-12,65.27,1.366,86.4,69.4,0
ASSET-F7DAB472,2026-07-13,70.41,1.78,78.7,56.1,0
ASSET-F7DAB472,2026-07-14,62.27,1.13,82.4,42.8,0
ASSET-F7DAB472,2026-07-15,65.55,1.656,77.2,51.1,0
ASSET-F7DAB472,2026-07-16,61.45,1.396,83.9,59.0,0
ASSET-F7DAB472,2026-07-17,66.29,1.324,76.3,55.8,0
ASSET-F7DAB472,2026-07-18,63.53,1.197,74.9,59.7,0
ASSET-F7DAB472,2026-07-19,66.59,2.019,77.3,53.3,0
ASSET-F7DAB472,2026-07-20,61.75,1.657,79.1,32.3,0
ASSET-F7DAB472,2026-07-21,67.84,1.572,72.8,56.7,0
ASSET-F7DAB472,2026-07-22,62.2,1.568,80.3,49.3,0
ASSET-F7DAB472,2026-07-23,56.81,1.684,85.5,43.9,0
ASSET-F7DAB472,2026-07-24,66.67,1.139,70.5,48.9,0
ASSET-F7DAB472,2026-07-25,64.0,1.75,86.1,54.9,0
ASSET-F7DAB472,2026-07-26,64.89,1.078,79.0,68.2,0
ASSET-F7DAB472,2026-07-27,65.28,1.464,75.8,56.6,0
ASSET-F7DAB472,2026-07-28,61.66,1.487,75.6,28.5,0
ASSET-F7DAB472,2026-07-29,64.03,1.444,78.9,48.0,0
ASSET-F7DAB472,2026-07-30,64.26,1.338,86.2,50.8,0
ASSET-F7DAB472,2026-07-31,62.91,1.62,76.3,56.5,0
ASSET-F7DAB472,2026-08-01,66.4,1.471,87.1,35.5,0
ASSET-F7DAB472,2026-08-02,66.15,1.659,83.9,53.1,0
ASSET-F7DAB472,2026-08-03,60.91,1.965,89.8,46.3,0
ASSET-F7DAB472,2026-08-04,58.25,1.59,83.8,46.2,0
ASSET-F7DAB472,2026-08-05,67.97,1.666,85.1,56.2,0
ASSET-F7DAB472,2026-08-06,65.22,1.339,81.5,65.2,0
ASSET-F7DAB472,2026-08-07,66.18,1.606,87.6,66.2,0
ASSET-F7DAB472,2026-08-08,68.6,1.802,73.8,62.1,0
ASSET-F7DAB472,2026-08-09,62.44,1.605,85.4,41.4,0
ASSET-F7DAB472,2026-08-10,64.03,1.843,77.8,46.2,0
ASSET-F7DAB472,2026-08-11,64.91,1.885,72.8,70.0,0
ASSET-F7DAB472,2026-08-12,62.78,1.779,72.0,56.5,0
ASSET-F7DAB472,2026-08-13,63.88,1.718,79.7,62.6,0
ASSET-F7DAB472,2026-08-14,59.45,1.399,79.3,50.9,0
ASSET-F7DAB472,2026-08-15,62.67,1.444,75.1,40.8,0
ASSET-F7DAB472,2026-08-16,66.49,1.758,80.5,45.8,0
ASSET-F7DAB472,2026-08-17,65.25,1.296,73.8,49.7,0
ASSET-F7DAB472,2026-08-18,65.74,1.317,82.1,21.2,0
ASSET-F7DAB472,2026-08-19,64.93,1.427,77.4,36.3,0
ASSET-F7DAB472,2026-08-20,67.88,1.296,86.4,50.0,0
ASSET-F7DAB472,2026-08-21,58.51,1.289,80.2,39.1,0
ASSET-F7DAB472,2026-08-22,67.71,1.419,85.1,59.8,0
ASSET-F7DAB472,2026-08-23,65.91,1.324,82.4,58.9,0
ASSET-F7DAB472,2026-08-24,63.71,1.534,74.0,45.0,0
ASSET-F7DAB472,2026-08-25,73.51,1.571,83.8,45.2,0
ASSET-F7DAB472,2026-08-26,66.62,1.422,84.2,24.5,0
ASSET-F7DAB472,2026-08-27,62.38,1.769,85.3,60.9,0
ASSET-F7DAB472,2026-08-28,63.18,1.673,76.3,46.1,0
ASSET-F7DAB472,2026-08-29,65.29,1.241,87.9,54.8,0
ASSET-F7DAB472,2026-08-30,65.0,1.57,84.0,41.4,0
ASSET-F7DAB472,2026-08-31,68.92,1.334,85.3,40.3,0
ASSET-F7DAB472,2026-09-01,67.28,1.465,75.0,51.9,0
ASSET-F7DAB472,2026-09-02,65.88,1.24,75.0,50.2,0
ASSET-F7DAB472,2026-09-03,64.2,1.556,76.9,58.5,0
ASSET-F7DAB472,2026-09-04,69.46,1.642,82.8,59.6,0
ASSET-F7DAB472,2026-09-05,63.12,1.184,73.8,65.5,0
ASSET-F7DAB472,2026-09-06,62.06,1.623,88.4,55.0,0
ASSET-F7DAB472,2026-09-07,71.38,1.379,77.9,33.8,0
ASSET-F7DAB472,2026-09-08,62.34,1.21,82.7,56.1,0
ASSET-F7DAB472,2026-09-09,62.22,1.647,83.2,62.8,0
ASSET-F7DAB472,2026-09-10,63.51,1.719,88.2,45.1,0
ASSET-F7DAB472,2026-09-11,65.65,0.946,82.8,50.5,0
ASSET-F7DAB472,2026-09-12,66.01,1.554,78.9,52.7,0
ASSET-F7DAB472,2026-09-13,67.93,0.921,79.8,52.5,0
ASSET-F7DAB472,2026-09-14,61.54,1.097,82.4,50.2,0
ASSET-F7DAB472,2026-09-15,57.96,1.129,79.4,40.0,0
ASSET-5DF40224,2026-03-20,64.23,1.352,75.9,46.2,0
ASSET-5DF40224,2026-03-21,65.24,1.232,84.0,53.4,0
ASSET-5DF40224,2026-03-22,63.41,1.46,76.9,53.5,0
ASSET-5DF40224,2026-03-23,69.69,1.246,88.9,42.4,0
ASSET-5DF40224,2026-03-24,65.34,1.245,85.1,28.6,0
ASSET-5DF40224,2026-03-25,68.06,1.57,75.3,53.7,0
ASSET-5DF40224,2026-03-26,64.6,1.393,86.1,67.9,0
ASSET-5DF40224,2026-03-27,62.04,1.521,68.6,47.4,0
ASSET-5DF40224,2026-03-28,66.46,1.497,82.8,54.9,0
ASSET-5DF40224,2026-03-29,62.23,1.717,89.2,50.1,0
ASSET-5DF40224,2026-03-30,63.48,1.631,84.3,48.6,0
ASSET-5DF40224,2026-03-31,64.84,1.754,78.5,46.9,0
ASSET-5DF40224,2026-04-01,71.92,0.98,77.1,66.7,0
ASSET-5DF40224,2026-04-02,64.81,1.466,83.3,69.1,0
ASSET-5DF40224,2026-04-03,65.3,1.678,78.6,68.0,0
ASSET-5DF40224,2026-04-04,66.2,1.425,92.7,48.4,0
ASSET-5DF40224,2026-04-05,64.66,1.437,80.7,39.4,0
ASSET-5DF40224,2026-04-06,64.97,1.697,88.4,61.7,0
ASSET-5DF40224,2026-04-07,64.78,1.274,76.5,37.9,0
ASSET-5DF40224,2026-04-08,69.15,1.645,78.9,35.8,0
ASSET-5DF40224,2026-04-09,63.19,1.222,85.0,50.9,0
ASSET-5DF40224,2026-04-10,66.37,1.755,81.1,36.6,0
ASSET-5DF40224,2026-04-11,66.44,1.325,82.1,62.1,0
ASSET-5DF40224,2026-04-12,59.28,1.611,82.6,48.0,0
ASSET-5DF40224,2026-04-13,68.65,1.457,83.4,32.7,0
ASSET-5DF40224,2026-04-14,61.88,1.5,84.1,34.8,0
ASSET-5DF40224,2026-04-15,62.02,1.468,80.5,40.0,0
ASSET-5DF40224,2026-04-16,66.41,1.341,71.1,39.0,0
ASSET-5DF40224,2026-04-17,61.3,1.34,82.6,61.0,0
ASSET-5DF40224,2026-04-18,65.75,1.238,84.7,65.8,0
ASSET-5DF40224,2026-04-19,68.2,1.449,80.4,51.8,0
ASSET-5DF40224,2026-04-20,61.23,1.29,72.9,66.4,0
ASSET-5DF40224,2026-04-21,65.94,1.491,83.9,29.6,0
ASSET-5DF40224,2026-04-22,67.75,1.496,78.9,47.4,0
ASSET-5DF40224,2026-04-23,59.82,1.557,82.9,53.7,0
ASSET-5DF40224,2026-04-24,68.24,1.726,68.6,47.7,0
ASSET-5DF40224,2026-04-25,64.72,1.353,78.9,53.1,0
ASSET-5DF40224,2026-04-26,66.95,1.628,80.0,37.8,0
ASSET-5DF40224,2026-04-27,60.53,1.244,80.5,54.6,0
ASSET-5DF40224,2026-04-28,67.5,1.299,88.9,63.9,0
ASSET-5DF40224,2026-04-29,61.32,1.798,81.1,47.7,0
ASSET-5DF40224,2026-04-30,65.88,1.611,79.9,51.7,0
ASSET-5DF40224,2026-05-01,63.37,1.682,86.2,50.0,0
ASSET-5DF40224,2026-05-02,56.64,1.029,75.3,42.5,0
ASSET-5DF40224,2026-05-03,67.65,1.797,76.1,49.3,0
ASSET-5DF40224,2026-05-04,63.5,1.662,84.4,36.8,0
ASSET-5DF40224,2026-05-05,65.65,1.429,84.9,35.7,0
ASSET-5DF40224,2026-05-06,66.15,1.325,76.9,50.3,0
ASSET-5DF40224,2026-05-07,61.34,1.579,73.2,47.5,0
ASSET-5DF40224,2026-05-08,67.39,1.578,76.2,56.1,0
ASSET-5DF40224,2026-05-09,65.32,1.448,85.3,62.7,0
ASSET-5DF40224,2026-05-10,69.67,1.47,79.9,37.9,0
ASSET-5DF40224,2026-05-11,64.53,1.629,86.6,48.9,0
ASSET-5DF40224,2026-05-12,66.08,1.57,84.3,41.3,0
ASSET-5DF40224,2026-05-13,65.28,1.573,80.3,57.4,0
ASSET-5DF40224,2026-05-14,63.48,1.573,75.2,49.7,0
ASSET-5DF40224,2026-05-15,65.54,1.496,80.7,62.4,0
ASSET-5DF40224,2026-05-16,65.47,1.759,79.2,43.7,0
ASSET-5DF40224,2026-05-17,70.34,1.925,68.4,58.5,0
ASSET-5DF40224,2026-05-18,64.6,1.518,80.2,59.3,0
ASSET-5DF40224,2026-05-19,58.98,1.467,80.4,45.1,0
ASSET-5DF40224,2026-05-20,64.54,1.547,78.4,62.4,0
ASSET-5DF40224,2026-05-21,62.6,1.306,81.9,50.8,0
ASSET-5DF40224,2026-05-22,61.83,1.738,78.0,62.4,0
ASSET-5DF40224,2026-05-23,66.99,1.152,83.5,37.3,0
ASSET-5DF40224,2026-05-24,63.89,1.47,82.3,63.0,0
ASSET-5DF40224,2026-05-25,69.11,1.587,86.7,57.1,0
ASSET-5DF40224,2026-05-26,66.3,1.394,81.3,65.0,0
ASSET-5DF40224,2026-05-27,68.98,1.354,81.5,44.3,0
ASSET-5DF40224,2026-05-28,69.13,1.542,81.3,57.9,0
ASSET-5DF40224,2026-05-29,64.52,1.708,79.1,64.4,0
ASSET-5DF40224,2026-05-30,64.25,1.686,84.8,46.6,0
ASSET-5DF40224,2026-05-31,64.92,1.397,85.3,59.6,0
ASSET-5DF40224,2026-06-01,64.42,1.294,77.6,64.6,0
ASSET-5DF40224,2026-06-02,62.07,1.76,74.4,44.6,0
ASSET-5DF40224,2026-06-03,65.47,1.425,78.5,36.4,0
ASSET-5DF40224,2026-06-04,64.63,1.644,64.7,66.6,0
ASSET-5DF40224,2026-06-05,69.69,1.348,70.3,47.3,0
ASSET-5DF40224,2026-06-06,60.48,1.459,82.3,67.7,0
ASSET-5DF40224,2026-06-07,62.96,1.705,79.0,52.6,0
ASSET-5DF40224,2026-06-08,66.81,1.488,80.3,46.6,0
ASSET-5DF40224,2026-06-09,65.86,1.635,71.9,47.1,0
ASSET-5DF40224,2026-06-10,65.79,1.669,77.6,29.7,0
ASSET-5DF40224,2026-06-11,62.74,1.784,71.8,53.8,0
ASSET-5DF40224,2026-06-12,62.64,1.792,81.3,73.5,0
ASSET-5DF40224,2026-06-13,69.67,1.259,73.4,46.2,0
ASSET-5DF40224,2026-06-14,71.53,1.385,81.6,46.3,0
ASSET-5DF40224,2026-06-15,68.44,1.738,69.0,57.8,0
ASSET-5DF40224,2026-06-16,65.48,1.409,77.3,45.8,0
ASSET-5DF40224,2026-06-17,63.68,1.348,79.9,46.8,0
ASSET-5DF40224,2026-06-18,66.52,1.526,70.9,57.4,0
ASSET-5DF40224,2026-06-19,66.01,1.475,80.8,51.5,0
ASSET-5DF40224,2026-06-20,72.75,1.627,75.6,30.8,0
ASSET-5DF40224,2026-06-21,69.61,1.438,69.6,39.0,0
ASSET-5DF40224,2026-06-22,65.27,1.362,79.8,29.9,0
ASSET-5DF40224,2026-06-23,70.56,1.544,76.4,47.0,0
ASSET-5DF40224,2026-06-24,66.76,1.58,77.0,19.9,0
ASSET-5DF40224,2026-06-25,65.54,1.541,78.7,52.7,0
ASSET-5DF40224,2026-06-26,64.43,1.293,78.1,62.4,0
ASSET-5DF40224,2026-06-27,68.91,1.327,76.4,65.2,0
ASSET-5DF40224,2026-06-28,66.46,1.224,75.9,50.0,0
ASSET-5DF40224,2026-06-29,62.32,1.525,81.5,62.9,0
ASSET-5DF40224,2026-06-30,68.0,1.437,77.4,57.9,0
ASSET-5DF40224,2026-07-01,63.0,1.676,78.8,49.7,0
ASSET-5DF40224,2026-07-02,62.09,1.224,84.7,46.6,0
ASSET-5DF40224,2026-07-03,62.83,1.459,78.1,50.8,0
ASSET-5DF40224,2026-07-04,63.93,1.853,83.9,41.0,0
ASSET-5DF40224,2026-07-05,65.93,1.49,77.4,46.5,0
ASSET-5DF40224,2026-07-06,69.08,1.309,85.9,43.4,0
ASSET-5DF40224,2026-07-07,61.52,1.629,82.6,42.3,0
ASSET-5DF40224,2026-07-08,70.24,1.562,76.4,42.8,0
ASSET-5DF40224,2026-07-09,63.59,1.24,76.5,41.1,0
ASSET-5DF40224,2026-07-10,58.78,1.209,81.9,41.5,0
ASSET-5DF40224,2026-07-11,70.17,1.466,74.9,39.8,0
ASSET-5DF40224,2026-07-12,65.16,1.234,79.7,35.8,0
ASSET-5DF40224,2026-07-13,68.4,1.627,80.4,67.3,0
ASSET-5DF40224,2026-07-14,61.38,1.58,89.3,56.9,0
ASSET-5DF40224,2026-07-15,65.84,1.622,81.9,48.2,0
ASSET-5DF40224,2026-07-16,66.37,1.64,76.7,44.8,0
ASSET-5DF40224,2026-07-17,66.15,1.751,96.1,59.8,0
ASSET-5DF40224,2026-07-18,66.02,1.461,76.9,45.0,0
ASSET-5DF40224,2026-07-19,62.97,1.761,81.4,53.6,0
ASSET-5DF40224,2026-07-20,62.07,1.619,80.8,66.3,0
ASSET-5DF40224,2026-07-21,62.33,1.2,69.5,51.3,0
ASSET-5DF40224,2026-07-22,66.53,1.63,79.4,59.4,0
ASSET-5DF40224,2026-07-23,61.6,1.424,86.3,55.1,0
ASSET-5DF40224,2026-07-24,61.04,1.382,82.3,46.4,0
ASSET-5DF40224,2026-07-25,70.66,1.54,74.4,52.5,0
ASSET-5DF40224,2026-07-26,67.72,1.337,81.0,62.5,0
ASSET-5DF40224,2026-07-27,61.45,1.452,79.4,37.9,0
ASSET-5DF40224,2026-07-28,66.1,1.647,94.3,52.5,0
ASSET-5DF40224,2026-07-29,64.92,1.481,74.5,54.4,0
ASSET-5DF40224,2026-07-30,67.75,1.42,64.4,35.2,0
ASSET-5DF40224,2026-07-31,66.4,1.645,78.9,46.3,0
ASSET-5DF40224,2026-08-01,59.32,1.806,85.4,52.9,0
ASSET-5DF40224,2026-08-02,62.52,1.581,83.3,55.1,0
ASSET-5DF40224,2026-08-03,63.55,1.405,75.6,61.3,0
ASSET-5DF40224,2026-08-04,63.3,1.428,79.1,53.0,0
ASSET-5DF40224,2026-08-05,67.0,1.294,79.6,47.7,0
ASSET-5DF40224,2026-08-06,67.88,1.605,85.1,49.4,0
ASSET-5DF40224,2026-08-07,69.67,1.495,82.3,58.7,0
ASSET-5DF40224,2026-08-08,65.99,1.307,86.3,53.8,0
ASSET-5DF40224,2026-08-09,71.9,1.395,82.2,46.3,0
ASSET-5DF40224,2026-08-10,67.27,1.735,78.1,42.5,0
ASSET-5DF40224,2026-08-11,65.61,1.489,73.5,77.8,0
ASSET-5DF40224,2026-08-12,64.89,1.891,74.0,44.8,0
ASSET-5DF40224,2026-08-13,63.99,1.432,81.7,54.9,0
ASSET-5DF40224,2026-08-14,70.38,1.685,76.0,40.4,0
ASSET-5DF40224,2026-08-15,64.97,1.65,87.6,50.1,0
ASSET-5DF40224,2026-08-16,62.51,1.289,68.0,33.7,0
ASSET-5DF40224,2026-08-17,60.75,1.61,80.4,49.9,0
ASSET-5DF40224,2026-08-18,72.37,1.338,88.6,58.4,0
ASSET-5DF40224,2026-08-19,64.37,1.635,71.9,58.6,0
ASSET-5DF40224,2026-08-20,63.12,1.448,77.9,58.0,0
ASSET-5DF40224,2026-08-21,61.81,1.468,90.5,49.5,0
ASSET-5DF40224,2026-08-22,66.34,1.26,73.5,24.8,0
ASSET-5DF40224,2026-08-23,70.75,1.483,89.3,63.2,0
ASSET-5DF40224,2026-08-24,67.08,1.693,85.9,48.6,0
ASSET-5DF40224,2026-08-25,72.8,1.325,77.6,46.0,0
ASSET-5DF40224,2026-08-26,64.48,1.561,86.3,66.2,0
ASSET-5DF40224,2026-08-27,66.21,1.417,87.5,58.5,0
ASSET-5DF40224,2026-08-28,62.05,1.447,82.5,55.5,0
ASSET-5DF40224,2026-08-29,63.87,1.252,81.0,54.5,0
ASSET-5DF40224,2026-08-30,66.38,1.295,71.5,52.6,0
ASSET-5DF40224,2026-08-31,64.33,1.746,76.8,64.2,0
ASSET-5DF40224,2026-09-01,69.57,1.64,85.8,47.2,0
ASSET-5DF40224,2026-09-02,60.74,1.465,73.2,51.4,0
ASSET-5DF40224,2026-09-03,63.29,1.224,77.9,52.4,0
ASSET-5DF40224,2026-09-04,63.33,1.808,74.0,51.2,0
ASSET-5DF40224,2026-09-05,65.73,1.165,81.5,55.8,0
ASSET-5DF40224,2026-09-06,60.82,1.757,81.8,60.5,0
ASSET-5DF40224,2026-09-07,67.09,1.416,78.6,66.1,0
ASSET-5DF40224,2026-09-08,57.61,1.062,90.2,47.4,0
ASSET-5DF40224,2026-09-09,63.21,1.42,80.9,55.2,0
ASSET-5DF40224,2026-09-10,69.26,1.852,78.0,57.4,0
ASSET-5DF40224,2026-09-11,67.54,1.402,86.5,45.2,0
ASSET-5DF40224,2026-09-12,60.01,1.641,83.9,51.2,0
ASSET-5DF40224,2026-09-13,62.68,1.131,87.6,62.0,0
ASSET-5DF40224,2026-09-14,64.39,1.55,82.0,51.9,0
ASSET-5DF40224,2026-09-15,66.62,1.581,82.4,58.2,0
ASSET-D57F2A87,2026-03-20,66.77,1.52,73.1,51.7,0
ASSET-D57F2A87,2026-03-21,65.64,1.634,80.7,49.1,0
ASSET-D57F2A87,2026-03-22,65.25,1.106,77.6,47.4,0
ASSET-D57F2A87,2026-03-23,64.27,1.363,73.1,46.0,0
ASSET-D57F2A87,2026-03-24,61.91,1.634,73.3,48.3,0
ASSET-D57F2A87,2026-03-25,61.88,1.617,83.0,48.0,0
ASSET-D57F2A87,2026-03-26,72.87,1.614,88.6,48.8,0
ASSET-D57F2A87,2026-03-27,65.01,1.726,70.6,59.3,0
ASSET-D57F2A87,2026-03-28,67.94,1.945,77.8,42.8,0
ASSET-D57F2A87,2026-03-29,64.72,1.501,81.2,40.5,0
ASSET-D57F2A87,2026-03-30,62.19,1.808,84.5,35.6,0
ASSET-D57F2A87,2026-03-31,65.02,1.434,86.8,50.6,0
ASSET-D57F2A87,2026-04-01,63.32,1.758,75.5,63.5,0
ASSET-D57F2A87,2026-04-02,64.89,1.345,80.4,44.5,0
ASSET-D57F2A87,2026-04-03,64.4,1.677,85.2,62.5,0
ASSET-D57F2A87,2026-04-04,64.68,1.415,77.2,64.0,0
ASSET-D57F2A87,2026-04-05,61.12,1.413,81.0,54.3,0
ASSET-D57F2A87,2026-04-06,60.65,1.293,71.8,43.9,0
ASSET-D57F2A87,2026-04-07,56.78,1.531,85.4,44.4,0
ASSET-D57F2A87,2026-04-08,70.23,1.639,82.5,62.9,0
ASSET-D57F2A87,2026-04-09,64.64,1.908,79.3,59.3,0
ASSET-D57F2A87,2026-04-10,64.75,1.621,83.3,51.5,0
ASSET-D57F2A87,2026-04-11,66.9,1.417,83.3,56.8,0
ASSET-D57F2A87,2026-04-12,64.57,1.584,77.2,47.3,0
ASSET-D57F2A87,2026-04-13,65.12,1.687,80.6,60.1,0
ASSET-D57F2A87,2026-04-14,69.14,1.504,76.6,68.7,0
ASSET-D57F2A87,2026-04-15,62.37,2.036,84.6,53.4,0
ASSET-D57F2A87,2026-04-16,68.13,1.487,75.3,55.8,0
ASSET-D57F2A87,2026-04-17,65.36,1.721,80.8,49.7,0
ASSET-D57F2A87,2026-04-18,65.28,1.725,77.1,66.3,0
ASSET-D57F2A87,2026-04-19,64.12,1.319,85.2,42.0,0
ASSET-D57F2A87,2026-04-20,63.76,1.562,73.7,58.6,0
ASSET-D57F2A87,2026-04-21,65.85,1.482,77.7,53.0,0
ASSET-D57F2A87,2026-04-22,60.0,1.557,81.0,48.2,0
ASSET-D57F2A87,2026-04-23,67.71,1.471,89.0,42.8,0
ASSET-D57F2A87,2026-04-24,61.54,1.559,77.5,49.6,0
ASSET-D57F2A87,2026-04-25,64.52,1.775,84.4,49.9,0
ASSET-D57F2A87,2026-04-26,67.89,1.672,79.3,55.3,0
ASSET-D57F2A87,2026-04-27,72.7,1.509,78.4,48.1,0
ASSET-D57F2A87,2026-04-28,62.69,1.25,82.9,30.9,0
ASSET-D57F2A87,2026-04-29,64.91,2.01,81.9,58.7,0
ASSET-D57F2A87,2026-04-30,65.62,1.84,78.0,62.9,0
ASSET-D57F2A87,2026-05-01,61.6,1.945,87.4,47.2,0
ASSET-D57F2A87,2026-05-02,69.31,1.609,71.1,56.1,0
ASSET-D57F2A87,2026-05-03,62.6,1.419,84.9,50.0,0
ASSET-D57F2A87,2026-05-04,63.63,1.506,81.5,53.6,0
ASSET-D57F2A87,2026-05-05,65.69,1.737,81.5,58.1,0
ASSET-D57F2A87,2026-05-06,59.91,1.501,75.2,54.1,0
ASSET-D57F2A87,2026-05-07,66.95,1.657,78.8,57.1,0
ASSET-D57F2A87,2026-05-08,62.79,1.3,73.1,44.9,0
ASSET-D57F2A87,2026-05-09,66.93,1.389,78.0,55.6,0
ASSET-D57F2A87,2026-05-10,68.28,1.505,74.0,55.4,0
ASSET-D57F2A87,2026-05-11,66.31,1.61,82.1,46.9,0
ASSET-D57F2A87,2026-05-12,66.92,1.759,89.5,45.5,0
ASSET-D57F2A87,2026-05-13,61.64,1.216,78.7,53.2,0
ASSET-D57F2A87,2026-05-14,63.99,1.451,87.2,23.3,0
ASSET-D57F2A87,2026-05-15,70.06,1.741,75.4,42.4,0
ASSET-D57F2A87,2026-05-16,63.07,1.667,82.4,38.1,0
ASSET-D57F2A87,2026-05-17,62.65,1.48,89.7,43.9,0
ASSET-D57F2A87,2026-05-18,65.8,1.639,72.7,50.2,0
ASSET-D57F2A87,2026-05-19,69.32,1.524,76.7,47.0,0
ASSET-D57F2A87,2026-05-20,61.61,1.641,82.1,41.8,0
ASSET-D57F2A87,2026-05-21,67.08,1.726,88.0,44.6,0
ASSET-D57F2A87,2026-05-22,60.84,1.523,77.3,48.6,0
ASSET-D57F2A87,2026-05-23,67.38,1.542,88.3,60.4,0
ASSET-D57F2A87,2026-05-24,62.92,1.3,87.5,50.0,0
ASSET-D57F2A87,2026-05-25,64.9,1.567,79.1,61.4,0
ASSET-D57F2A87,2026-05-26,67.77,1.481,85.9,49.5,0
ASSET-D57F2A87,2026-05-27,68.53,1.479,76.4,56.7,0
ASSET-D57F2A87,2026-05-28,67.91,1.506,87.0,54.3,0
ASSET-D57F2A87,2026-05-29,63.79,1.881,82.2,59.8,0
ASSET-D57F2A87,2026-05-30,64.59,1.371,71.2,61.3,0
ASSET-D57F2A87,2026-05-31,59.06,1.745,77.6,52.8,0
ASSET-D57F2A87,2026-06-01,64.13,1.41,84.3,68.3,0
ASSET-D57F2A87,2026-06-02,62.67,1.958,88.3,45.3,0
ASSET-D57F2A87,2026-06-03,65.66,1.751,83.6,42.5,0
ASSET-D57F2A87,2026-06-04,65.94,1.327,77.1,40.4,0
ASSET-D57F2A87,2026-06-05,66.03,1.624,90.9,51.4,0
ASSET-D57F2A87,2026-06-06,60.63,1.66,77.7,46.9,0
ASSET-D57F2A87,2026-06-07,64.48,1.672,88.7,61.5,0
ASSET-D57F2A87,2026-06-08,63.83,1.545,73.8,43.6,0
ASSET-D57F2A87,2026-06-09,64.53,1.586,82.4,45.0,0
ASSET-D57F2A87,2026-06-10,70.11,1.445,75.0,64.1,0
ASSET-D57F2A87,2026-06-11,61.35,1.237,75.0,39.8,0
ASSET-D57F2A87,2026-06-12,66.21,1.453,85.0,46.4,0
ASSET-D57F2A87,2026-06-13,62.38,1.503,80.2,47.1,0
ASSET-D57F2A87,2026-06-14,67.27,1.72,86.5,63.6,0
ASSET-D57F2A87,2026-06-15,64.5,1.518,77.7,49.5,0
ASSET-D57F2A87,2026-06-16,62.11,1.879,88.2,56.8,0
ASSET-D57F2A87,2026-06-17,68.39,1.207,74.7,55.2,0
ASSET-D57F2A87,2026-06-18,64.36,1.135,78.2,51.8,0
ASSET-D57F2A87,2026-06-19,62.88,0.95,70.2,40.0,0
ASSET-D57F2A87,2026-06-20,59.21,1.336,81.7,48.4,0
ASSET-D57F2A87,2026-06-21,65.3,1.573,86.5,37.9,0
ASSET-D57F2A87,2026-06-22,60.04,1.58,75.7,40.1,0
ASSET-D57F2A87,2026-06-23,64.8,1.587,85.7,50.8,0
ASSET-D57F2A87,2026-06-24,67.94,1.761,78.8,33.7,0
ASSET-D57F2A87,2026-06-25,60.73,1.369,74.6,54.8,0
ASSET-D57F2A87,2026-06-26,72.09,1.744,77.5,33.1,0
ASSET-D57F2A87,2026-06-27,67.28,1.464,79.0,45.6,0
ASSET-D57F2A87,2026-06-28,64.7,1.456,80.5,46.4,0
ASSET-D57F2A87,2026-06-29,67.59,1.273,75.0,51.4,0
ASSET-D57F2A87,2026-06-30,61.55,1.732,85.4,47.0,0
ASSET-D57F2A87,2026-07-01,60.57,1.696,75.7,40.6,0
ASSET-D57F2A87,2026-07-02,65.04,1.468,82.5,44.0,0
ASSET-D57F2A87,2026-07-03,59.98,1.313,79.8,61.2,0
ASSET-D57F2A87,2026-07-04,64.4,1.444,76.6,54.4,0
ASSET-D57F2A87,2026-07-05,64.08,1.578,68.2,49.0,0
ASSET-D57F2A87,2026-07-06,63.19,1.464,76.8,44.7,0
ASSET-D57F2A87,2026-07-07,64.62,1.43,81.2,68.4,0
ASSET-D57F2A87,2026-07-08,66.87,1.379,83.3,47.6,0
ASSET-D57F2A87,2026-07-09,61.05,1.481,83.2,49.8,0
ASSET-D57F2A87,2026-07-10,65.83,1.659,84.2,59.9,0
ASSET-D57F2A87,2026-07-11,65.75,1.516,80.9,42.9,0
ASSET-D57F2A87,2026-07-12,60.45,1.418,83.3,44.4,0
ASSET-D57F2A87,2026-07-13,62.41,1.892,82.5,40.7,0
ASSET-D57F2A87,2026-07-14,66.08,1.22,90.8,58.2,0
ASSET-D57F2A87,2026-07-15,67.62,1.251,80.8,51.0,0
ASSET-D57F2A87,2026-07-16,62.27,1.542,76.9,34.6,0
ASSET-D57F2A87,2026-07-17,68.62,1.459,77.1,71.1,0
ASSET-D57F2A87,2026-07-18,64.41,1.362,71.0,53.7,0
ASSET-D57F2A87,2026-07-19,62.36,1.656,74.9,30.6,0
ASSET-D57F2A87,2026-07-20,59.58,2.037,89.3,59.6,0
ASSET-D57F2A87,2026-07-21,63.97,1.832,81.5,40.2,0
ASSET-D57F2A87,2026-07-22,66.64,1.291,71.4,48.7,0
ASSET-D57F2A87,2026-07-23,65.89,1.577,75.7,44.5,0
ASSET-D57F2A87,2026-07-24,65.64,1.599,82.9,58.8,0
ASSET-D57F2A87,2026-07-25,68.0,1.135,76.0,42.2,0
ASSET-D57F2A87,2026-07-26,63.28,1.528,73.3,45.7,0
ASSET-D57F2A87,2026-07-27,67.49,1.64,74.5,60.5,0
ASSET-D57F2A87,2026-07-28,64.26,1.662,77.1,28.1,0
ASSET-D57F2A87,2026-07-29,64.28,1.271,80.2,38.8,0
ASSET-D57F2A87,2026-07-30,63.61,1.934,72.9,39.7,0
ASSET-D57F2A87,2026-07-31,63.32,1.395,84.2,52.6,0
ASSET-D57F2A87,2026-08-01,68.4,1.522,85.3,40.6,0
ASSET-D57F2A87,2026-08-02,69.44,1.332,81.8,49.3,0
ASSET-D57F2A87,2026-08-03,63.22,1.27,82.4,47.2,0
ASSET-D57F2A87,2026-08-04,69.77,1.347,75.7,41.9,0
ASSET-D57F2A87,2026-08-05,65.01,1.42,82.8,42.5,0
ASSET-D57F2A87,2026-08-06,63.53,1.397,85.4,51.3,0
ASSET-D57F2A87,2026-08-07,60.71,1.478,81.8,54.0,0
ASSET-D57F2A87,2026-08-08,64.75,1.455,87.5,52.8,0
ASSET-D57F2A87,2026-08-09,64.28,1.547,77.3,54.3,0
ASSET-D57F2A87,2026-08-10,61.17,1.256,78.6,78.3,0
ASSET-D57F2A87,2026-08-11,65.98,1.588,76.1,61.5,0
ASSET-D57F2A87,2026-08-12,63.9,1.927,83.1,43.5,0
ASSET-D57F2A87,2026-08-13,63.02,1.568,85.6,49.3,0
ASSET-D57F2A87,2026-08-14,68.39,1.436,72.7,46.6,0
ASSET-D57F2A87,2026-08-15,60.8,1.466,72.9,32.3,0
ASSET-D57F2A87,2026-08-16,72.09,1.242,82.5,66.9,0
ASSET-D57F2A87,2026-08-17,65.47,1.258,81.8,39.3,0
ASSET-D57F2A87,2026-08-18,67.21,1.42,81.6,44.9,0
ASSET-D57F2A87,2026-08-19,69.69,1.327,80.6,63.1,0
ASSET-D57F2A87,2026-08-20,65.3,1.587,74.7,49.2,0
ASSET-D57F2A87,2026-08-21,61.2,1.427,73.5,48.5,0
ASSET-D57F2A87,2026-08-22,61.68,1.595,82.2,46.8,0
ASSET-D57F2A87,2026-08-23,61.41,1.546,83.8,65.6,0
ASSET-D57F2A87,2026-08-24,64.52,1.489,82.5,69.8,0
ASSET-D57F2A87,2026-08-25,61.56,1.378,78.2,49.5,0
ASSET-D57F2A87,2026-08-26,66.51,1.508,74.9,41.5,0
ASSET-D57F2A87,2026-08-27,64.09,1.412,78.3,40.4,0
ASSET-D57F2A87,2026-08-28,65.49,1.51,74.2,59.7,0
ASSET-D57F2A87,2026-08-29,61.29,1.172,77.3,39.9,0
ASSET-D57F2A87,2026-08-30,64.73,1.395,76.2,48.2,0
ASSET-D57F2A87,2026-08-31,67.47,1.445,79.6,49.2,0
ASSET-D57F2A87,2026-09-01,68.25,1.492,83.8,45.1,0
ASSET-D57F2A87,2026-09-02,66.52,1.982,85.9,68.1,0
ASSET-D57F2A87,2026-09-03,66.67,1.486,84.0,50.7,0
ASSET-D57F2A87,2026-09-04,65.03,1.501,74.8,67.8,0
ASSET-D57F2A87,2026-09-05,65.86,1.407,80.0,51.1,0
ASSET-D57F2A87,2026-09-06,65.08,1.77,82.8,48.2,0
ASSET-D57F2A87,2026-09-07,62.11,1.614,82.2,50.2,0
ASSET-D57F2A87,2026-09-08,60.09,1.556,83.4,38.7,0
ASSET-D57F2A87,2026-09-09,63.42,1.182,81.2,41.3,0
ASSET-D57F2A87,2026-09-10,67.49,1.671,79.3,55.9,0
ASSET-D57F2A87,2026-09-11,64.15,1.289,87.0,60.1,0
ASSET-D57F2A87,2026-09-12,67.26,1.265,82.0,53.0,0
ASSET-D57F2A87,2026-09-13,63.52,1.572,78.7,50.9,0
ASSET-D57F2A87,2026-09-14,65.67,1.096,70.7,52.6,0
ASSET-D57F2A87,2026-09-15,61.5,1.526,86.7,52.5,0
ASSET-28FBE952,2026-03-20,64.3,1.618,75.5,62.2,0
ASSET-28FBE952,2026-03-21,64.54,1.319,85.1,66.7,0
ASSET-28FBE952,2026-03-22,63.98,1.422,79.5,67.6,0
ASSET-28FBE952,2026-03-23,63.28,1.278,82.6,62.3,0
ASSET-28FBE952,2026-03-24,62.56,1.706,76.5,52.3,0
ASSET-28FBE952,2026-03-25,59.99,1.454,72.9,41.3,0
ASSET-28FBE952,2026-03-26,65.07,1.476,79.0,53.3,0
ASSET-28FBE952,2026-03-27,62.87,1.569,80.7,55.2,0
ASSET-28FBE952,2026-03-28,63.12,1.55,74.2,60.2,0
ASSET-28FBE952,2026-03-29,60.89,1.598,71.5,42.5,0
ASSET-28FBE952,2026-03-30,63.8,1.487,88.7,33.5,0
ASSET-28FBE952,2026-03-31,61.91,1.236,79.7,50.5,0
ASSET-28FBE952,2026-04-01,62.37,1.941,79.0,39.8,0
ASSET-28FBE952,2026-04-02,64.82,1.467,80.9,57.4,0
ASSET-28FBE952,2026-04-03,68.17,1.555,76.6,53.4,0
ASSET-28FBE952,2026-04-04,61.81,1.659,70.7,38.3,0
ASSET-28FBE952,2026-04-05,63.89,1.672,74.5,51.2,0
ASSET-28FBE952,2026-04-06,67.58,1.805,80.6,59.8,0
ASSET-28FBE952,2026-04-07,62.38,1.578,79.8,31.0,0
ASSET-28FBE952,2026-04-08,63.0,1.577,80.5,48.7,0
ASSET-28FBE952,2026-04-09,67.69,1.684,81.7,59.8,0
ASSET-28FBE952,2026-04-10,70.57,1.282,76.1,65.4,0
ASSET-28FBE952,2026-04-11,64.96,1.714,76.5,54.1,0
ASSET-28FBE952,2026-04-12,64.1,1.593,78.4,59.9,0
ASSET-28FBE952,2026-04-13,60.46,1.55,75.6,44.8,0
ASSET-28FBE952,2026-04-14,61.96,1.52,73.9,46.4,0
ASSET-28FBE952,2026-04-15,65.29,1.299,79.2,63.4,0
ASSET-28FBE952,2026-04-16,69.01,1.243,81.8,54.7,0
ASSET-28FBE952,2026-04-17,69.14,1.298,85.1,42.6,0
ASSET-28FBE952,2026-04-18,65.38,1.397,76.8,59.6,0
ASSET-28FBE952,2026-04-19,60.15,1.562,81.2,60.1,0
ASSET-28FBE952,2026-04-20,65.0,1.518,78.4,59.0,0
ASSET-28FBE952,2026-04-21,59.74,1.504,73.1,53.9,0
ASSET-28FBE952,2026-04-22,64.22,1.384,77.5,59.4,0
ASSET-28FBE952,2026-04-23,66.58,1.386,79.2,39.0,0
ASSET-28FBE952,2026-04-24,65.84,1.712,79.2,39.3,0
ASSET-28FBE952,2026-04-25,70.67,1.481,86.0,55.7,0
ASSET-28FBE952,2026-04-26,64.95,1.272,83.7,52.1,0
ASSET-28FBE952,2026-04-27,62.7,1.77,73.2,50.0,0
ASSET-28FBE952,2026-04-28,66.1,1.532,83.0,49.1,0
ASSET-28FBE952,2026-04-29,66.89,1.399,73.7,59.8,0
ASSET-28FBE952,2026-04-30,61.13,1.523,75.1,46.4,0
ASSET-28FBE952,2026-05-01,73.26,1.903,89.5,34.6,0
ASSET-28FBE952,2026-05-02,64.52,1.081,74.8,53.5,0
ASSET-28FBE952,2026-05-03,64.43,1.556,78.1,49.8,0
ASSET-28FBE952,2026-05-04,63.61,0.921,78.7,59.6,0
ASSET-28FBE952,2026-05-05,60.33,1.255,86.0,51.2,0
ASSET-28FBE952,2026-05-06,64.77,1.096,73.6,44.4,0
ASSET-28FBE952,2026-05-07,67.18,1.172,79.9,40.1,0
ASSET-28FBE952,2026-05-08,64.78,1.415,75.6,51.0,0
ASSET-28FBE952,2026-05-09,62.8,1.582,79.5,48.0,0
ASSET-28FBE952,2026-05-10,61.95,1.19,77.9,72.1,0
ASSET-28FBE952,2026-05-11,59.82,1.511,75.7,55.3,0
ASSET-28FBE952,2026-05-12,63.03,1.317,72.5,46.2,0
ASSET-28FBE952,2026-05-13,65.03,1.276,79.8,37.3,0
ASSET-28FBE952,2026-05-14,66.45,1.573,82.7,49.5,0
ASSET-28FBE952,2026-05-15,65.45,1.331,75.6,59.2,0
ASSET-28FBE952,2026-05-16,60.9,1.162,76.5,52.1,0
ASSET-28FBE952,2026-05-17,63.98,1.139,85.7,38.4,0
ASSET-28FBE952,2026-05-18,62.51,1.976,79.6,47.3,0
ASSET-28FBE952,2026-05-19,62.58,1.258,69.2,55.4,0
ASSET-28FBE952,2026-05-20,66.8,1.372,78.4,44.3,0
ASSET-28FBE952,2026-05-21,59.17,1.714,77.6,60.1,0
ASSET-28FBE952,2026-05-22,65.42,1.435,75.7,46.5,0
ASSET-28FBE952,2026-05-23,60.09,1.399,81.5,40.0,0
ASSET-28FBE952,2026-05-24,68.94,1.781,77.8,40.0,0
ASSET-28FBE952,2026-05-25,64.04,1.291,86.0,38.5,0
ASSET-28FBE952,2026-05-26,69.31,1.397,77.0,63.8,0
ASSET-28FBE952,2026-05-27,62.55,1.847,83.8,48.6,0
ASSET-28FBE952,2026-05-28,61.28,1.286,81.6,31.1,0
ASSET-28FBE952,2026-05-29,60.2,1.576,74.2,58.3,0
ASSET-28FBE952,2026-05-30,68.01,1.796,83.0,55.9,0
ASSET-28FBE952,2026-05-31,61.65,1.433,79.1,75.5,0
ASSET-28FBE952,2026-06-01,68.92,1.408,85.2,52.6,0
ASSET-28FBE952,2026-06-02,70.07,1.441,83.1,32.7,0
ASSET-28FBE952,2026-06-03,63.84,1.504,78.2,45.1,0
ASSET-28FBE952,2026-06-04,64.57,1.703,83.0,49.2,0
ASSET-28FBE952,2026-06-05,63.88,1.444,80.7,46.0,0
ASSET-28FBE952,2026-06-06,59.36,1.184,86.2,61.0,0
ASSET-28FBE952,2026-06-07,64.36,1.388,79.3,56.2,0
ASSET-28FBE952,2026-06-08,63.56,1.588,76.5,71.7,0
ASSET-28FBE952,2026-06-09,64.21,1.6,77.7,42.7,0
ASSET-28FBE952,2026-06-10,61.41,1.456,79.8,45.1,0
ASSET-28FBE952,2026-06-11,64.18,1.482,77.3,38.9,0
ASSET-28FBE952,2026-06-12,65.47,1.46,79.3,57.1,0
ASSET-28FBE952,2026-06-13,68.75,1.598,76.8,55.6,0
ASSET-28FBE952,2026-06-14,64.55,1.339,81.0,33.6,0
ASSET-28FBE952,2026-06-15,64.66,1.396,80.8,27.4,0
ASSET-28FBE952,2026-06-16,64.84,1.439,85.0,46.6,0
ASSET-28FBE952,2026-06-17,71.19,1.536,78.1,63.4,0
ASSET-28FBE952,2026-06-18,66.07,1.338,79.2,57.9,0
ASSET-28FBE952,2026-06-19,64.52,1.628,77.9,34.8,0
ASSET-28FBE952,2026-06-20,69.49,1.55,83.4,35.8,0
ASSET-28FBE952,2026-06-21,66.14,1.32,76.3,48.7,0
ASSET-28FBE952,2026-06-22,58.15,1.447,85.3,62.9,0
ASSET-28FBE952,2026-06-23,57.78,1.313,73.7,43.9,0
ASSET-28FBE952,2026-06-24,58.97,1.642,75.3,46.3,0
ASSET-28FBE952,2026-06-25,61.76,1.641,78.1,65.5,0
ASSET-28FBE952,2026-06-26,63.38,1.153,83.6,66.8,0
ASSET-28FBE952,2026-06-27,63.25,1.608,77.4,50.3,0
ASSET-28FBE952,2026-06-28,67.25,1.242,83.1,67.5,0
ASSET-28FBE952,2026-06-29,66.79,1.563,85.7,43.9,0
ASSET-28FBE952,2026-06-30,63.84,1.308,81.4,40.4,0
ASSET-28FBE952,2026-07-01,64.74,1.393,79.8,58.1,0
ASSET-28FBE952,2026-07-02,64.49,1.574,78.1,38.4,0
ASSET-28FBE952,2026-07-03,65.64,1.5,80.2,44.6,0
ASSET-28FBE952,2026-07-04,65.12,1.463,84.9,48.2,0
ASSET-28FBE952,2026-07-05,67.05,1.549,79.1,40.6,0
ASSET-28FBE952,2026-07-06,60.48,1.753,76.4,39.0,0
ASSET-28FBE952,2026-07-07,63.79,1.529,81.1,17.4,0
ASSET-28FBE952,2026-07-08,65.75,1.454,80.6,57.9,0
ASSET-28FBE952,2026-07-09,66.32,1.257,84.0,51.5,0
ASSET-28FBE952,2026-07-10,67.0,1.256,94.3,34.3,0
ASSET-28FBE952,2026-07-11,66.76,1.512,75.9,55.9,0
ASSET-28FBE952,2026-07-12,62.13,1.374,80.3,77.5,0
ASSET-28FBE952,2026-07-13,64.54,1.661,81.6,37.0,0
ASSET-28FBE952,2026-07-14,61.82,1.752,74.1,52.7,0
ASSET-28FBE952,2026-07-15,62.26,1.625,95.6,41.4,0
ASSET-28FBE952,2026-07-16,69.34,1.425,78.7,64.6,0
ASSET-28FBE952,2026-07-17,68.1,1.791,81.3,63.0,0
ASSET-28FBE952,2026-07-18,69.12,1.685,68.3,32.7,0
ASSET-28FBE952,2026-07-19,68.53,1.612,83.4,44.7,0
ASSET-28FBE952,2026-07-20,67.88,1.694,75.3,45.9,0
ASSET-28FBE952,2026-07-21,66.92,1.627,75.0,59.9,0
ASSET-28FBE952,2026-07-22,61.61,1.626,80.3,47.0,0
ASSET-28FBE952,2026-07-23,62.47,1.397,88.3,54.0,0
ASSET-28FBE952,2026-07-24,61.09,1.637,78.9,41.6,0
ASSET-28FBE952,2026-07-25,66.83,1.594,88.1,54.5,0
ASSET-28FBE952,2026-07-26,61.75,1.967,71.3,42.6,0
ASSET-28FBE952,2026-07-27,63.0,1.495,79.2,42.9,0
ASSET-28FBE952,2026-07-28,66.68,1.705,74.9,48.3,0
ASSET-28FBE952,2026-07-29,64.02,1.511,78.9,46.9,0
ASSET-28FBE952,2026-07-30,67.43,1.625,89.9,57.4,0
ASSET-28FBE952,2026-07-31,67.19,1.898,80.4,43.5,0
ASSET-28FBE952,2026-08-01,62.3,1.457,84.5,49.4,0
ASSET-28FBE952,2026-08-02,62.41,1.77,84.0,37.0,0
ASSET-28FBE952,2026-08-03,70.92,1.521,80.6,38.2,0
ASSET-28FBE952,2026-08-04,63.48,1.345,79.6,35.0,0
ASSET-28FBE952,2026-08-05,63.02,1.726,83.9,55.1,0
ASSET-28FBE952,2026-08-06,65.78,1.634,88.6,51.7,0
ASSET-28FBE952,2026-08-07,66.15,1.486,75.6,50.1,0
ASSET-28FBE952,2026-08-08,66.71,1.665,82.7,48.5,0
ASSET-28FBE952,2026-08-09,61.22,1.315,81.9,39.4,0
ASSET-28FBE952,2026-08-10,65.56,1.444,79.1,52.2,0
ASSET-28FBE952,2026-08-11,66.19,1.467,78.7,36.3,0
ASSET-28FBE952,2026-08-12,61.75,1.289,71.1,50.5,0
ASSET-28FBE952,2026-08-13,62.74,1.494,83.7,49.0,0
ASSET-28FBE952,2026-08-14,66.07,1.725,73.7,56.4,0
ASSET-28FBE952,2026-08-15,67.36,1.663,79.6,46.9,0
ASSET-28FBE952,2026-08-16,60.68,1.784,79.5,42.2,0
ASSET-28FBE952,2026-08-17,62.3,1.495,89.5,48.0,0
ASSET-28FBE952,2026-08-18,70.06,1.227,83.7,57.5,0
ASSET-28FBE952,2026-08-19,67.07,1.518,82.9,50.0,0
ASSET-28FBE952,2026-08-20,66.66,1.791,81.5,51.7,0
ASSET-28FBE952,2026-08-21,61.38,1.274,86.4,47.5,0
ASSET-28FBE952,2026-08-22,61.0,1.3,83.9,60.0,0
ASSET-28FBE952,2026-08-23,69.32,1.523,85.7,80.1,0
ASSET-28FBE952,2026-08-24,60.02,1.228,85.2,47.4,0
ASSET-28FBE952,2026-08-25,64.17,1.715,81.1,55.4,0
ASSET-28FBE952,2026-08-26,66.22,1.372,79.2,41.7,0
ASSET-28FBE952,2026-08-27,63.5,1.664,79.4,26.9,0
ASSET-28FBE952,2026-08-28,64.03,1.269,79.0,44.9,0
ASSET-28FBE952,2026-08-29,62.6,1.542,80.4,33.7,0
ASSET-28FBE952,2026-08-30,66.46,1.672,73.9,48.9,0
ASSET-28FBE952,2026-08-31,63.8,1.376,85.5,42.7,0
ASSET-28FBE952,2026-09-01,60.05,1.459,86.5,44.4,0
ASSET-28FBE952,2026-09-02,64.95,1.283,78.1,38.7,0
ASSET-28FBE952,2026-09-03,65.11,1.797,81.1,53.9,0
ASSET-28FBE952,2026-09-04,72.23,1.2,80.8,50.7,0
ASSET-28FBE952,2026-09-05,64.03,1.479,80.8,41.2,0
ASSET-28FBE952,2026-09-06,67.8,1.617,82.1,52.8,0
ASSET-28FBE952,2026-09-07,62.82,1.738,82.3,59.9,0
ASSET-28FBE952,2026-09-08,65.21,1.958,68.4,54.0,0
ASSET-28FBE952,2026-09-09,60.84,1.356,75.9,53.3,0
ASSET-28FBE952,2026-09-10,65.06,1.764,71.2,54.6,0
ASSET-28FBE952,2026-09-11,66.56,1.576,79.6,52.3,0
ASSET-28FBE952,2026-09-12,61.31,1.408,84.6,51.2,0
ASSET-28FBE952,2026-09-13,67.82,1.52,76.6,45.1,0
ASSET-28FBE952,2026-09-14,64.07,1.496,79.3,54.9,0
ASSET-28FBE952,2026-09-15,64.59,1.536,77.9,49.9,0
